season,player_id,player,team,position,games,minutes,goals,assists
2016,1,David Ospina,Arsenal,GK,2,143,0,0
2016,2,Petr Cech,Arsenal,GK,35,3097,0,0
2016,3,Laurent Koscielny,Arsenal,DEF,33,2821,2,1
2016,4,Per Mertesacker,Arsenal,DEF,1,38,0,0
2016,5,Gabriel Armando de Abreu,Arsenal,DEF,19,1517,0,0
2016,6,Héctor Bellerín,Arsenal,DEF,33,2503,1,5
2016,7,Kieran Gibbs,Arsenal,DEF,11,702,0,1
2016,8,Mathieu Debuchy,Arsenal,DEF,1,15,0,0
2016,9,Carl Jenkinson,Arsenal,DEF,1,82,0,0
2016,10,Nacho Monreal,Arsenal,DEF,36,3153,0,3
2016,11,Calum Chambers,Arsenal,DEF,1,90,1,0
2016,11,Calum Chambers,Middlesbrough,DEF,24,2160,1,1
2016,12,Alexis Sánchez,Arsenal,MID,38,3217,24,11
2016,13,Theo Walcott,Arsenal,MID,28,1916,10,3
2016,14,Mesut Özil,Arsenal,MID,33,2841,8,11
2016,15,Santiago Cazorla,Arsenal,MID,8,618,2,2
2016,16,Aaron Ramsey,Arsenal,MID,23,1236,1,4
2016,17,Jack Wilshere,Arsenal,MID,2,39,0,0
2016,17,Jack Wilshere,Bournemouth,MID,27,1911,0,3
2016,18,Alex Oxlade-Chamberlain,Arsenal,MID,29,1564,2,7
2016,20,Francis Coquelin,Arsenal,MID,29,1779,0,1
2016,21,Alex Iwobi,Arsenal,MID,26,1456,3,5
2016,22,Mohamed Elneny,Arsenal,MID,14,694,0,1
2016,24,Granit Xhaka,Arsenal,MID,32,2483,2,3
2016,25,Olivier Giroud,Arsenal,FWD,29,1206,12,5
2016,26,Danny Welbeck,Arsenal,FWD,16,748,2,2
2016,29,Artur Boruc,Bournemouth,GK,35,3150,0,0
2016,30,Adam Federici,Bournemouth,GK,2,180,0,0
2016,31,Simon Francis,Bournemouth,DEF,34,2938,0,1
2016,32,Steve Cook,Bournemouth,DEF,38,3420,2,0
2016,33,Charlie Daniels,Bournemouth,DEF,34,3060,4,3
2016,34,Adam Smith,Bournemouth,DEF,36,3101,1,5
2016,35,Tyrone Mings,Bournemouth,DEF,7,506,0,0
2016,36,Nathan Aké,Bournemouth,DEF,10,735,3,0
2016,36,Nathan Aké,Chelsea,DEF,2,99,0,1
2016,37,Harry Arter,Bournemouth,MID,35,2956,1,4
2016,38,Marc Pugh,Bournemouth,MID,21,1329,2,3
2016,39,Andrew Surman,Bournemouth,MID,22,1800,0,1
2016,42,Junior Stanislas,Bournemouth,MID,21,1467,7,6
2016,43,Dan Gosling,Bournemouth,MID,27,1366,2,0
2016,44,Max Gradel,Bournemouth,MID,11,134,0,0
2016,46,Jordon Ibe,Bournemouth,MID,25,1055,0,0
2016,47,Lewis Cook,Bournemouth,MID,6,432,0,2
2016,48,Joshua King,Bournemouth,MID,36,2714,16,3
2016,49,Callum Wilson,Bournemouth,FWD,20,1361,6,1
2016,51,Lewis Grabban,Bournemouth,FWD,3,60,0,1
2016,52,Benik Afobe,Bournemouth,FWD,31,1458,6,5
2016,53,Lys Mousset,Bournemouth,FWD,11,270,0,1
2016,54,Tom Heaton,Burnley,GK,35,3150,0,0
2016,55,Matthew Lowton,Burnley,DEF,36,3240,0,2
2016,56,Ben Mee,Burnley,DEF,34,3015,1,2
2016,57,Stephen Ward,Burnley,DEF,37,3230,1,1
2016,58,Michael Keane,Burnley,DEF,35,3150,2,1
2016,59,James Tarkowski,Burnley,DEF,19,568,0,0
2016,61,David Jones,Burnley,MID,1,86,0,0
2016,62,George Boyd,Burnley,MID,36,2837,2,2
2016,63,Scott Arfield,Burnley,MID,31,2103,1,2
2016,64,Dean Marney,Burnley,MID,21,1764,1,2
2016,66,Michael Kightly,Burnley,MID,5,104,0,0
2016,67,Sam Vokes,Burnley,FWD,37,2064,10,4
2016,68,Andre Gray,Burnley,FWD,32,2260,9,3
2016,69,Lukas Jutkiewicz,Burnley,FWD,2,13,0,0
2016,70,Ashley Barnes,Burnley,FWD,28,1774,6,3
2016,73,Thibaut Courtois,Chelsea,GK,36,3240,0,0
2016,74,Asmir Begovic,Chelsea,GK,2,180,0,0
2016,75,John Terry,Chelsea,DEF,9,496,1,0
2016,76,Branislav Ivanovic,Chelsea,DEF,13,589,0,1
2016,77,César Azpilicueta,Chelsea,DEF,38,3420,1,5
2016,78,Gary Cahill,Chelsea,DEF,37,3296,6,0
2016,79,Kurt Zouma,Chelsea,DEF,9,250,0,1
2016,82,Eden Hazard,Chelsea,MID,36,2985,16,9
2016,83,Cesc Fàbregas,Chelsea,MID,29,1340,5,15
2016,84,Oscar dos Santos Emboaba Junior,Chelsea,MID,9,455,0,1
2016,86,Willian Borges Da Silva,Chelsea,MID,34,1534,8,3
2016,87,Nemanja Matic,Chelsea,MID,35,2694,1,8
2016,88,Ruben Loftus-Cheek,Chelsea,MID,6,35,0,0
2016,90,Pedro Rodríguez Ledesma,Chelsea,MID,35,2140,9,10
2016,92,Victor Moses,Chelsea,MID,34,2485,3,3
2016,94,Robert Kenedy Nunes do Nascimento,Chelsea,MID,1,74,0,0
2016,94,Robert Kenedy Nunes do Nascimento,Watford,MID,1,16,0,0
2016,95,N'Golo Kanté,Chelsea,MID,35,3138,1,1
2016,96,Michy Batshuayi,Chelsea,FWD,20,254,5,1
2016,97,Diego Da Silva Costa,Chelsea,FWD,35,3083,20,11
2016,98,Loïc Remy,Crystal Palace,FWD,5,134,0,0
2016,100,Wayne Hennessey,Crystal Palace,GK,29,2610,0,0
2016,102,Steve Mandanda,Crystal Palace,GK,9,810,0,0
2016,103,James Tomkins,Crystal Palace,DEF,24,1974,3,0
2016,104,Scott Dann,Crystal Palace,DEF,23,1752,3,1
2016,105,Joel Ward,Crystal Palace,DEF,38,3417,0,1
2016,106,Martin Kelly,Crystal Palace,DEF,29,2124,0,2
2016,107,Damien Delaney,Crystal Palace,DEF,30,2014,0,2
2016,108,Pape Souaré,Crystal Palace,DEF,3,270,0,0
2016,109,Yannick Bolasie,Crystal Palace,MID,1,25,0,0
2016,109,Yannick Bolasie,Everton,MID,13,1023,1,4
2016,110,Jason Puncheon,Crystal Palace,MID,36,3093,0,6
2016,111,Wilfried Zaha,Crystal Palace,MID,35,3019,7,11
2016,112,Mile Jedinak,Crystal Palace,MID,1,90,0,0
2016,113,Joe Ledley,Crystal Palace,MID,18,1160,1,1
2016,114,James McArthur,Crystal Palace,MID,29,1999,5,3
2016,115,Jordon Mutch,Crystal Palace,MID,4,53,0,0
2016,117,Chung-yong Lee,Crystal Palace,MID,15,471,0,1
2016,118,Yohan Cabaye,Crystal Palace,MID,32,2125,4,4
2016,119,Bakary Sako,Crystal Palace,MID,7,142,0,0
2016,120,Andros Townsend,Crystal Palace,MID,36,2520,3,7
2016,121,Fraizer Campbell,Crystal Palace,FWD,12,165,1,0
2016,122,Connor Wickham,Crystal Palace,FWD,8,412,2,0
2016,123,Joel Robles,Everton,GK,20,1737,0,1
2016,124,Maarten Stekelenburg,Everton,GK,19,1683,0,0
2016,125,Leighton Baines,Everton,DEF,32,2819,2,5
2016,126,Seamus Coleman,Everton,DEF,26,2316,4,4
2016,127,Phil Jagielka,Everton,DEF,27,2251,3,3
2016,128,John Stones,Man City,DEF,27,2014,0,0
2016,129,Brendan Galloway,West Brom,DEF,3,247,0,0
2016,131,Matthew Pennington,Everton,DEF,3,180,1,0
2016,132,Ramiro Funes Mori,Everton,DEF,23,1543,0,1
2016,133,Kevin Mirallas,Everton,MID,35,2074,4,8
2016,134,Ross Barkley,Everton,MID,36,2900,5,11
2016,135,Tom Cleverley,Everton,MID,10,407,0,0
2016,135,Tom Cleverley,Watford,MID,17,1441,0,3
2016,136,James McCarthy,Everton,MID,12,613,1,1
2016,137,Gareth Barry,Everton,MID,33,2109,2,1
2016,138,Darron Gibson,Sunderland,MID,12,640,0,0
2016,140,Bryan Oviedo,Everton,MID,6,475,0,0
2016,140,Bryan Oviedo,Sunderland,MID,10,848,0,0
2016,141,Gerard Deulofeu,Everton,MID,11,460,0,0
2016,142,Aaron Lennon,Everton,MID,11,509,0,1
2016,143,Romelu Lukaku,Everton,FWD,37,3266,25,6
2016,144,Arouna Koné,Everton,FWD,6,78,0,0
2016,145,Oumar Niasse,Hull,FWD,17,1096,4,1
2016,147,Eldin Jakupovic,Hull,GK,22,1980,0,0
2016,149,Curtis Davies,Hull,DEF,26,2135,0,2
2016,150,Michael Dawson,Hull,DEF,22,1722,3,0
2016,152,Andrew Robertson,Hull,DEF,33,2736,1,2
2016,153,Harry Maguire,Hull,DEF,29,2307,2,3
2016,155,Robert Snodgrass,Hull,MID,20,1710,7,3
2016,155,Robert Snodgrass,West Ham,MID,15,838,0,3
2016,156,Sam Clucas,Hull,MID,37,3186,3,1
2016,157,Jake Livermore,Hull,MID,21,1669,1,1
2016,157,Jake Livermore,West Brom,MID,16,1301,0,0
2016,158,Ahmed Elmohamady,Hull,MID,33,2523,0,2
2016,160,Tom Huddlestone,Hull,MID,31,2025,1,2
2016,161,David Meyler,Hull,MID,20,962,1,0
2016,162,Shaun Maloney,Hull,MID,9,283,1,2
2016,163,Abel Hernández,Hull,FWD,24,1425,4,4
2016,164,Adama Diomande,Hull,FWD,22,1171,2,0
2016,165,Kasper Schmeichel,Leicester,GK,30,2666,0,0
2016,166,Ron-Robert Zieler,Leicester,GK,9,754,0,0
2016,167,Wes Morgan,Leicester,DEF,27,2430,1,1
2016,168,Christian Fuchs,Leicester,DEF,36,3103,2,4
2016,169,Jeffrey Schlupp,Crystal Palace,DEF,15,998,0,2
2016,169,Jeffrey Schlupp,Leicester,DEF,4,141,0,0
2016,170,Marcin Wasilewski,Leicester,DEF,1,90,0,0
2016,172,Danny Simpson,Leicester,DEF,35,2988,0,3
2016,173,Robert Huth,Leicester,DEF,33,2926,2,2
2016,174,Yohan Benalouane,Leicester,DEF,11,917,0,0
2016,175,Luis Hernández,Leicester,DEF,4,327,0,0
2016,176,Riyad Mahrez,Leicester,MID,36,2826,6,4
2016,177,Marc Albrighton,Leicester,MID,33,2412,2,6
2016,178,Andy King,Leicester,MID,23,1446,1,0
2016,179,Daniel Drinkwater,Leicester,MID,29,2466,1,1
2016,181,Demarai Gray,Leicester,MID,30,1049,1,4
2016,182,Daniel Amartey,Leicester,MID,24,1673,1,1
2016,183,Nampalys Mendy,Leicester,MID,4,269,0,0
2016,184,Jamie Vardy,Leicester,FWD,35,2801,13,8
2016,185,Leonardo Ulloa,Leicester,FWD,16,447,1,0
2016,186,Shinji Okazaki,Leicester,FWD,30,1565,3,1
2016,187,Ahmed Musa,Leicester,FWD,21,761,2,0
2016,188,Simon Mignolet,Liverpool,GK,28,2520,0,0
2016,189,Loris Karius,Liverpool,GK,10,900,0,0
2016,190,Mamadou Sakho,Crystal Palace,DEF,8,686,0,0
2016,191,Dejan Lovren,Liverpool,DEF,29,2553,2,1
2016,192,Alberto Moreno,Liverpool,DEF,12,305,0,1
2016,193,Nathaniel Clyne,Liverpool,DEF,37,3323,0,2
2016,194,Jon Flanagan,Burnley,DEF,6,360,0,0
2016,197,Bradley Smith,Bournemouth,DEF,5,269,0,0
2016,198,Kevin Stewart,Liverpool,DEF,4,20,0,0
2016,199,Joel Matip,Liverpool,DEF,29,2457,1,0
2016,200,Leiva Lucas,Liverpool,MID,24,1112,0,3
2016,201,Jordan Henderson,Liverpool,MID,24,2116,1,4
2016,202,Joe Allen,Stoke,MID,36,2930,6,3
2016,203,Philippe Coutinho,Liverpool,MID,31,2228,13,8
2016,204,Emre Can,Liverpool,MID,32,2371,5,2
2016,205,Adam Lallana,Liverpool,MID,31,2338,8,7
2016,206,Lazar Markovic,Hull,MID,12,1005,2,0
2016,208,James Milner,Liverpool,MID,36,3154,7,4
2016,209,Roberto Firmino,Liverpool,MID,35,3062,11,11
2016,212,Sadio Mané,Liverpool,MID,27,2242,13,7
2016,213,Christian Benteke,Crystal Palace,FWD,36,3131,15,2
2016,214,Daniel Sturridge,Liverpool,FWD,20,775,3,5
2016,217,Divock Origi,Liverpool,FWD,34,1469,7,4
2016,219,Willy Caballero,Man City,GK,17,1452,0,0
2016,220,Aleksandar Kolarov,Man City,DEF,29,2535,1,1
2016,221,Pablo Zabaleta,Man City,DEF,20,1065,1,1
2016,222,Vincent Kompany,Man City,DEF,11,820,3,0
2016,223,Gaël Clichy,Man City,DEF,25,2123,1,0
2016,224,Bacary Sagna,Man City,DEF,17,1346,0,1
2016,226,Nicolás Otamendi,Man City,DEF,30,2592,1,2
2016,227,Fabian Delph,Man City,MID,7,224,1,0
2016,228,Raheem Sterling,Man City,MID,33,2509,7,14
2016,229,Samir Nasri,Man City,MID,1,16,0,0
2016,230,David Silva,Man City,MID,34,2760,4,9
2016,231,Gnegneri Yaya Touré,Man City,MID,25,1941,5,0
2016,232,Jesús Navas,Man City,MID,24,1064,0,3
2016,233,Fernando Luiz Rosa,Man City,MID,32,2755,2,1
2016,234,Fernando Francisco Reges,Man City,MID,15,568,0,0
2016,235,Kevin De Bruyne,Man City,MID,36,2877,6,21
2016,236,Ilkay Gündogan,Man City,MID,10,704,3,1
2016,237,Manuel Agudo Durán,Man City,MID,19,777,4,3
2016,239,Sergio Agüero,Man City,FWD,31,2404,20,5
2016,240,Wilfried Bony,Stoke,FWD,10,684,2,0
2016,241,Kelechi Iheanacho,Man City,FWD,20,537,4,3
2016,242,David de Gea,Man United,GK,35,3150,0,0
2016,243,Sergio Romero,Man United,GK,2,180,0,0
2016,244,Chris Smalling,Man United,DEF,18,1217,1,1
2016,245,Phil Jones,Man United,DEF,18,1584,0,0
2016,247,Luke Shaw,Man United,DEF,11,688,0,3
2016,248,Marcos Rojo,Man United,DEF,21,1663,1,0
2016,249,Patrick McNair,Sunderland,DEF,9,353,0,0
2016,250,Antonio Valencia,Man United,DEF,28,2483,1,3
2016,251,Matteo Darmian,Man United,DEF,18,1333,0,0
2016,253,Timothy Fosu-Mensah,Man United,DEF,4,97,0,0
2016,254,Daley Blind,Man United,DEF,23,1830,1,2
2016,255,Eric Bailly,Man United,DEF,25,2058,0,0
2016,256,Juan Mata,Man United,MID,25,1614,6,3
2016,257,Marouane Fellaini,Man United,MID,28,1604,1,0
2016,258,Memphis Depay,Man United,MID,4,24,0,0
2016,259,Michael Carrick,Man United,MID,23,1601,0,0
2016,260,Ashley Young,Man United,MID,12,760,0,1
2016,261,Adnan Januzaj,Sunderland,MID,25,1628,0,3
2016,262,Ander Herrera,Man United,MID,31,2465,1,6
2016,264,Morgan Schneiderlin,Everton,MID,14,1059,1,0
2016,264,Morgan Schneiderlin,Man United,MID,3,14,0,0
2016,266,Jesse Lingard,Man United,MID,25,1360,1,3
2016,267,Anthony Martial,Man United,MID,25,1553,4,6
2016,268,Henrikh Mkhitaryan,Man United,MID,24,1348,4,1
2016,269,Wayne Rooney,Man United,FWD,25,1540,5,5
2016,271,Marcus Rashford,Man United,FWD,32,1712,5,3
2016,272,Zlatan Ibrahimovic,Man United,FWD,28,2438,17,7
2016,274,Víctor Valdés,Middlesbrough,GK,28,2520,0,0
2016,275,Daniel Ayala,Middlesbrough,DEF,14,918,1,0
2016,276,George Friend,Middlesbrough,DEF,24,1964,0,3
2016,278,Ben Gibson,Middlesbrough,DEF,38,3420,1,1
2016,279,Emilio Nsue Lopez,Middlesbrough,DEF,4,320,0,0
2016,280,Bernardo Espinosa Zúñiga,Middlesbrough,DEF,11,975,0,0
2016,281,Albert Adomah,Middlesbrough,MID,2,122,0,0
2016,282,Stewart Downing,Middlesbrough,MID,30,2214,1,3
2016,283,Adam Clayton,Middlesbrough,MID,34,2804,0,2
2016,284,Grant Leadbitter,Middlesbrough,MID,13,710,1,0
2016,286,Adam Forshaw,Middlesbrough,MID,34,2695,0,2
2016,289,Viktor Fischer,Middlesbrough,MID,13,438,0,3
2016,290,Marten de Roon,Middlesbrough,MID,33,2773,4,1
2016,291,David Nugent,Middlesbrough,FWD,4,43,0,0
2016,292,Jordan Rhodes,Middlesbrough,FWD,6,211,0,0
2016,293,Cristhian Stuani,Middlesbrough,FWD,23,1355,4,0
2016,294,Fraser Forster,Southampton,GK,38,3420,0,0
2016,296,Ryan Bertrand,Southampton,DEF,28,2507,2,5
2016,297,Jose Fonte,Southampton,DEF,17,1530,0,0
2016,297,Jose Fonte,West Ham,DEF,16,1404,0,0
2016,298,Maya Yoshida,Southampton,DEF,23,2070,1,1
2016,299,Matt Targett,Southampton,DEF,5,373,0,0
2016,301,Cédric Soares,Southampton,DEF,30,2515,0,3
2016,302,Cuco Martina,Southampton,DEF,9,592,0,0
2016,303,Virgil van Dijk,Southampton,DEF,21,1852,1,0
2016,304,Nathan Redmond,Southampton,MID,37,2898,7,1
2016,305,Steven Davis,Southampton,MID,32,2643,0,3
2016,306,James Ward-Prowse,Southampton,MID,30,1883,4,4
2016,307,Harrison Reed,Southampton,MID,3,64,0,0
2016,308,Dusan Tadic,Southampton,MID,33,2411,3,7
2016,309,Jordy Clasie,Southampton,MID,16,1022,1,1
2016,310,Oriol Romeu Vidal,Southampton,MID,35,3071,1,0
2016,311,Jay Rodriguez,Southampton,MID,24,893,5,2
2016,312,Pierre-Emile Højbjerg,Southampton,MID,22,1300,0,0
2016,313,Shane Long,Southampton,FWD,32,1262,3,2
2016,314,Charlie Austin,Southampton,FWD,15,934,6,1
2016,315,Shay Given,Stoke,GK,5,450,0,0
2016,316,Jack Butland,Stoke,GK,5,450,0,0
2016,318,Ryan Shawcross,Stoke,DEF,35,3150,1,2
2016,319,Marc Wilson,West Brom,DEF,4,255,0,0
2016,320,Geoff Cameron,Stoke,DEF,19,1629,0,1
2016,321,Erik Pieters,Stoke,DEF,36,3151,0,2
2016,322,Marc Muniesa,Stoke,DEF,10,650,1,0
2016,323,Phil Bardsley,Stoke,DEF,15,1168,0,0
2016,324,Philipp Wollscheid,Stoke,DEF,2,180,0,0
2016,325,Glen Johnson,Stoke,DEF,23,1957,0,0
2016,328,Charlie Adam,Stoke,MID,24,1491,1,4
2016,329,Glenn Whelan,Stoke,MID,30,2276,0,1
2016,330,Jonathan Walters,Stoke,MID,23,1304,4,3
2016,331,Marko Arnautovic,Stoke,MID,32,2713,6,7
2016,332,Ibrahim Afellay,Stoke,MID,12,384,0,0
2016,333,Xherdan Shaqiri,Stoke,MID,21,1699,4,2
2016,334,Giannelli Imbula,Stoke,MID,12,796,0,1
2016,335,Bojan Krkic,Stoke,MID,9,475,3,0
2016,336,Peter Crouch,Stoke,FWD,27,1343,7,3
2016,337,Mame Biram Diouf,Stoke,FWD,27,1385,1,2
2016,339,Vito Mannone,Sunderland,GK,9,810,0,0
2016,340,Jordan Pickford,Sunderland,GK,29,2610,0,0
2016,341,Younes Kaboul,Sunderland,DEF,1,90,0,0
2016,341,Younes Kaboul,Watford,DEF,22,1820,2,0
2016,342,John O'Shea,Sunderland,DEF,28,2158,0,1
2016,343,Billy Jones,Sunderland,DEF,27,2270,1,0
2016,344,Patrick van Aanholt,Crystal Palace,DEF,11,714,2,0
2016,344,Patrick van Aanholt,Sunderland,DEF,21,1784,3,1
2016,346,Lamine Koné,Sunderland,DEF,30,2545,1,0
2016,347,Jan Kirchhoff,Sunderland,MID,7,433,0,1
2016,348,Lee Cattermole,Sunderland,MID,8,633,0,0
2016,349,Sebastian Larsson,Sunderland,MID,21,1468,0,3
2016,350,Jack Rodwell,Sunderland,MID,20,1492,0,1
2016,351,Jeremain Lens,Sunderland,MID,2,69,0,0
2016,352,Wahbi Khazri,Sunderland,MID,21,849,1,0
2016,353,Duncan Watmore,Sunderland,MID,14,1025,0,5
2016,354,Fabio Borini,Sunderland,FWD,24,1742,2,0
2016,355,Jermain Defoe,Sunderland,FWD,37,3322,15,3
2016,356,Lukasz Fabianski,Swansea,GK,37,3330,0,0
2016,357,Kristoffer Nordfeldt,Swansea,GK,1,90,0,0
2016,358,Kyle Naughton,Swansea,DEF,31,2714,1,0
2016,359,Ashley Williams,Everton,DEF,36,3160,1,3
2016,360,Neil Taylor,Swansea,DEF,11,920,0,1
2016,361,Angel Rangel,Swansea,DEF,18,831,1,0
2016,362,Jordi Amat,Swansea,DEF,17,1409,0,0
2016,363,Federico Fernández,Swansea,DEF,27,2430,0,1
2016,365,Stephen Kingsley,Swansea,DEF,13,1036,0,0
2016,366,Mike van der Hoorn,Swansea,DEF,8,662,1,0
2016,367,Jack Cork,Swansea,MID,30,2232,0,1
2016,368,Gylfi Sigurdsson,Swansea,MID,38,3327,9,13
2016,369,Wayne Routledge,Swansea,MID,27,1917,3,2
2016,370,Leon Britton,Swansea,MID,16,1163,0,0
2016,371,Jay Fulton,Swansea,MID,11,690,0,0
2016,372,Sung-yueng Ki,Swansea,MID,23,1291,0,1
2016,373,Jefferson Montero,Swansea,MID,13,380,0,1
2016,374,André Ayew,West Ham,MID,25,1439,6,3
2016,375,Leroy Fer,Swansea,MID,34,2405,6,2
2016,376,Nathan Dyer,Swansea,MID,8,214,0,1
2016,379,Modou Barrow,Swansea,FWD,18,1145,0,2
2016,380,Hugo Lloris,Tottenham,GK,34,3004,0,0
2016,381,Michel Vorm,Tottenham,GK,5,416,0,0
2016,382,Toby Alderweireld,Tottenham,DEF,30,2601,1,0
2016,383,Danny Rose,Tottenham,DEF,18,1530,2,3
2016,384,Kyle Walker,Tottenham,DEF,33,2701,0,6
2016,385,Jan Vertonghen,Tottenham,DEF,33,2894,0,0
2016,386,Ben Davies,Tottenham,DEF,23,1739,1,3
2016,387,Kieran Trippier,Tottenham,DEF,12,568,0,5
2016,388,Kevin Wimmer,Tottenham,DEF,5,357,0,0
2016,390,Eric Dier,Tottenham,MID,36,3043,2,0
2016,391,Mousa Dembélé,Tottenham,MID,30,2056,1,2
2016,392,Nacer Chadli,West Brom,MID,31,2135,5,6
2016,393,Erik Lamela,Tottenham,MID,9,595,1,1
2016,394,Christian Eriksen,Tottenham,MID,36,3159,8,20
2016,396,Ryan Mason,Hull,MID,16,927,1,0
2016,397,Tom Carroll,Swansea,MID,17,1388,1,2
2016,397,Tom Carroll,Tottenham,MID,1,1,0,0
2016,398,Bamidele Alli,Tottenham,MID,37,3036,18,11
2016,399,Joshua Onomah,Tottenham,MID,5,22,0,0
2016,400,Victor Wanyama,Tottenham,MID,36,3012,4,2
2016,402,Heung-Min Son,Tottenham,MID,34,2063,14,9
2016,403,Harry Kane,Tottenham,FWD,30,2523,29,7
2016,405,Vincent Janssen,Tottenham,FWD,27,845,2,3
2016,406,Costel Pantilimon,Watford,GK,2,83,0,0
2016,407,Heurelho Gomes,Watford,GK,38,3337,0,0
2016,408,Craig Cathcart,Watford,DEF,15,1162,0,1
2016,409,Sebastian Prödl,Watford,DEF,33,2770,1,2
2016,411,José Holebas,Watford,DEF,33,2905,2,4
2016,412,Allan-Roméo Nyom,West Brom,DEF,32,2638,0,2
2016,413,Miguel Britos,Watford,DEF,27,2280,1,2
2016,414,Christian Kabasele,Watford,DEF,16,771,2,0
2016,415,Adlène Guédioura,Middlesbrough,MID,5,140,0,0
2016,415,Adlène Guédioura,Watford,MID,12,721,0,1
2016,416,Etienne Capoue,Watford,MID,37,3204,7,2
2016,418,Ben Watson,Watford,MID,4,54,0,0
2016,419,Ikechi Anya,Watford,MID,1,10,0,0
2016,420,Valon Behrami,Watford,MID,27,2030,0,0
2016,422,Nordin Amrabat,Watford,MID,29,2091,0,3
2016,424,Isaac Success,Watford,MID,19,519,1,1
2016,425,Troy Deeney,Watford,FWD,37,2944,10,4
2016,426,Odion Ighalo,Watford,FWD,18,1291,1,1
2016,428,Jerome Sinclair,Watford,FWD,5,116,0,0
2016,430,Ben Foster,West Brom,GK,38,3420,0,0
2016,431,Jonny Evans,West Brom,DEF,31,2637,2,1
2016,432,Jonas Olsson,West Brom,DEF,7,590,0,0
2016,433,Craig Dawson,West Brom,DEF,37,3276,4,0
2016,436,Gareth McAuley,West Brom,DEF,36,3140,6,1
2016,438,Chris Brunt,West Brom,DEF,31,2477,3,4
2016,439,Darren Fletcher,West Brom,MID,38,3231,2,3
2016,440,Craig Gardner,West Brom,MID,9,218,0,1
2016,441,James Morrison,West Brom,MID,31,1741,5,2
2016,442,Claudio Yacob,West Brom,MID,33,2418,0,0
2016,444,James McClean,West Brom,MID,34,1477,1,3
2016,445,Jonathan Leko,West Brom,MID,9,118,0,1
2016,446,Matt Phillips,West Brom,MID,27,2181,4,9
2016,447,Rickie Lambert,West Brom,FWD,1,13,0,0
2016,448,Saido Berahino,Stoke,FWD,13,720,0,0
2016,448,Saido Berahino,West Brom,FWD,4,243,0,0
2016,449,Salomón Rondón,West Brom,FWD,38,2892,8,3
2016,450,Adrián San Miguel del Castillo,West Ham,GK,16,1440,0,0
2016,451,Darren Randolph,West Ham,GK,22,1980,0,0
2016,452,James Collins,West Ham,DEF,22,1655,2,0
2016,453,Winston Reid,West Ham,DEF,30,2587,2,3
2016,454,Aaron Cresswell,West Ham,DEF,26,2115,0,2
2016,456,Angelo Ogbonna,West Ham,DEF,20,1755,0,0
2016,457,Sam Byram,West Ham,DEF,18,1249,0,1
2016,458,Mark Noble,West Ham,MID,30,2389,3,0
2016,459,Cheikhou Kouyaté,West Ham,MID,31,2723,1,1
2016,460,Pedro Obiang,West Ham,MID,22,1763,1,2
2016,461,Dimitri Payet,West Ham,MID,18,1513,2,8
2016,462,Manuel Lanzini,West Ham,MID,35,2708,8,3
2016,464,Michail Antonio,West Ham,MID,29,2433,9,8
2016,465,Håvard Nordtveit,West Ham,MID,16,957,0,1
2016,466,Sofiane Feghouli,West Ham,MID,21,1042,3,3
2016,467,Gökhan Töre,West Ham,MID,5,240,0,1
2016,468,Andy Carroll,West Ham,FWD,18,1312,7,2
2016,469,Enner Valencia,Everton,FWD,21,716,3,2
2016,469,Enner Valencia,West Ham,FWD,3,211,0,1
2016,470,Diafra Sakho,West Ham,FWD,4,181,1,0
2016,472,Paul Robinson,Burnley,GK,3,270,0,0
2016,473,Johann Berg Gudmundsson,Burnley,MID,20,999,1,3
2016,474,Ragnar Klavan,Liverpool,DEF,20,1410,0,0
2016,475,Marko Grujic,Liverpool,MID,5,43,0,0
2016,476,Jason Denayer,Sunderland,DEF,24,1878,0,0
2016,477,Antonio Barragán,Middlesbrough,DEF,26,2193,0,0
2016,478,Álvaro Negredo,Middlesbrough,FWD,36,2872,9,5
2016,479,Juan Zuñiga,Watford,DEF,21,823,1,1
2016,482,Abdoulaye Doucouré,Watford,MID,20,1352,1,0
2016,483,Matej Vydra,Watford,FWD,1,3,0,0
2016,484,Rob Holding,Arsenal,DEF,9,810,0,0
2016,485,Georginio Wijnaldum,Liverpool,MID,36,2974,6,9
2016,486,Ramadan Sobhi,Stoke,MID,17,855,0,2
2016,487,Ola Aina,Chelsea,DEF,3,26,0,0
2016,488,Idrissa Gueye,Everton,MID,33,2681,1,2
2016,489,Leroy Sané,Man City,MID,26,1781,5,7
2016,490,Bradley Guzan,Middlesbrough,GK,10,900,0,0
2016,491,Gastón Ramírez,Middlesbrough,MID,24,1539,2,3
2016,492,Jérémy Pied,Southampton,DEF,4,129,0,0
2016,494,Sullay Kaikai,Crystal Palace,MID,1,24,0,0
2016,495,Mason Holgate,Everton,DEF,18,1372,0,1
2016,496,Benjamin Chilwell,Leicester,DEF,12,699,1,0
2016,499,Papy Djilobodji,Sunderland,DEF,18,1577,0,0
2016,500,Fernando Llorente,Swansea,FWD,33,2442,15,3
2016,503,Paul Pogba,Man United,MID,30,2608,5,4
2016,504,Jack Stephens,Southampton,DEF,17,1471,0,1
2016,505,Arthur Masuaku,West Ham,DEF,13,972,0,1
2016,506,Donald Love,Sunderland,DEF,12,611,0,1
2016,507,Borja Bastón,Swansea,FWD,18,561,1,2
2016,511,Sam Field,West Brom,MID,8,275,0,0
2016,512,Tom Davies,Everton,MID,24,1544,2,3
2016,513,Harry Winks,Tottenham,MID,21,494,1,1
2016,516,Jarrod Bowen,Hull,FWD,7,181,0,0
2016,519,Josh Tymon,Hull,DEF,5,323,0,0
2016,520,Lynden Gooch,Sunderland,MID,11,366,0,0
2016,521,Joel Asoro,Sunderland,MID,1,10,0,0
2016,523,Trent Alexander-Arnold,Liverpool,MID,7,167,0,0
2016,525,Steven Defour,Burnley,MID,21,1068,1,3
2016,526,Jonathan Calleri,West Ham,FWD,16,540,1,0
2016,527,Fabio Pereira da Silva,Middlesbrough,DEF,24,1847,0,0
2016,530,Nathaniel Chalobah,Chelsea,MID,10,167,0,1
2016,531,Aiden O'Neill,Burnley,MID,3,85,0,0
2016,533,Steven Pienaar,Sunderland,MID,15,802,0,0
2016,535,Ashley Fletcher,West Ham,FWD,16,367,0,0
2016,536,Ryan Fraser,Bournemouth,MID,28,1764,3,9
2016,538,Javier Manquillo,Sunderland,DEF,20,1430,1,0
2016,539,Roberto Pereyra,Watford,MID,13,1036,2,3
2016,540,Daryl Janmaat,Watford,DEF,27,1614,2,1
2016,541,Claudio Bravo,Man City,GK,22,1968,0,0
2016,542,Edimilson Fernandes,West Ham,MID,28,1002,0,1
2016,544,Julien Ngoy,Stoke,FWD,5,49,0,0
2016,546,Oliver McBurnie,Swansea,FWD,5,82,0,0
2016,549,Lucas Pérez,Arsenal,FWD,11,272,1,1
2016,550,Simone Zaza,West Ham,FWD,8,459,0,0
2016,551,Sofiane Boufal,Southampton,MID,24,1104,1,1
2016,552,Stefano Okaka,Watford,FWD,19,959,4,0
2016,553,Patrick Bamford,Burnley,FWD,6,39,0,0
2016,553,Patrick Bamford,Middlesbrough,FWD,8,287,1,0
2016,554,David Marshall,Hull,GK,16,1440,0,0
2016,555,Shkodran Mustafi,Arsenal,DEF,26,2274,2,2
2016,556,Adrian Mariappa,Watford,DEF,7,562,0,0
2016,557,Will Keane,Hull,FWD,5,280,0,0
2016,558,Alfie Mawson,Swansea,DEF,27,2430,4,0
2016,559,Didier Ndong,Sunderland,MID,31,2520,1,1
2016,560,Jeff Hendrick,Burnley,MID,32,2691,2,1
2016,561,Marcos Alonso,Chelsea,DEF,31,2693,6,5
2016,562,Bruno Martins Indi,Stoke,DEF,35,3146,1,0
2016,563,Adama Traoré,Middlesbrough,MID,27,1543,0,1
2016,565,Georges-Kévin Nkoudou,Tottenham,MID,8,54,0,0
2016,567,Islam Slimani,Leicester,FWD,23,1281,7,4
2016,568,Álvaro Arbeloa,West Ham,DEF,3,258,0,0
2016,569,Dieumerci Mbokani,Hull,FWD,12,764,0,2
2016,570,David Luiz Moreira Marinho,Chelsea,DEF,33,2954,1,1
2016,571,Hal Robson-Kanu,West Brom,FWD,29,701,3,2
2016,572,Moussa Sissoko,Tottenham,MID,25,909,0,3
2016,573,Markus Henriksen,Hull,MID,15,638,0,0
2016,574,Lee Grant,Stoke,GK,28,2520,0,0
2016,575,Victor Anichebe,Sunderland,FWD,18,1219,3,1
2016,576,Mathieu Flamini,Crystal Palace,MID,10,274,0,0
2016,578,Aleix García Serrano,Man City,MID,4,77,0,0
2016,579,Jonathan Benteke,Crystal Palace,FWD,1,7,0,0
2016,580,Ezekiel Fryers,Crystal Palace,DEF,8,188,0,1
2016,582,Oviemuno Ejaria,Liverpool,MID,2,8,0,0
2016,587,George Honeyman,Sunderland,MID,5,235,0,0
2016,592,Sam McQueen,Southampton,MID,13,616,0,1
2016,593,Ainsley Maitland-Niles,Arsenal,MID,1,2,0,0
2016,594,Kevin Long,Burnley,DEF,3,270,0,0
2016,595,Dominic Calvert-Lewin,Everton,FWD,11,347,1,0
2016,600,Ryan Allsop,Bournemouth,GK,1,90,0,0
2016,602,Matthew James,Leicester,MID,1,1,0,0
2016,603,Ben Woodburn,Liverpool,MID,5,86,0,0
2016,604,Joshua Sims,Southampton,MID,7,211,0,1
2016,605,Andrew Eleftheriou,Watford,DEF,1,52,0,0
2016,616,Jonjoe Kenny,Everton,DEF,1,13,0,0
2016,618,Declan Rice,West Ham,MID,1,1,0,0
2016,620,Michael Folivi,Watford,FWD,1,10,0,0
2016,621,Brandon Mason,Watford,DEF,2,113,0,0
2016,625,Gabriel Fernando de Jesus,Man City,FWD,10,651,7,4
2016,626,Joey Barton,Burnley,MID,14,1105,1,2
2016,627,Ademola Lookman,Everton,MID,8,289,1,0
2016,628,Wilfred Ndidi,Leicester,MID,17,1521,2,3
2016,629,Rudy Gestede,Middlesbrough,FWD,16,533,1,0
2016,630,Evandro Goebel,Hull,MID,11,576,0,0
2016,632,Luciano Narsingh,Swansea,MID,13,416,0,3
2016,633,Martin Olsson,Swansea,DEF,15,1252,2,0
2016,634,Omar Elabdellaoui,Hull,DEF,8,615,0,0
2016,635,Joleon Lescott,Sunderland,DEF,2,124,0,0
2016,636,Mauro Zárate,Watford,FWD,3,204,0,1
2016,637,M'Baye Niang,Watford,FWD,16,1246,2,2
2016,638,Andrea Ranocchia,Hull,DEF,16,1330,2,2
2016,640,Robbie Brady,Burnley,MID,14,719,1,3
2016,641,Ashley Westwood,Burnley,MID,9,551,0,0
2016,642,Jordan Ayew,Swansea,FWD,14,867,1,4
2016,643,Manolo Gabbiadini,Southampton,FWD,11,724,4,1
2016,644,Alfred N'Diaye,Hull,MID,15,1273,1,0
2016,646,Luka Milivojevic,Crystal Palace,MID,14,1224,2,0
2016,647,Kamil Grosicki,Hull,MID,15,1143,0,5
2016,649,Baily Cargill,Bournemouth,DEF,1,13,0,0
2016,651,Daniel Agyei,Burnley,FWD,3,25,0,0
2016,652,Martín Cáceres,Southampton,DEF,1,90,0,0
2016,656,Axel Tuanzebe,Man United,DEF,4,303,0,0
2016,657,Damian Emiliano Martinez,Arsenal,GK,2,180,0,0
2016,659,Dion Pereira,Watford,MID,2,25,0,0
2016,661,James Husband,Middlesbrough,DEF,1,58,0,0
2016,662,Joel Dinis Castro Pereira,Man United,GK,1,90,0,0
2016,667,Scott McTominay,Man United,MID,2,97,0,0
2016,669,Demetri Mitchell,Man United,DEF,1,90,0,0
2016,671,Filip Lesniak,Tottenham,MID,1,5,0,1
2016,674,Joshua Harrop,Man United,MID,1,90,1,0
2016,678,Matthew Worthington,Bournemouth,MID,1,17,0,0
2016,680,Angel Gomes,Man United,MID,1,3,0,0
2017,1,David Ospina,Arsenal,GK,5,380,0,0
2017,2,Petr Cech,Arsenal,GK,34,3039,0,0
2017,4,Laurent Koscielny,Arsenal,DEF,25,2225,2,0
2017,5,Per Mertesacker,Arsenal,DEF,6,364,1,0
2017,7,Héctor Bellerín,Arsenal,DEF,35,3050,2,4
2017,8,Kieran Gibbs,West Brom,DEF,33,2826,0,2
2017,10,Nacho Monreal,Arsenal,DEF,28,2241,5,2
2017,11,Rob Holding,Arsenal,DEF,12,819,0,1
2017,12,Shkodran Mustafi,Arsenal,DEF,27,2272,3,1
2017,13,Sead Kolasinac,Arsenal,DEF,27,2146,2,4
2017,14,Alexis Sánchez,Arsenal,MID,19,1501,7,5
2017,14,Alexis Sánchez,Man United,MID,12,1045,2,5
2017,15,Theo Walcott,Arsenal,MID,6,63,0,0
2017,15,Theo Walcott,Everton,MID,14,1151,3,3
2017,16,Mesut Özil,Arsenal,MID,26,2161,4,9
2017,18,Aaron Ramsey,Arsenal,MID,24,1844,7,10
2017,19,Alex Oxlade-Chamberlain,Arsenal,MID,3,241,0,0
2017,19,Alex Oxlade-Chamberlain,Liverpool,MID,32,1477,3,7
2017,20,Francis Coquelin,Arsenal,MID,7,164,0,0
2017,21,Alex Iwobi,Arsenal,MID,26,1827,3,5
2017,22,Mohamed Elneny,Arsenal,MID,13,865,0,1
2017,23,Granit Xhaka,Arsenal,MID,38,3259,1,8
2017,24,Jack Wilshere,Arsenal,MID,20,1185,1,3
2017,25,Olivier Giroud,Arsenal,FWD,16,374,4,0
2017,25,Olivier Giroud,Chelsea,FWD,13,607,3,1
2017,26,Danny Welbeck,Arsenal,FWD,28,1178,5,2
2017,28,Alexandre Lacazette,Arsenal,FWD,32,2197,14,5
2017,29,Asmir Begovic,Bournemouth,GK,38,3420,0,0
2017,32,Simon Francis,Bournemouth,DEF,32,2708,0,1
2017,33,Steve Cook,Bournemouth,DEF,34,2764,2,1
2017,34,Charlie Daniels,Bournemouth,DEF,35,3001,1,3
2017,35,Adam Smith,Bournemouth,DEF,27,2067,1,3
2017,36,Tyrone Mings,Bournemouth,DEF,4,201,0,0
2017,38,Nathan Aké,Bournemouth,DEF,38,3352,2,3
2017,39,Harry Arter,Bournemouth,MID,13,959,1,0
2017,40,Marc Pugh,Bournemouth,MID,20,974,0,0
2017,41,Andrew Surman,Bournemouth,MID,25,1851,2,5
2017,42,Junior Stanislas,Bournemouth,MID,19,1285,5,3
2017,43,Dan Gosling,Bournemouth,MID,28,1941,2,1
2017,45,Jordon Ibe,Bournemouth,MID,32,1988,2,6
2017,46,Lewis Cook,Bournemouth,MID,29,2234,0,2
2017,47,Ryan Fraser,Bournemouth,MID,26,2003,5,3
2017,48,Callum Wilson,Bournemouth,FWD,28,1981,8,2
2017,49,Benik Afobe,Bournemouth,FWD,17,534,0,1
2017,50,Lys Mousset,Bournemouth,FWD,23,581,2,0
2017,51,Joshua King,Bournemouth,FWD,33,2450,8,4
2017,52,Jermain Defoe,Bournemouth,FWD,24,1075,4,2
2017,54,Mathew Ryan,Brighton,GK,38,3420,0,0
2017,55,Lewis Dunk,Brighton,DEF,38,3420,1,1
2017,56,Shane Duffy,Brighton,DEF,37,3292,0,2
2017,57,Uwe Hünemeier,Brighton,DEF,1,17,0,0
2017,58,Bruno Saltor Grau,Brighton,DEF,25,2014,0,0
2017,59,Gaëtan Bong,Brighton,DEF,25,2237,0,0
2017,60,Liam Rosenior,Brighton,DEF,3,163,0,0
2017,61,Connor Goldson,Brighton,DEF,3,199,0,0
2017,62,Anthony Knockaert,Brighton,MID,33,2415,3,1
2017,63,Dale Stephens,Brighton,MID,36,3240,0,3
2017,64,Beram Kayal,Brighton,MID,19,735,0,0
2017,66,Solomon March,Brighton,MID,36,1838,1,3
2017,69,Jamie Murphy,Brighton,MID,4,166,0,0
2017,70,Pascal Groß,Brighton,MID,38,2928,7,8
2017,71,Glenn Murray,Brighton,FWD,35,2184,12,0
2017,72,Tomer Hemed,Brighton,FWD,16,842,2,2
2017,73,Sam Baldock,Brighton,FWD,2,30,0,0
2017,74,Tom Heaton,Burnley,GK,4,305,0,0
2017,76,Matthew Lowton,Burnley,DEF,26,2295,0,3
2017,77,Ben Mee,Burnley,DEF,29,2610,0,0
2017,78,Stephen Ward,Burnley,DEF,28,2460,1,1
2017,79,James Tarkowski,Burnley,DEF,31,2790,0,1
2017,80,Kevin Long,Burnley,DEF,16,1440,1,2
2017,81,Charlie Taylor,Burnley,DEF,11,949,0,0
2017,82,Scott Arfield,Burnley,MID,18,1330,2,2
2017,84,Johann Berg Gudmundsson,Burnley,MID,35,2831,2,9
2017,85,Steven Defour,Burnley,MID,24,1998,1,1
2017,86,Jeff Hendrick,Burnley,MID,34,2326,2,2
2017,87,Robbie Brady,Burnley,MID,15,1277,1,4
2017,88,Ashley Westwood,Burnley,MID,19,1105,0,1
2017,89,Jonathan Walters,Burnley,MID,3,36,0,0
2017,90,Jack Cork,Burnley,MID,38,3420,2,1
2017,91,Sam Vokes,Burnley,FWD,30,977,4,2
2017,92,Andre Gray,Watford,FWD,31,1486,5,3
2017,93,Ashley Barnes,Burnley,FWD,36,2150,9,0
2017,94,Thibaut Courtois,Chelsea,GK,35,3150,0,0
2017,96,Willy Caballero,Chelsea,GK,3,270,0,0
2017,97,César Azpilicueta,Chelsea,DEF,37,3330,2,6
2017,98,Gary Cahill,Chelsea,DEF,27,2082,0,0
2017,99,Kurt Zouma,Stoke,DEF,34,2887,1,0
2017,100,Marcos Alonso,Chelsea,DEF,33,2855,7,2
2017,101,David Luiz Moreira Marinho,Chelsea,DEF,10,838,1,2
2017,102,Victor Moses,Chelsea,DEF,28,2109,3,6
2017,103,Antonio Rüdiger,Chelsea,DEF,27,2336,2,1
2017,104,Eden Hazard,Chelsea,MID,34,2417,12,6
2017,105,Cesc Fàbregas,Chelsea,MID,32,2300,2,4
2017,106,Willian Borges Da Silva,Chelsea,MID,36,1874,6,8
2017,107,Nemanja Matic,Man United,MID,36,3117,1,1
2017,108,Ruben Loftus-Cheek,Crystal Palace,MID,24,1871,2,5
2017,109,Pedro Rodríguez Ledesma,Chelsea,MID,31,1511,4,2
2017,110,Robert Kenedy Nunes do Nascimento,Newcastle,MID,13,1023,2,2
2017,111,N'Golo Kanté,Chelsea,MID,34,2994,1,2
2017,112,Nathaniel Chalobah,Watford,MID,6,447,0,0
2017,113,Michy Batshuayi,Chelsea,FWD,12,351,2,1
2017,115,Wayne Hennessey,Crystal Palace,GK,27,2430,0,0
2017,116,Julian Speroni,Crystal Palace,GK,11,990,0,0
2017,117,James Tomkins,Crystal Palace,DEF,28,2386,3,0
2017,118,Scott Dann,Crystal Palace,DEF,17,1434,1,0
2017,119,Joel Ward,Crystal Palace,DEF,19,1613,0,1
2017,120,Martin Kelly,Crystal Palace,DEF,15,1193,0,0
2017,121,Damien Delaney,Crystal Palace,DEF,2,95,0,0
2017,122,Pape Souaré,Crystal Palace,DEF,1,8,0,0
2017,123,Jeffrey Schlupp,Crystal Palace,DEF,24,1742,0,2
2017,124,Patrick van Aanholt,Crystal Palace,DEF,28,2182,5,1
2017,125,Jason Puncheon,Crystal Palace,MID,10,574,0,0
2017,126,Wilfried Zaha,Crystal Palace,MID,29,2549,9,7
2017,127,James McArthur,Crystal Palace,MID,33,2425,5,2
2017,128,Chung-yong Lee,Crystal Palace,MID,7,131,0,0
2017,129,Yohan Cabaye,Crystal Palace,MID,31,2374,0,4
2017,130,Bakary Sako,Crystal Palace,MID,16,466,3,0
2017,131,Andros Townsend,Crystal Palace,MID,36,3120,2,9
2017,132,Luka Milivojevic,Crystal Palace,MID,36,3079,10,2
2017,134,Christian Benteke,Crystal Palace,FWD,31,2234,3,7
2017,135,Jordan Pickford,Everton,GK,38,3420,0,0
2017,138,Leighton Baines,Everton,DEF,22,1909,2,3
2017,139,Seamus Coleman,Everton,DEF,12,1035,0,1
2017,140,Phil Jagielka,Everton,DEF,25,2063,0,0
2017,142,Ramiro Funes Mori,Everton,DEF,4,119,0,0
2017,143,Ashley Williams,Everton,DEF,24,1830,1,0
2017,144,Mason Holgate,Everton,DEF,15,1183,0,0
2017,145,Jonjoe Kenny,Everton,DEF,19,1589,0,2
2017,146,Michael Keane,Everton,DEF,30,2559,0,1
2017,147,Yannick Bolasie,Everton,MID,16,848,1,1
2017,148,Kevin Mirallas,Everton,MID,5,135,0,0
2017,149,Ross Barkley,Chelsea,MID,2,129,0,0
2017,150,James McCarthy,Everton,MID,4,204,0,0
2017,151,Gareth Barry,West Brom,MID,25,1921,1,2
2017,152,Muhamed Besic,Everton,MID,2,46,0,0
2017,153,Aaron Lennon,Burnley,MID,14,1118,0,2
2017,153,Aaron Lennon,Everton,MID,15,788,0,2
2017,154,Morgan Schneiderlin,Everton,MID,30,2124,0,0
2017,155,Idrissa Gueye,Everton,MID,33,2749,2,2
2017,156,Tom Davies,Everton,MID,33,1892,2,2
2017,157,Ademola Lookman,Everton,MID,7,153,0,1
2017,158,Davy Klaassen,Everton,MID,7,248,0,0
2017,159,Dominic Calvert-Lewin,Everton,FWD,32,1871,4,8
2017,160,Sandro Ramírez,Everton,FWD,8,275,0,0
2017,161,Wayne Rooney,Everton,FWD,31,2265,10,3
2017,163,Jonas Lössl,Huddersfield,GK,38,3420,0,1
2017,164,Christopher Schindler,Huddersfield,DEF,37,3264,0,2
2017,165,Chris Löwe,Huddersfield,DEF,23,1585,0,0
2017,166,Tommy Smith,Huddersfield,DEF,24,1902,0,1
2017,167,Michael Hefele,Huddersfield,DEF,2,32,0,0
2017,168,Martin Cranie,Huddersfield,DEF,3,179,0,0
2017,171,Mathias Jorgensen,Huddersfield,DEF,38,3420,0,3
2017,172,Aaron Mooy,Huddersfield,MID,36,3066,4,3
2017,173,Rajiv van La Parra,Huddersfield,MID,33,2131,3,0
2017,174,Jonathan Hogg,Huddersfield,MID,30,2396,0,0
2017,175,Philip Billing,Huddersfield,MID,16,755,0,0
2017,176,Joe Lolley,Huddersfield,MID,6,217,1,0
2017,178,Dean Whitehead,Huddersfield,MID,4,68,0,0
2017,181,Elias Kachunga,Huddersfield,MID,19,1327,1,1
2017,182,Tom Ince,Huddersfield,MID,33,2450,2,1
2017,183,Kasey Palmer,Huddersfield,MID,4,168,0,0
2017,184,Danny Williams,Huddersfield,MID,20,1115,0,0
2017,185,Nahki Wells,Burnley,FWD,9,46,0,0
2017,186,Collin Quaner,Huddersfield,FWD,26,1268,0,4
2017,187,Laurent Depoitre,Huddersfield,FWD,33,1807,6,2
2017,188,Steve Mounie,Huddersfield,FWD,28,1849,7,2
2017,189,Kasper Schmeichel,Leicester,GK,33,2965,0,0
2017,190,Ben Hamer,Leicester,GK,4,274,0,0
2017,191,Wes Morgan,Leicester,DEF,32,2817,0,0
2017,192,Christian Fuchs,Leicester,DEF,25,1917,0,1
2017,193,Danny Simpson,Leicester,DEF,28,2306,0,0
2017,195,Yohan Benalouane,Leicester,DEF,1,90,0,0
2017,196,Benjamin Chilwell,Leicester,DEF,24,1848,0,2
2017,197,Molla Wagué,Watford,DEF,6,438,1,0
2017,198,Harry Maguire,Leicester,DEF,38,3420,2,4
2017,199,Riyad Mahrez,Leicester,MID,36,2948,12,13
2017,200,Marc Albrighton,Leicester,MID,34,2533,2,8
2017,201,Andy King,Leicester,MID,11,533,1,1
2017,201,Andy King,Swansea,MID,11,714,2,0
2017,202,Daniel Drinkwater,Chelsea,MID,12,520,1,0
2017,203,Demarai Gray,Leicester,MID,35,1683,3,3
2017,204,Daniel Amartey,Leicester,MID,8,486,0,0
2017,206,Wilfred Ndidi,Leicester,MID,33,2896,0,4
2017,208,Vicente Iborra,Leicester,MID,19,1411,3,0
2017,209,Jamie Vardy,Leicester,FWD,37,3248,20,2
2017,210,Leonardo Ulloa,Brighton,FWD,10,260,1,0
2017,210,Leonardo Ulloa,Leicester,FWD,4,19,0,0
2017,211,Shinji Okazaki,Leicester,FWD,27,1314,6,3
2017,212,Islam Slimani,Leicester,FWD,12,240,1,1
2017,212,Islam Slimani,Newcastle,FWD,4,129,0,0
2017,213,Simon Mignolet,Liverpool,GK,19,1710,0,0
2017,214,Loris Karius,Liverpool,GK,19,1710,0,0
2017,215,Dejan Lovren,Liverpool,DEF,29,2124,2,1
2017,216,Alberto Moreno,Liverpool,DEF,16,1264,0,1
2017,217,Nathaniel Clyne,Liverpool,DEF,3,173,0,0
2017,218,Joseph Gomez,Liverpool,DEF,23,1901,0,2
2017,219,Joel Matip,Liverpool,DEF,25,1995,1,0
2017,220,Ragnar Klavan,Liverpool,DEF,19,1449,1,0
2017,221,Mamadou Sakho,Crystal Palace,DEF,19,1597,1,2
2017,222,James Milner,Liverpool,DEF,32,1759,0,3
2017,223,Trent Alexander-Arnold,Liverpool,DEF,19,1573,1,2
2017,225,Jordan Henderson,Liverpool,MID,27,2169,1,1
2017,226,Philippe Coutinho,Liverpool,MID,14,1109,7,7
2017,227,Emre Can,Liverpool,MID,26,2089,3,6
2017,228,Adam Lallana,Liverpool,MID,12,234,0,0
2017,230,Sadio Mané,Liverpool,MID,29,2189,10,8
2017,231,Marko Grujic,Liverpool,MID,3,14,0,0
2017,232,Georginio Wijnaldum,Liverpool,MID,33,2381,1,2
2017,233,Ben Woodburn,Liverpool,MID,1,6,0,0
2017,234,Mohamed Salah,Liverpool,MID,36,2905,32,12
2017,235,Roberto Firmino,Liverpool,FWD,37,2760,15,8
2017,236,Daniel Sturridge,Liverpool,FWD,9,427,2,1
2017,236,Daniel Sturridge,West Brom,FWD,6,114,0,0
2017,237,Danny Ings,Liverpool,FWD,8,262,1,1
2017,238,Divock Origi,Liverpool,FWD,1,9,0,0
2017,239,Dominic Solanke,Liverpool,FWD,21,581,1,2
2017,240,Ederson Santana de Moraes,Man City,GK,36,3195,0,0
2017,241,Claudio Bravo,Man City,GK,3,224,0,0
2017,242,John Stones,Man City,DEF,18,1301,0,0
2017,244,Vincent Kompany,Man City,DEF,17,1394,1,1
2017,245,Nicolás Otamendi,Man City,DEF,34,2966,4,0
2017,246,Fabian Delph,Man City,MID,22,1740,1,2
2017,247,Raheem Sterling,Man City,MID,33,2584,18,17
2017,248,David Silva,Man City,MID,29,2431,9,11
2017,249,Gnegneri Yaya Touré,Man City,MID,10,227,0,2
2017,250,Fernando Luiz Rosa,Man City,MID,34,2880,5,4
2017,252,Kevin De Bruyne,Man City,MID,37,3073,8,18
2017,253,Ilkay Gündogan,Man City,MID,30,1504,4,2
2017,255,Leroy Sané,Man City,MID,32,2415,10,15
2017,256,Bernardo Mota Veiga de Carvalho e Silva,Man City,MID,35,1514,6,5
2017,257,Sergio Agüero,Man City,FWD,25,1960,21,6
2017,258,Kelechi Iheanacho,Leicester,FWD,21,818,3,4
2017,259,Gabriel Fernando de Jesus,Man City,FWD,29,1660,13,7
2017,260,David de Gea,Man United,GK,37,3330,0,0
2017,261,Sergio Romero,Man United,GK,1,90,0,0
2017,263,Chris Smalling,Man United,DEF,29,2535,4,0
2017,264,Phil Jones,Man United,DEF,23,1973,0,0
2017,265,Luke Shaw,Man United,DEF,11,787,0,0
2017,266,Marcos Rojo,Man United,DEF,9,639,0,0
2017,267,Antonio Valencia,Man United,DEF,31,2741,3,1
2017,268,Matteo Darmian,Man United,DEF,8,443,0,0
2017,269,Timothy Fosu-Mensah,Crystal Palace,DEF,21,1592,0,0
2017,270,Daley Blind,Man United,DEF,7,360,0,0
2017,271,Eric Bailly,Man United,DEF,13,1000,1,0
2017,272,Axel Tuanzebe,Man United,DEF,1,1,0,0
2017,273,Victor Lindelöf,Man United,DEF,17,1284,0,0
2017,274,Juan Mata,Man United,MID,28,1919,3,5
2017,275,Marouane Fellaini,Man United,MID,16,611,4,0
2017,276,Michael Carrick,Man United,MID,2,108,0,0
2017,277,Ashley Young,Man United,MID,30,2444,2,6
2017,278,Ander Herrera,Man United,MID,26,1257,0,2
2017,279,Jesse Lingard,Man United,MID,33,1807,8,6
2017,280,Anthony Martial,Man United,MID,30,1572,9,6
2017,281,Henrikh Mkhitaryan,Arsenal,MID,11,792,2,4
2017,281,Henrikh Mkhitaryan,Man United,MID,15,920,1,5
2017,282,Paul Pogba,Man United,MID,27,2145,6,13
2017,283,Scott McTominay,Man United,MID,13,629,0,0
2017,284,Marcus Rashford,Man United,FWD,35,1799,7,5
2017,285,Romelu Lukaku,Man United,FWD,34,2866,16,7
2017,286,Robert Elliot,Newcastle,GK,16,1440,0,0
2017,287,Karl Darlow,Newcastle,GK,10,900,0,0
2017,288,DeAndre Yedlin,Newcastle,DEF,34,2842,0,2
2017,289,Ciaran Clark,Newcastle,DEF,20,1745,2,1
2017,290,Jamaal Lascelles,Newcastle,DEF,33,2927,3,0
2017,291,Paul Dummett,Newcastle,DEF,20,1602,0,0
2017,293,Jesús Gámez Duarte,Newcastle,DEF,2,97,0,0
2017,294,Florian Lejeune,Newcastle,DEF,24,2103,0,2
2017,295,Matt Ritchie,Newcastle,MID,35,2802,3,7
2017,296,Jonjo Shelvey,Newcastle,MID,30,2264,1,4
2017,298,Mohamed Diamé,Newcastle,MID,31,2034,2,0
2017,300,Christian Atsu,Newcastle,MID,28,1776,2,4
2017,301,Dwight Gayle,Newcastle,FWD,35,1946,6,3
2017,302,Ayoze Pérez,Newcastle,FWD,36,2486,8,6
2017,303,Aleksandar Mitrovic,Newcastle,FWD,6,89,1,0
2017,305,Alex McCarthy,Southampton,GK,18,1620,0,0
2017,306,Fraser Forster,Southampton,GK,20,1800,0,0
2017,307,Ryan Bertrand,Southampton,DEF,35,3135,0,5
2017,308,Maya Yoshida,Southampton,DEF,24,2049,2,1
2017,309,Matt Targett,Southampton,DEF,2,166,0,0
2017,310,Cédric Soares,Southampton,DEF,32,2794,0,3
2017,311,Virgil van Dijk,Liverpool,DEF,14,1260,0,0
2017,311,Virgil van Dijk,Southampton,DEF,12,993,0,0
2017,312,Jérémy Pied,Southampton,DEF,2,180,0,1
2017,313,Jack Stephens,Southampton,DEF,22,1980,2,0
2017,314,Sam McQueen,Southampton,DEF,7,142,0,0
2017,315,Jan Bednarek,Southampton,DEF,5,427,1,0
2017,316,Steven Davis,Southampton,MID,23,1515,3,2
2017,317,James Ward-Prowse,Southampton,MID,30,1708,3,5
2017,318,Dusan Tadic,Southampton,MID,36,2791,6,3
2017,320,Oriol Romeu Vidal,Southampton,MID,34,2897,1,0
2017,321,Pierre-Emile Højbjerg,Southampton,MID,23,1666,0,0
2017,322,Sofiane Boufal,Southampton,MID,26,1206,2,2
2017,323,Joshua Sims,Southampton,MID,6,160,0,0
2017,324,Nathan Redmond,Southampton,MID,31,1938,1,3
2017,325,Shane Long,Southampton,FWD,30,1570,2,2
2017,326,Charlie Austin,Southampton,FWD,24,1024,7,1
2017,327,Manolo Gabbiadini,Southampton,FWD,28,1067,5,0
2017,328,Jack Butland,Stoke,GK,35,3150,0,0
2017,329,Lee Grant,Stoke,GK,3,270,0,0
2017,330,Ryan Shawcross,Stoke,DEF,27,2371,1,1
2017,331,Geoff Cameron,Stoke,DEF,20,1522,0,0
2017,332,Erik Pieters,Stoke,DEF,31,2717,0,1
2017,334,Phil Bardsley,Burnley,DEF,13,1125,0,0
2017,335,Glen Johnson,Stoke,DEF,9,546,0,0
2017,336,Josh Tymon,Stoke,DEF,3,162,0,0
2017,337,Joe Allen,Stoke,MID,36,3139,2,6
2017,338,Charlie Adam,Stoke,MID,11,405,0,0
2017,340,Marko Arnautovic,West Ham,MID,31,2309,11,7
2017,341,Ibrahim Afellay,Stoke,MID,6,162,0,0
2017,342,Xherdan Shaqiri,Stoke,MID,36,3039,8,9
2017,344,Bojan Krkic Perez,Stoke,MID,1,71,0,0
2017,345,Ramadan Sobhi,Stoke,MID,24,1227,2,1
2017,346,Darren Fletcher,Stoke,MID,27,2217,1,1
2017,347,Peter Crouch,Stoke,FWD,31,1551,5,2
2017,348,Mame Biram Diouf,Stoke,FWD,35,2592,6,3
2017,349,Saido Berahino,Stoke,FWD,15,483,0,1
2017,350,Lukasz Fabianski,Swansea,GK,38,3420,0,0
2017,352,Kyle Naughton,Swansea,DEF,34,3030,0,2
2017,353,Angel Rangel,Swansea,DEF,4,154,0,0
2017,354,Federico Fernández,Swansea,DEF,30,2676,1,1
2017,356,Mike van der Hoorn,Swansea,DEF,24,1944,1,0
2017,357,Alfie Mawson,Swansea,DEF,38,3420,2,1
2017,358,Martin Olsson,Swansea,DEF,36,3149,0,1
2017,359,Gylfi Sigurdsson,Everton,MID,27,2257,4,4
2017,360,Wayne Routledge,Swansea,MID,15,420,0,0
2017,361,Leon Britton,Swansea,MID,5,301,0,0
2017,362,Jay Fulton,Swansea,MID,2,17,0,0
2017,363,Sung-yueng Ki,Swansea,MID,25,1865,2,2
2017,365,Leroy Fer,Swansea,MID,20,1394,1,1
2017,366,Nathan Dyer,Swansea,MID,24,1300,0,1
2017,367,Tom Carroll,Swansea,MID,37,2562,0,4
2017,369,Luciano Narsingh,Swansea,MID,18,614,1,0
2017,370,Roque Mesa,Swansea,MID,11,753,0,0
2017,371,Fernando Llorente,Tottenham,FWD,16,224,1,0
2017,372,Oliver McBurnie,Swansea,FWD,11,267,0,1
2017,373,Jordan Ayew,Swansea,FWD,36,2850,7,2
2017,374,Tammy Abraham,Swansea,FWD,31,1715,5,3
2017,375,Hugo Lloris,Tottenham,GK,36,3240,0,0
2017,376,Michel Vorm,Tottenham,GK,1,90,0,0
2017,377,Toby Alderweireld,Tottenham,DEF,14,1177,0,0
2017,378,Danny Rose,Tottenham,DEF,10,800,0,2
2017,379,Kyle Walker,Man City,DEF,32,2784,0,6
2017,380,Jan Vertonghen,Tottenham,DEF,36,3203,0,1
2017,381,Ben Davies,Tottenham,DEF,29,2323,2,7
2017,382,Kieran Trippier,Tottenham,DEF,24,1912,0,7
2017,383,Kevin Wimmer,Stoke,DEF,17,1321,0,0
2017,384,Eric Dier,Tottenham,MID,34,2822,0,2
2017,385,Mousa Dembélé,Tottenham,MID,28,1875,0,0
2017,386,Erik Lamela,Tottenham,MID,25,826,2,4
2017,387,Christian Eriksen,Tottenham,MID,37,3218,11,10
2017,388,Bamidele Alli,Tottenham,MID,36,2957,9,13
2017,389,Victor Wanyama,Tottenham,MID,18,837,1,0
2017,390,Heung-Min Son,Tottenham,MID,37,2292,12,8
2017,391,Harry Winks,Tottenham,MID,16,768,0,1
2017,392,Georges-Kévin Nkoudou,Burnley,MID,8,222,0,0
2017,392,Georges-Kévin Nkoudou,Tottenham,MID,1,1,0,0
2017,393,Moussa Sissoko,Tottenham,MID,33,1385,1,1
2017,394,Harry Kane,Tottenham,FWD,37,3074,29,2
2017,395,Vincent Janssen,Tottenham,FWD,1,1,0,0
2017,397,Heurelho Gomes,Watford,GK,24,2128,0,0
2017,398,Younes Kaboul,Watford,DEF,2,151,0,0
2017,399,Craig Cathcart,Watford,DEF,7,495,0,0
2017,400,Sebastian Prödl,Watford,DEF,21,1566,0,0
2017,401,José Holebas,Watford,DEF,28,2381,0,4
2017,402,Miguel Britos,Watford,DEF,12,795,1,0
2017,403,Christian Kabasele,Watford,DEF,28,2329,2,0
2017,404,Daryl Janmaat,Watford,DEF,23,1818,3,1
2017,405,Adrian Mariappa,Watford,DEF,28,2206,0,0
2017,407,Francisco Femenía Far,Watford,DEF,23,1709,1,1
2017,408,Tom Cleverley,Watford,MID,23,1900,1,2
2017,409,Etienne Capoue,Watford,MID,23,1537,1,1
2017,412,Nordin Amrabat,Watford,MID,3,198,0,0
2017,414,Abdoulaye Doucouré,Watford,MID,37,3324,7,4
2017,415,Roberto Pereyra,Watford,MID,32,1610,5,3
2017,416,Will Hughes,Watford,MID,15,987,2,3
2017,417,Troy Deeney,Watford,FWD,29,1836,5,2
2017,418,Stefano Okaka,Watford,FWD,15,442,1,1
2017,420,Boaz Myhill,West Brom,GK,1,90,0,0
2017,421,Ben Foster,West Brom,GK,37,3330,0,0
2017,422,Allan-Roméo Nyom,West Brom,DEF,29,2306,0,1
2017,423,Jonny Evans,West Brom,DEF,28,2269,2,2
2017,424,Craig Dawson,West Brom,DEF,28,2510,2,1
2017,425,Gareth McAuley,West Brom,DEF,9,454,0,0
2017,426,Jake Livermore,West Brom,MID,34,2671,2,2
2017,427,Nacer Chadli,West Brom,MID,5,213,1,0
2017,428,James Morrison,West Brom,MID,4,205,1,0
2017,429,Claudio Yacob,West Brom,MID,16,898,0,0
2017,430,James McClean,West Brom,MID,30,1391,1,0
2017,432,Matt Phillips,West Brom,MID,30,2087,2,3
2017,433,Sam Field,West Brom,MID,10,534,1,0
2017,434,Chris Brunt,West Brom,MID,26,1917,0,8
2017,435,Salomón Rondón,West Brom,FWD,36,2765,7,3
2017,436,Hal Robson-Kanu,West Brom,FWD,21,816,2,0
2017,437,Jay Rodriguez,West Brom,FWD,37,2807,7,1
2017,438,Adrián San Miguel del Castillo,West Ham,GK,19,1710,0,0
2017,440,Jose Fonte,West Ham,DEF,8,688,0,2
2017,441,James Collins,West Ham,DEF,13,1049,1,0
2017,442,Winston Reid,West Ham,DEF,17,1452,0,0
2017,443,Aaron Cresswell,West Ham,DEF,36,3069,1,7
2017,444,Angelo Ogbonna,West Ham,DEF,32,2880,1,0
2017,445,Sam Byram,West Ham,DEF,5,246,0,0
2017,446,Arthur Masuaku,West Ham,DEF,27,1867,0,3
2017,447,Pablo Zabaleta,West Ham,DEF,37,3289,0,1
2017,449,André Ayew,Swansea,MID,12,948,0,3
2017,449,André Ayew,West Ham,MID,18,886,3,2
2017,450,Mark Noble,West Ham,MID,29,2400,4,0
2017,451,Cheikhou Kouyaté,West Ham,MID,33,2798,2,3
2017,452,Pedro Obiang,West Ham,MID,21,1562,2,0
2017,453,Manuel Lanzini,West Ham,MID,27,2039,5,7
2017,454,Michail Antonio,West Ham,MID,21,1350,3,2
2017,456,Edimilson Fernandes,West Ham,MID,14,840,0,2
2017,457,Andy Carroll,West Ham,FWD,16,742,3,1
2017,458,Diafra Sakho,West Ham,FWD,14,294,2,1
2017,461,Markus Suttner,Brighton,DEF,14,1178,0,0
2017,462,Scott Malone,Huddersfield,DEF,22,1110,0,1
2017,463,Tiemoué Bakayoko,Chelsea,MID,29,2121,2,2
2017,464,Cuco Martina,Everton,DEF,21,1830,0,2
2017,465,Massadio Haidara,Newcastle,DEF,1,3,0,0
2017,467,Rolando Aarons,Newcastle,MID,4,136,0,0
2017,468,Ahmed El-Sayed Hegazi,West Brom,DEF,38,3386,2,0
2017,469,Nick Pope,Burnley,GK,35,3114,0,0
2017,470,Andreas Christensen,Chelsea,DEF,27,2067,0,0
2017,471,Charly Musonda,Chelsea,MID,3,35,0,1
2017,472,Álvaro Morata,Chelsea,FWD,31,2055,11,6
2017,473,Eldin Jakupovic,Leicester,GK,2,180,0,0
2017,474,Matty James,Leicester,MID,13,991,0,0
2017,475,Andrew Robertson,Liverpool,DEF,22,1940,1,5
2017,477,Javier Manquillo,Newcastle,DEF,21,1757,0,1
2017,478,Jacob Murphy,Newcastle,MID,25,1137,1,2
2017,479,Joe Hart,West Ham,GK,19,1710,0,1
2017,480,Calum Chambers,Arsenal,DEF,12,864,0,0
2017,481,Isaiah Brown,Brighton,MID,13,302,0,0
2017,482,Jairo Riedewald,Crystal Palace,DEF,12,435,0,0
2017,483,Danilo Luiz da Silva,Man City,DEF,23,1340,3,2
2017,484,Benjamin Mendy,Man City,DEF,7,360,0,1
2017,485,Kyle Bartley,Swansea,DEF,5,233,0,0
2017,486,Ben Watson,Watford,MID,8,455,0,0
2017,487,Javier Hernández Balcázar,West Ham,FWD,28,1537,8,2
2017,488,Jose Luis Mato Sanmartín,Newcastle,FWD,30,1703,4,1
2017,489,Reiss Nelson,Arsenal,MID,3,144,0,0
2017,490,Davy Pröpper,Brighton,MID,35,3118,0,4
2017,492,Phil Foden,Man City,MID,5,45,0,1
2017,493,Brahim Diaz,Man City,MID,5,50,0,0
2017,494,Chancel Mbemba,Newcastle,DEF,9,670,0,0
2017,495,Mikel Merino,Newcastle,MID,24,1337,1,1
2017,496,Isaac Hayden,Newcastle,MID,26,1365,1,0
2017,497,Eric Maxim Choupo-Moting,Stoke,MID,30,2241,5,5
2017,498,Kyle Walker-Peters,Tottenham,DEF,3,188,0,2
2017,499,Jerome Sinclair,Watford,FWD,4,29,0,0
2017,500,Mario Lemina,Southampton,MID,25,1715,1,1
2017,501,Richarlison de Andrade,Watford,MID,38,2817,5,8
2017,502,Eliaquim Mangala,Everton,DEF,2,134,0,0
2017,502,Eliaquim Mangala,Man City,DEF,9,483,0,0
2017,505,Olayinka Fredrick Oladotun Ladapo,Crystal Palace,FWD,1,16,0,0
2017,507,Rekeem Harper,West Brom,MID,1,20,0,0
2017,509,Jeremie Boga,Chelsea,MID,1,17,0,0
2017,510,Declan Rice,West Ham,DEF,26,1421,0,0
2017,512,Jesé Rodríguez Ruiz,Stoke,MID,13,609,1,1
2017,513,Bruno Martins Indi,Stoke,DEF,17,1242,0,0
2017,515,Sullay Kaikai,Crystal Palace,MID,1,13,0,0
2017,516,Henri Saivet,Newcastle,MID,1,83,1,0
2017,517,José Heriberto Izquierdo Mena,Brighton,MID,32,1976,5,5
2017,518,Chris Wood,Burnley,FWD,24,1621,10,1
2017,519,Sam Clucas,Swansea,MID,29,2039,3,1
2017,520,Davinson Sánchez,Tottenham,DEF,31,2532,0,0
2017,521,Florent Hadergjonaj,Huddersfield,DEF,23,1670,0,1
2017,522,Abdelhamid Sabiri,Huddersfield,MID,5,217,0,1
2017,523,Zlatan Ibrahimovic,Man United,FWD,5,102,0,0
2017,524,Oliver Burke,West Brom,MID,15,356,0,2
2017,525,Wesley Hoedt,Southampton,DEF,28,2520,0,2
2017,527,André Carrillo,Watford,MID,28,1529,1,3
2017,532,Serge Aurier,Tottenham,DEF,17,1427,2,2
2017,533,Grzegorz Krychowiak,West Brom,MID,27,1634,0,3
2017,535,Renato Sanches,Swansea,MID,12,699,0,0
2017,536,Orestis Karnezis,Watford,GK,15,1291,0,0
2017,537,Marvin Zeegelaar,Watford,DEF,12,993,0,2
2017,538,Ezequiel Schelotto,Brighton,DEF,20,1313,0,0
2017,539,Nikola Vlasic,Everton,MID,12,572,0,0
2017,541,Aleksandar Dragovic,Leicester,DEF,11,766,0,0
2017,542,Wilfried Bony,Swansea,FWD,15,701,2,1
2017,543,Davide Zappacosta,Chelsea,DEF,22,1087,1,1
2017,544,Levi Lumeka,Crystal Palace,MID,1,25,0,0
2017,546,Ainsley Maitland-Niles,Arsenal,MID,15,908,0,0
2017,548,Oumar Niasse,Everton,FWD,22,1076,8,3
2017,551,Oleksandr Zinchenko,Man City,MID,8,530,0,0
2017,556,Thomas Edwards,Stoke,DEF,6,481,0,0
2017,558,Ethan Ampadu,Chelsea,MID,1,10,0,0
2017,560,Edward Nketiah,Arsenal,FWD,3,17,0,0
2017,562,Julien Ngoy,Stoke,FWD,1,19,0,0
2017,563,Beni Baningime,Everton,MID,8,192,0,0
2017,565,Paulo Gazzaniga,Tottenham,GK,1,90,0,0
2017,570,Jack Simpson,Bournemouth,DEF,1,71,0,0
2017,571,Hamza Choudhury,Leicester,MID,8,375,0,1
2017,579,Aaron Wan-Bissaka,Crystal Palace,MID,7,627,0,0
2017,583,Callum Hudson-Odoi,Chelsea,MID,2,27,0,0
2017,584,Emerson Hyndman,Bournemouth,MID,1,58,0,0
2017,589,Adrien Sebastian Perruchet Silva,Leicester,MID,12,760,0,2
2017,590,Stephen Ireland,Stoke,MID,4,128,0,0
2017,591,Terence Kongolo,Huddersfield,DEF,13,1047,0,0
2017,592,Cenk Tosun,Everton,FWD,14,984,5,0
2017,593,Alex Pritchard,Huddersfield,MID,14,997,1,2
2017,594,Moritz Bauer,Stoke,DEF,15,1307,0,0
2017,595,Konstantinos Mavropanos,Arsenal,DEF,3,194,0,0
2017,597,Josh Cullen,West Ham,MID,2,6,0,0
2017,598,Connor Roberts,Swansea,DEF,4,267,0,0
2017,599,Konstantinos Stafylidis,Stoke,DEF,5,334,0,0
2017,601,Fousseni Diabaté,Leicester,FWD,14,579,0,1
2017,603,Michael Obafemi,Southampton,FWD,1,8,0,0
2017,604,Jürgen Locadia,Brighton,FWD,6,221,1,1
2017,607,Guido Carrillo,Southampton,FWD,7,449,0,1
2017,608,João Mário Naval Costa Eduardo,West Ham,MID,13,1021,2,1
2017,609,Gerard Deulofeu,Watford,MID,7,433,1,1
2017,611,Reece Oxford,West Ham,DEF,1,4,0,0
2017,612,Aymeric Laporte,Man City,DEF,9,806,0,0
2017,614,Emerson Palmieri dos Santos,Chelsea,DEF,5,278,0,1
2017,615,Dodi Lukebakio,Watford,MID,1,15,0,0
2017,616,Pierre-Emerick Aubameyang,Arsenal,FWD,13,1056,10,4
2017,617,Lucas Rodrigues Moura da Silva,Tottenham,MID,6,206,0,1
2017,619,Papa Alioune Ndiaye,Stoke,MID,13,1138,2,1
2017,620,Alexander Sørloth,Crystal Palace,FWD,4,360,0,0
2017,621,Martin Dubravka,Newcastle,GK,12,1080,0,0
2017,622,Jordan Hugill,West Ham,FWD,3,22,0,0
2017,626,Patrice Evra,West Ham,DEF,5,227,0,0
2017,627,Lukas Nmecha,Man City,FWD,2,14,0,0
2017,628,Tyrese Campbell,Stoke,FWD,4,75,0,0
2017,634,Joseph Willock,Arsenal,MID,2,81,0,0
2017,637,Lasse Sorenson,Stoke,MID,1,75,0,1
2017,642,Harvey Barnes,Leicester,MID,3,8,0,0
2017,646,Dwight McNeil,Burnley,FWD,1,1,0,0
2018,1,Petr Cech,Arsenal,GK,7,585,0,0
2018,2,Bernd Leno,Arsenal,GK,32,2832,0,0
2018,3,Laurent Koscielny,Arsenal,DEF,17,1329,3,0
2018,4,Héctor Bellerín,Arsenal,DEF,19,1532,0,5
2018,5,Nacho Monreal,Arsenal,DEF,22,1860,1,4
2018,6,Rob Holding,Arsenal,DEF,10,806,0,0
2018,7,Shkodran Mustafi,Arsenal,DEF,31,2611,2,0
2018,8,Sead Kolasinac,Arsenal,DEF,24,1886,0,7
2018,9,Calum Chambers,Fulham,DEF,31,2586,2,0
2018,10,Konstantinos Mavropanos,Arsenal,DEF,4,147,0,0
2018,11,Stephan Lichtsteiner,Arsenal,DEF,14,935,0,0
2018,12,Sokratis Papastathopoulos,Arsenal,DEF,25,2198,1,2
2018,13,Mesut Özil,Arsenal,MID,24,1732,5,3
2018,14,Aaron Ramsey,Arsenal,MID,28,1319,4,6
2018,15,Alex Iwobi,Arsenal,MID,35,1961,3,8
2018,16,Mohamed Elneny,Arsenal,MID,8,377,0,0
2018,17,Granit Xhaka,Arsenal,MID,29,2498,4,3
2018,18,Henrikh Mkhitaryan,Arsenal,MID,25,1637,6,4
2018,20,Ainsley Maitland-Niles,Arsenal,MID,16,983,1,1
2018,21,Danny Welbeck,Arsenal,FWD,8,146,1,1
2018,22,Alexandre Lacazette,Arsenal,FWD,35,2497,13,12
2018,23,Pierre-Emerick Aubameyang,Arsenal,FWD,36,2722,22,7
2018,24,Asmir Begovic,Bournemouth,GK,24,2160,0,0
2018,25,Artur Boruc,Bournemouth,GK,12,1080,0,0
2018,26,Simon Francis,Bournemouth,DEF,17,1227,0,2
2018,27,Steve Cook,Bournemouth,DEF,31,2786,1,1
2018,28,Charlie Daniels,Bournemouth,DEF,21,1583,1,0
2018,29,Adam Smith,Bournemouth,DEF,25,2067,1,1
2018,30,Tyrone Mings,Bournemouth,DEF,5,141,0,0
2018,31,Nathan Aké,Bournemouth,DEF,38,3411,4,1
2018,32,Jack Simpson,Bournemouth,DEF,6,401,0,0
2018,33,Harry Arter,Cardiff,MID,25,1999,0,1
2018,35,Andrew Surman,Bournemouth,MID,18,1438,0,0
2018,36,Junior Stanislas,Bournemouth,MID,23,1021,2,3
2018,37,Dan Gosling,Bournemouth,MID,25,1734,2,2
2018,38,Jordon Ibe,Bournemouth,MID,19,789,1,1
2018,39,Lewis Cook,Bournemouth,MID,13,719,0,0
2018,40,Ryan Fraser,Bournemouth,MID,38,3165,7,14
2018,41,Emerson Hyndman,Bournemouth,MID,1,37,0,0
2018,42,David Brooks,Bournemouth,MID,30,2263,7,6
2018,43,Callum Wilson,Bournemouth,FWD,30,2528,14,12
2018,44,Lys Mousset,Bournemouth,FWD,24,350,1,0
2018,45,Joshua King,Bournemouth,FWD,35,2963,12,3
2018,46,Jermain Defoe,Bournemouth,FWD,4,22,0,0
2018,47,Mathew Ryan,Brighton,GK,34,3060,0,0
2018,48,Lewis Dunk,Brighton,DEF,36,3151,2,1
2018,49,Shane Duffy,Brighton,DEF,35,3087,5,2
2018,50,Bruno Saltor Grau,Brighton,DEF,14,1131,0,1
2018,51,Gaëtan Bong,Brighton,DEF,22,1805,0,0
2018,54,Leon Balogun,Brighton,DEF,8,591,1,0
2018,55,Anthony Knockaert,Brighton,MID,30,1828,2,6
2018,56,Dale Stephens,Brighton,MID,30,2484,1,1
2018,57,Beram Kayal,Brighton,MID,18,935,1,1
2018,58,Solomon March,Brighton,MID,35,2459,1,6
2018,59,Pascal Groß,Brighton,MID,25,1864,3,3
2018,60,Davy Pröpper,Brighton,MID,30,2546,1,1
2018,61,José Heriberto Izquierdo Mena,Brighton,MID,15,789,0,2
2018,62,Glenn Murray,Brighton,FWD,38,2501,13,1
2018,65,Jürgen Locadia,Brighton,FWD,26,1225,2,0
2018,66,Florin Andone,Brighton,FWD,23,866,3,0
2018,67,Tom Heaton,Burnley,GK,19,1710,0,0
2018,69,Matthew Lowton,Burnley,DEF,21,1748,0,0
2018,70,Ben Mee,Burnley,DEF,38,3420,0,2
2018,71,Stephen Ward,Burnley,DEF,3,228,0,0
2018,72,James Tarkowski,Burnley,DEF,35,3086,3,2
2018,73,Kevin Long,Burnley,DEF,6,513,0,1
2018,74,Charlie Taylor,Burnley,DEF,38,3240,0,1
2018,75,Phil Bardsley,Burnley,DEF,19,1670,0,0
2018,76,Johann Berg Gudmundsson,Burnley,MID,29,1743,3,7
2018,77,Steven Defour,Burnley,MID,6,449,0,0
2018,78,Jeff Hendrick,Burnley,MID,32,2058,2,2
2018,79,Robbie Brady,Burnley,MID,16,714,0,1
2018,80,Ashley Westwood,Burnley,MID,34,2821,2,8
2018,82,Jack Cork,Burnley,MID,37,3312,1,2
2018,83,Aaron Lennon,Burnley,MID,16,1214,1,1
2018,84,Sam Vokes,Burnley,FWD,20,907,3,0
2018,85,Ashley Barnes,Burnley,FWD,37,2378,12,3
2018,87,Chris Wood,Burnley,FWD,38,2580,10,3
2018,88,Neil Etheridge,Cardiff,GK,38,3420,0,0
2018,90,Sean Morrison,Cardiff,DEF,34,3039,1,4
2018,91,Sol Bamba,Cardiff,DEF,28,2475,4,1
2018,92,Bruno Ecuele Manga,Cardiff,DEF,38,3375,0,1
2018,94,Joe Bennett,Cardiff,DEF,30,2639,0,1
2018,95,Lee Peltier,Cardiff,DEF,20,1542,0,0
2018,96,Ashley Darel Jazz Richards,Cardiff,DEF,4,129,0,0
2018,98,Joe Ralls,Cardiff,MID,28,1954,0,0
2018,99,David Junior Hoilett,Cardiff,MID,32,2134,3,2
2018,100,Nathaniel Mendez-Laing,Cardiff,MID,20,978,4,1
2018,101,Callum Paterson,Cardiff,MID,27,1993,4,2
2018,102,Aron Gunnarsson,Cardiff,MID,28,2266,1,1
2018,104,Loïc Damour,Cardiff,MID,2,21,0,0
2018,105,Danny Ward,Cardiff,MID,14,435,1,0
2018,106,Josh Murphy,Cardiff,MID,29,1810,3,2
2018,107,Kenneth Zohore,Cardiff,FWD,19,741,1,1
2018,109,Gary Madine,Cardiff,FWD,5,32,0,0
2018,110,Bobby Reid,Cardiff,FWD,27,1413,5,3
2018,112,Willy Caballero,Chelsea,GK,2,180,0,0
2018,113,César Azpilicueta,Chelsea,DEF,38,3402,1,6
2018,114,Gary Cahill,Chelsea,DEF,2,22,0,0
2018,115,Marcos Alonso,Chelsea,DEF,31,2759,2,8
2018,116,David Luiz Moreira Marinho,Chelsea,DEF,36,3238,3,2
2018,117,Victor Moses,Chelsea,DEF,2,26,0,0
2018,118,Antonio Rüdiger,Chelsea,DEF,33,2871,1,2
2018,119,Andreas Christensen,Chelsea,DEF,8,615,0,0
2018,120,Davide Zappacosta,Chelsea,DEF,4,125,0,0
2018,121,Emerson Palmieri dos Santos,Chelsea,DEF,10,660,0,0
2018,122,Eden Hazard,Chelsea,MID,37,2918,16,15
2018,123,Cesc Fàbregas,Chelsea,MID,6,175,0,0
2018,124,Willian Borges Da Silva,Chelsea,MID,32,2091,3,7
2018,125,Pedro Rodríguez Ledesma,Chelsea,MID,31,1768,8,2
2018,126,N'Golo Kanté,Chelsea,MID,36,3092,4,4
2018,127,Ross Barkley,Chelsea,MID,27,1231,3,5
2018,131,Callum Hudson-Odoi,Chelsea,MID,10,388,0,1
2018,132,Ruben Loftus-Cheek,Chelsea,MID,24,980,6,2
2018,133,Olivier Giroud,Chelsea,FWD,27,828,2,4
2018,134,Álvaro Morata,Chelsea,FWD,16,936,5,0
2018,135,Wayne Hennessey,Crystal Palace,GK,18,1575,0,0
2018,136,Julian Speroni,Crystal Palace,GK,1,90,0,0
2018,137,Vicente Guaita,Crystal Palace,GK,20,1754,0,0
2018,138,James Tomkins,Crystal Palace,DEF,29,2561,1,1
2018,139,Scott Dann,Crystal Palace,DEF,10,661,0,1
2018,140,Martin Kelly,Crystal Palace,DEF,13,1110,0,0
2018,141,Jeffrey Schlupp,Crystal Palace,DEF,30,1660,4,3
2018,142,Patrick van Aanholt,Crystal Palace,DEF,36,3196,3,2
2018,143,Mamadou Sakho,Crystal Palace,DEF,27,2416,0,0
2018,145,Aaron Wan-Bissaka,Crystal Palace,DEF,35,3134,0,3
2018,146,Jason Puncheon,Crystal Palace,MID,5,11,0,0
2018,146,Jason Puncheon,Huddersfield,MID,6,381,0,0
2018,147,James McArthur,Crystal Palace,MID,38,3057,3,7
2018,148,Bakary Sako,Crystal Palace,MID,4,26,0,0
2018,149,Andros Townsend,Crystal Palace,MID,38,3007,6,5
2018,150,Luka Milivojevic,Crystal Palace,MID,38,3420,12,2
2018,151,Wilfried Zaha,Crystal Palace,FWD,34,3037,10,11
2018,152,Christian Benteke,Crystal Palace,FWD,16,807,1,1
2018,153,Alexander Sørloth,Crystal Palace,FWD,12,173,0,0
2018,154,Jordan Pickford,Everton,GK,38,3420,0,0
2018,156,Leighton Baines,Everton,DEF,6,374,0,0
2018,157,Seamus Coleman,Everton,DEF,29,2558,2,2
2018,158,Phil Jagielka,Everton,DEF,7,329,1,0
2018,160,Mason Holgate,Everton,DEF,5,407,0,0
2018,161,Jonjoe Kenny,Everton,DEF,10,789,0,1
2018,162,Michael Keane,Everton,DEF,33,2970,1,2
2018,164,Theo Walcott,Everton,MID,37,2108,5,3
2018,166,James McCarthy,Everton,MID,1,14,0,0
2018,167,Morgan Schneiderlin,Everton,MID,14,832,0,1
2018,168,Idrissa Gueye,Everton,MID,33,2821,0,2
2018,169,Tom Davies,Everton,MID,16,975,0,0
2018,170,Ademola Lookman,Everton,MID,21,600,0,3
2018,172,Gylfi Sigurdsson,Everton,MID,38,3122,13,6
2018,175,Dominic Calvert-Lewin,Everton,FWD,35,1769,6,5
2018,176,Oumar Niasse,Cardiff,FWD,13,930,0,0
2018,176,Oumar Niasse,Everton,FWD,5,58,0,0
2018,177,Cenk Tosun,Everton,FWD,25,1044,3,3
2018,178,Marcus Bettinelli,Fulham,GK,7,630,0,0
2018,179,David Button,Brighton,GK,4,360,0,0
2018,180,Tim Ream,Fulham,DEF,26,2046,0,0
2018,181,Denis Odoi,Fulham,DEF,31,2593,0,1
2018,182,Tom Cairney,Fulham,MID,31,2188,1,1
2018,183,Kevin McDonald,Fulham,MID,15,837,0,0
2018,184,Ryan Sessegnon,Fulham,MID,35,2291,2,7
2018,185,Stefan Johansen,Fulham,MID,12,409,0,0
2018,186,Floyd Ayité,Fulham,MID,16,466,1,0
2018,187,Neeskens Kebano,Fulham,MID,7,101,0,0
2018,189,Aboubakar Kamara,Fulham,FWD,13,688,3,0
2018,190,Ben Hamer,Huddersfield,GK,7,552,0,0
2018,191,Jonas Lössl,Huddersfield,GK,31,2777,0,1
2018,192,Christopher Schindler,Huddersfield,DEF,37,3260,1,1
2018,193,Chris Löwe,Huddersfield,DEF,29,2052,0,4
2018,194,Tommy Smith,Huddersfield,DEF,15,1141,0,0
2018,195,Mathias Jorgensen,Huddersfield,DEF,24,2147,3,1
2018,197,Florent Hadergjonaj,Huddersfield,DEF,24,1837,0,0
2018,198,Terence Kongolo,Huddersfield,DEF,32,2716,1,1
2018,199,Aaron Mooy,Huddersfield,MID,29,2326,3,1
2018,200,Rajiv van La Parra,Huddersfield,MID,5,405,0,0
2018,201,Jonathan Hogg,Huddersfield,MID,29,2369,0,1
2018,202,Philip Billing,Huddersfield,MID,27,2187,2,0
2018,204,Danny Williams,Huddersfield,MID,5,94,0,0
2018,205,Abdelhamid Sabiri,Huddersfield,MID,2,48,0,0
2018,206,Alex Pritchard,Huddersfield,MID,30,2079,2,0
2018,207,Ramadan Sobhi,Huddersfield,MID,4,75,0,0
2018,208,Juninho Bacuna,Huddersfield,MID,21,1410,1,0
2018,209,Collin Quaner,Huddersfield,FWD,2,37,0,0
2018,210,Laurent Depoitre,Huddersfield,FWD,23,1058,0,1
2018,211,Steve Mounie,Huddersfield,FWD,31,1767,2,4
2018,212,Elias Kachunga,Huddersfield,FWD,20,1175,0,0
2018,213,Kasper Schmeichel,Leicester,GK,38,3420,0,0
2018,215,Wes Morgan,Leicester,DEF,22,1924,3,0
2018,216,Christian Fuchs,Leicester,DEF,3,206,0,0
2018,217,Danny Simpson,Leicester,DEF,6,289,0,0
2018,219,Benjamin Chilwell,Leicester,DEF,36,3240,0,5
2018,220,Harry Maguire,Leicester,DEF,31,2596,3,1
2018,221,Ricardo Domingos Barbosa Pereira,Leicester,DEF,35,3123,2,8
2018,222,Jonny Evans,Leicester,DEF,24,1993,1,0
2018,223,Riyad Mahrez,Man City,MID,27,1331,7,4
2018,224,Marc Albrighton,Leicester,MID,27,1617,2,2
2018,225,Demarai Gray,Leicester,MID,34,1978,4,1
2018,226,Daniel Amartey,Leicester,MID,9,639,0,0
2018,227,Wilfred Ndidi,Leicester,MID,38,3295,2,0
2018,228,Vicente Iborra,Leicester,MID,8,224,0,0
2018,230,Hamza Choudhury,Leicester,MID,9,593,0,0
2018,231,Adrien Sebastian Perruchet Silva,Leicester,MID,2,87,0,0
2018,232,Fousseni Diabaté,Leicester,MID,1,54,0,0
2018,233,James Maddison,Leicester,MID,36,2831,7,7
2018,234,Jamie Vardy,Leicester,FWD,34,2726,18,5
2018,235,Shinji Okazaki,Leicester,FWD,21,269,0,1
2018,236,Kelechi Iheanacho,Leicester,FWD,30,924,1,5
2018,239,Dejan Lovren,Liverpool,DEF,13,986,1,1
2018,240,Alberto Moreno,Liverpool,DEF,2,154,0,0
2018,241,Nathaniel Clyne,Bournemouth,DEF,14,1142,0,1
2018,241,Nathaniel Clyne,Liverpool,DEF,4,108,0,0
2018,242,Joseph Gomez,Liverpool,DEF,16,1059,0,0
2018,243,Joel Matip,Liverpool,DEF,22,1535,1,0
2018,245,Trent Alexander-Arnold,Liverpool,DEF,29,2460,1,13
2018,246,Virgil van Dijk,Liverpool,DEF,38,3384,4,4
2018,247,Andrew Robertson,Liverpool,DEF,36,3216,0,12
2018,248,Alex Oxlade-Chamberlain,Liverpool,MID,2,19,0,0
2018,249,Jordan Henderson,Liverpool,MID,32,1976,1,3
2018,250,Adam Lallana,Liverpool,MID,13,460,0,1
2018,251,Sadio Mané,Liverpool,MID,36,3076,22,3
2018,252,Georginio Wijnaldum,Liverpool,MID,35,2723,3,1
2018,253,Mohamed Salah,Liverpool,MID,38,3254,22,12
2018,254,James Milner,Liverpool,MID,31,1778,5,5
2018,255,Fabio Henrique Tavares,Liverpool,MID,28,2011,1,2
2018,256,Naby Keita,Liverpool,MID,25,1385,2,1
2018,257,Roberto Firmino,Liverpool,FWD,34,2606,12,8
2018,258,Danny Ings,Southampton,FWD,24,1650,7,3
2018,259,Dominic Solanke,Bournemouth,FWD,10,340,0,1
2018,260,Ederson Santana de Moraes,Man City,GK,38,3420,0,1
2018,262,John Stones,Man City,DEF,24,1761,0,0
2018,263,Vincent Kompany,Man City,DEF,17,1220,1,0
2018,264,Nicolás Otamendi,Man City,DEF,18,1233,0,0
2018,265,Kyle Walker,Man City,DEF,33,2776,1,1
2018,266,Danilo Luiz da Silva,Man City,DEF,11,805,1,0
2018,267,Benjamin Mendy,Man City,DEF,10,900,0,6
2018,268,Aymeric Laporte,Man City,DEF,35,3056,3,3
2018,269,Fabian Delph,Man City,DEF,11,722,0,1
2018,270,Raheem Sterling,Man City,MID,34,2770,17,15
2018,271,David Silva,Man City,MID,33,2399,6,8
2018,272,Fernando Luiz Rosa,Man City,MID,29,2375,1,3
2018,273,Kevin De Bruyne,Man City,MID,19,968,2,3
2018,274,Ilkay Gündogan,Man City,MID,31,2129,6,3
2018,275,Leroy Sané,Man City,MID,31,1857,10,12
2018,276,Bernardo Mota Veiga de Carvalho e Silva,Man City,MID,36,2849,7,8
2018,277,Phil Foden,Man City,MID,13,328,1,0
2018,279,Oleksandr Zinchenko,Man City,MID,14,1151,0,3
2018,280,Sergio Agüero,Man City,FWD,33,2457,21,11
2018,281,Gabriel Fernando de Jesus,Man City,FWD,29,1017,7,3
2018,282,David De Gea,Man United,GK,38,3420,0,0
2018,284,Chris Smalling,Man United,DEF,24,2127,1,0
2018,285,Phil Jones,Man United,DEF,18,1261,0,1
2018,286,Luke Shaw,Man United,DEF,29,2591,1,5
2018,287,Marcos Rojo,Man United,DEF,5,209,0,0
2018,288,Antonio Valencia,Man United,DEF,6,466,0,0
2018,289,Matteo Darmian,Man United,DEF,6,443,0,0
2018,291,Eric Bailly,Man United,DEF,12,636,0,0
2018,292,Victor Lindelöf,Man United,DEF,30,2600,1,1
2018,293,Ashley Young,Man United,DEF,30,2568,2,3
2018,294,José Diogo Dalot Teixeira,Man United,DEF,16,1009,0,2
2018,295,Alexis Sánchez,Man United,MID,20,869,1,5
2018,296,Nemanja Matic,Man United,MID,28,2437,1,0
2018,297,Juan Mata,Man United,MID,22,1284,3,4
2018,298,Marouane Fellaini,Man United,MID,14,746,0,2
2018,299,Ander Herrera,Man United,MID,22,1397,2,3
2018,300,Jesse Lingard,Man United,MID,27,1657,4,3
2018,301,Anthony Martial,Man United,MID,27,1613,10,4
2018,302,Paul Pogba,Man United,MID,35,3007,13,10
2018,303,Scott McTominay,Man United,MID,16,862,2,0
2018,304,Frederico Rodrigues de Paula Santos,Man United,MID,17,1039,1,2
2018,305,Marcus Rashford,Man United,FWD,33,2331,10,7
2018,306,Romelu Lukaku,Man United,FWD,32,2126,12,1
2018,309,Martin Dubravka,Newcastle,GK,38,3420,0,0
2018,310,DeAndre Yedlin,Newcastle,DEF,29,2472,1,2
2018,311,Ciaran Clark,Newcastle,DEF,11,857,3,0
2018,312,Jamaal Lascelles,Newcastle,DEF,32,2745,0,1
2018,313,Paul Dummett,Newcastle,DEF,26,1986,0,0
2018,314,Florian Lejeune,Newcastle,DEF,12,1054,0,0
2018,315,Javier Manquillo,Newcastle,DEF,18,1098,0,3
2018,317,Matt Ritchie,Newcastle,MID,36,2927,2,8
2018,318,Jonjo Shelvey,Newcastle,MID,16,943,1,1
2018,319,Mohamed Diamé,Newcastle,MID,29,2162,0,0
2018,320,Christian Atsu,Newcastle,MID,28,1481,1,1
2018,321,Jacob Murphy,Newcastle,MID,9,296,0,1
2018,323,Isaac Hayden,Newcastle,MID,25,1857,1,4
2018,324,Sung-yueng Ki,Newcastle,MID,18,1298,0,1
2018,326,Ayoze Pérez,Newcastle,FWD,37,2916,12,2
2018,327,Jose Luis Mato Sanmartín,Newcastle,FWD,16,586,2,0
2018,328,Alex McCarthy,Southampton,GK,25,2250,0,0
2018,329,Fraser Forster,Southampton,GK,1,90,0,0
2018,330,Ryan Bertrand,Southampton,DEF,24,2160,1,0
2018,331,Maya Yoshida,Southampton,DEF,17,1518,0,1
2018,332,Cédric Soares,Southampton,DEF,18,1493,1,2
2018,333,Jack Stephens,Southampton,DEF,24,1697,1,0
2018,335,Jan Bednarek,Southampton,DEF,25,2150,0,1
2018,336,Wesley Hoedt,Southampton,DEF,13,1170,0,0
2018,337,Steven Davis,Southampton,MID,3,97,0,1
2018,338,James Ward-Prowse,Southampton,MID,26,1940,7,0
2018,339,Oriol Romeu Vidal,Southampton,MID,31,2131,1,0
2018,340,Pierre-Emile Højbjerg,Southampton,MID,31,2760,4,3
2018,342,Joshua Sims,Southampton,MID,7,208,0,1
2018,343,Nathan Redmond,Southampton,MID,38,3272,6,5
2018,344,Mario Lemina,Southampton,MID,21,1612,1,2
2018,345,Stuart Armstrong,Southampton,MID,29,1421,3,4
2018,346,Mohamed Elyounoussi,Southampton,MID,16,785,0,0
2018,347,Shane Long,Southampton,FWD,26,1260,5,2
2018,348,Charlie Austin,Southampton,FWD,25,970,2,2
2018,349,Manolo Gabbiadini,Southampton,FWD,12,468,1,0
2018,351,Hugo Lloris,Tottenham,GK,33,2970,0,0
2018,352,Michel Vorm,Tottenham,GK,2,180,0,0
2018,353,Toby Alderweireld,Tottenham,DEF,34,2921,0,0
2018,354,Danny Rose,Tottenham,DEF,26,1792,0,4
2018,355,Jan Vertonghen,Tottenham,DEF,22,1911,1,0
2018,356,Ben Davies,Tottenham,DEF,27,1837,0,0
2018,357,Kieran Trippier,Tottenham,DEF,27,2275,1,5
2018,358,Kyle Walker-Peters,Tottenham,DEF,6,374,0,3
2018,359,Davinson Sánchez,Tottenham,DEF,23,1941,1,2
2018,360,Serge Aurier,Tottenham,DEF,8,562,0,2
2018,361,Eric Dier,Tottenham,MID,20,1504,3,0
2018,362,Mousa Dembélé,Tottenham,MID,10,512,0,0
2018,363,Erik Lamela,Tottenham,MID,19,965,4,4
2018,364,Christian Eriksen,Tottenham,MID,35,2770,8,12
2018,365,Bamidele Alli,Tottenham,MID,25,1822,5,4
2018,366,Victor Wanyama,Tottenham,MID,13,511,1,0
2018,367,Heung-Min Son,Tottenham,MID,31,2033,12,8
2018,368,Harry Winks,Tottenham,MID,26,1589,1,0
2018,369,Moussa Sissoko,Tottenham,MID,29,2329,0,3
2018,370,Lucas Rodrigues Moura da Silva,Tottenham,MID,32,2115,10,2
2018,371,Fernando Llorente,Tottenham,FWD,20,681,1,4
2018,372,Harry Kane,Tottenham,FWD,28,2423,17,6
2018,376,Craig Cathcart,Watford,DEF,36,3095,3,0
2018,377,Sebastian Prödl,Watford,DEF,1,13,0,0
2018,378,José Holebas,Watford,DEF,28,2392,3,7
2018,379,Miguel Britos,Watford,DEF,3,184,0,0
2018,380,Christian Kabasele,Watford,DEF,21,1584,0,0
2018,381,Daryl Janmaat,Watford,DEF,18,1520,0,2
2018,382,Adrian Mariappa,Watford,DEF,26,1924,0,0
2018,383,Francisco Femenía Far,Watford,DEF,29,2043,1,1
2018,385,Marc Navarro,Watford,DEF,2,84,0,0
2018,386,Adam Masina,Watford,DEF,14,1002,0,1
2018,387,Nathaniel Chalobah,Watford,MID,9,265,0,0
2018,388,Tom Cleverley,Watford,MID,13,470,1,0
2018,389,Etienne Capoue,Watford,MID,33,2944,1,3
2018,390,Abdoulaye Doucouré,Watford,MID,35,3061,5,7
2018,391,Roberto Pereyra,Watford,MID,33,2817,6,4
2018,392,Will Hughes,Watford,MID,32,2419,2,4
2018,393,Richarlison de Andrade,Everton,MID,35,2662,13,3
2018,394,Gerard Deulofeu,Watford,MID,30,2064,10,5
2018,395,Andre Gray,Watford,FWD,29,1352,7,2
2018,396,Troy Deeney,Watford,FWD,32,2542,9,5
2018,397,Stefano Okaka,Watford,FWD,2,22,0,0
2018,400,Lukasz Fabianski,West Ham,GK,38,3420,0,0
2018,402,Aaron Cresswell,West Ham,DEF,20,1588,0,1
2018,403,Angelo Ogbonna,West Ham,DEF,24,1871,1,1
2018,405,Pablo Zabaleta,West Ham,DEF,26,2089,0,1
2018,406,Declan Rice,West Ham,DEF,34,3003,2,0
2018,408,Ryan Fredericks,West Ham,DEF,15,1084,1,0
2018,409,Issa Diop,West Ham,DEF,33,2970,1,0
2018,410,Arthur Masuaku,West Ham,MID,23,1757,0,2
2018,411,Mark Noble,West Ham,MID,31,2289,5,5
2018,412,Cheikhou Kouyaté,Crystal Palace,MID,31,1889,0,3
2018,413,Pedro Obiang,West Ham,MID,24,1116,0,2
2018,414,Manuel Lanzini,West Ham,MID,10,685,1,2
2018,415,Michail Antonio,West Ham,MID,33,2093,6,8
2018,417,Marko Arnautovic,West Ham,FWD,28,1988,10,5
2018,418,Andy Carroll,West Ham,FWD,12,454,0,0
2018,419,Javier Hernández Balcázar,West Ham,FWD,25,1326,7,4
2018,421,John Ruddy,Wolves,GK,1,90,0,0
2018,422,Will Norris,Wolves,GK,1,1,0,0
2018,423,Willy Boly,Wolves,DEF,36,3168,4,0
2018,425,Matt Doherty,Wolves,DEF,38,3141,4,7
2018,426,Romain Saïss,Wolves,DEF,19,1142,2,0
2018,427,Ryan Bennett,Wolves,DEF,34,3060,1,0
2018,430,Conor Coady,Wolves,DEF,38,3420,0,0
2018,431,Rúben Gonçalo Silva Nascimento Vinagre,Wolves,DEF,17,703,0,0
2018,432,Diogo Jota,Wolves,MID,33,2352,9,8
2018,433,Rúben Diogo da Silva Neves,Wolves,MID,35,3006,4,3
2018,434,Ivan Cavaleiro,Wolves,MID,23,677,3,1
2018,435,Hélder Costa,Wolves,MID,25,1333,1,2
2018,437,Raúl Jiménez,Wolves,FWD,38,3112,13,10
2018,438,Bonatini Lohner Maia Bonatini,Wolves,FWD,7,130,0,1
2018,440,Bernardo Fernandes da Silva Junior,Brighton,DEF,22,1749,0,1
2018,441,Joel Ward,Crystal Palace,DEF,7,551,1,0
2018,443,Pape Souaré,Crystal Palace,DEF,1,1,0,0
2018,444,Connor Wickham,Crystal Palace,FWD,6,61,0,1
2018,445,Ben Foster,Watford,GK,38,3420,0,0
2018,446,Ken Sema,Watford,MID,17,747,1,2
2018,447,Jack Wilshere,West Ham,MID,8,388,0,2
2018,448,Morgan Gibbs-White,Wolves,MID,26,645,0,1
2018,450,Lucas Torreira,Arsenal,MID,34,2377,2,4
2018,451,Matteo Guendouzi,Arsenal,MID,33,2140,0,0
2018,452,Angus Gunn,Southampton,GK,12,1080,0,0
2018,453,Andriy Yarmolenko,West Ham,MID,9,456,2,1
2018,454,Rui Pedro dos Santos Patrício,Wolves,GK,37,3330,0,0
2018,455,Maxime Le Marchand,Fulham,DEF,26,2250,0,1
2018,456,Jean Michael Seri,Fulham,MID,32,2239,1,3
2018,458,Robert Kenedy Nunes do Nascimento,Newcastle,MID,25,1337,1,1
2018,459,Jorge Luiz Frello Filho,Chelsea,MID,37,3156,2,0
2018,460,Cyrus Christie,Fulham,DEF,28,1941,0,1
2018,461,Erik Durm,Huddersfield,DEF,28,2049,0,1
2018,462,Xherdan Shaqiri,Liverpool,MID,24,1052,6,5
2018,463,Jannik Vestergaard,Southampton,DEF,23,2027,0,0
2018,464,Fabián Balbuena,West Ham,DEF,23,2013,1,0
2018,465,Felipe Anderson Pereira Gomes,West Ham,MID,36,3045,9,6
2018,466,Yves Bissouma,Brighton,MID,28,1764,0,0
2018,467,Greg Cunninghamm,Cardiff,DEF,7,630,0,0
2018,468,Alisson Ramses Becker,Liverpool,GK,38,3420,0,0
2018,471,Adama Diakhaby,Huddersfield,MID,12,548,0,1
2018,472,Daniel Sturridge,Liverpool,FWD,18,498,2,1
2018,473,Diego Rico,Bournemouth,DEF,12,606,0,0
2018,474,Fabricio Agosto Ramírez,Fulham,GK,2,180,0,0
2018,475,João Filipe Iria Santos Moutinho,Wolves,MID,38,3030,1,8
2018,476,Alireza Jahanbakhsh,Brighton,MID,19,1014,0,0
2018,478,André Schürrle,Fulham,MID,24,1638,6,0
2018,479,Matt Targett,Southampton,DEF,16,1185,1,3
2018,480,Aleksandar Mitrovic,Fulham,FWD,37,3280,11,4
2018,481,Andreas Pereira,Man United,MID,15,590,1,1
2018,482,Fabian Schär,Newcastle,DEF,24,2000,4,1
2018,483,Jonathan Castro Otto,Wolves,DEF,33,2772,1,3
2018,484,Lucas Digne,Everton,DEF,35,2964,4,5
2018,486,Max Meyer,Crystal Palace,MID,29,1405,1,3
2018,487,Alfie Mawson,Fulham,DEF,15,1130,0,0
2018,488,Yoshinori Muto,Newcastle,FWD,17,514,1,0
2018,489,Robert Snodgrass,West Ham,MID,33,2215,2,5
2018,490,Joe Hart,Burnley,GK,19,1710,0,0
2018,491,Ben Gibson,Burnley,DEF,1,62,1,0
2018,492,Rachid Ghezzal,Leicester,MID,19,733,1,0
2018,493,Salomón Rondón,Newcastle,FWD,32,2601,11,8
2018,494,Jefferson Lerma,Bournemouth,MID,30,2505,2,2
2018,495,Matej Vydra,Burnley,FWD,13,310,1,1
2018,497,Georges-Kévin Nkoudou,Tottenham,MID,1,4,0,1
2018,498,Kepa Arrizabalaga,Chelsea,GK,36,3240,0,0
2018,499,Mateo Kovacic,Chelsea,MID,32,1725,0,2
2018,500,Adama Traoré,Wolves,MID,29,884,1,1
2018,502,Lucas Pérez,West Ham,FWD,15,465,3,0
2018,503,Martín Montoya,Brighton,DEF,25,2166,0,1
2018,504,Víctor Camarasa,Cardiff,MID,32,2569,5,4
2018,505,Jordan Ayew,Crystal Palace,FWD,20,1176,1,3
2018,506,Yerry Mina,Everton,DEF,13,891,1,0
2018,507,Bernard Anício Caldeira Duarte,Everton,MID,34,2108,1,4
2018,508,André Filipe Tavares Gomes,Everton,MID,27,1977,1,2
2018,509,Sergio Rico,Fulham,GK,29,2610,0,0
2018,510,Joe Bryan,Fulham,DEF,28,2344,0,1
2018,511,Timothy Fosu-Mensah,Fulham,DEF,12,791,0,0
2018,512,André-Frank Zambo Anguissa,Fulham,MID,22,1512,0,0
2018,513,Luciano Vietto,Fulham,FWD,20,980,1,4
2018,514,Isaac Mbenza,Huddersfield,MID,22,977,1,1
2018,515,Caglar Söyüncü,Leicester,DEF,5,281,0,0
2018,515,Çaglar Söyüncü,Leicester,DEF,1,90,0,0
2018,516,Federico Fernández,Newcastle,DEF,19,1482,0,2
2018,517,Domingos Quina,Watford,MID,8,334,1,0
2018,518,Carlos Sánchez,West Ham,MID,7,240,0,0
2018,519,Leander Dendoncker,Wolves,MID,19,1465,2,0
2018,521,Ibrahima Cissé,Fulham,MID,3,86,0,0
2018,522,Jon Gorenc Stankovic,Huddersfield,DEF,11,715,1,0
2018,523,Luke Amos,Tottenham,MID,1,2,0,0
2018,524,Isaac Success Ajayi,Watford,FWD,30,1033,1,1
2018,526,Kurt Zouma,Everton,DEF,32,2613,2,2
2018,527,Nampalys Mendy,Leicester,MID,31,2085,0,1
2018,531,Sean Longstaff,Newcastle,MID,9,686,1,1
2018,534,Dwight McNeil,Burnley,MID,21,1590,3,4
2018,535,Kadeem Harris,Cardiff,MID,13,365,1,1
2018,536,Paulo Gazzaniga,Tottenham,GK,3,270,0,0
2018,539,Grady Diangana,West Ham,MID,17,600,0,1
2018,540,Oliver Skipp,Tottenham,MID,8,214,0,0
2018,543,Divock Origi,Liverpool,FWD,12,364,3,1
2018,544,Ben Wilmot,Watford,DEF,2,26,0,0
2018,549,Juan Foyth,Tottenham,DEF,12,888,1,0
2018,550,Michael Obafemi,Southampton,FWD,6,134,1,1
2018,552,Edward Nketiah,Arsenal,FWD,5,63,1,0
2018,556,Yan Valery,Southampton,DEF,23,1709,2,1
2018,557,Rafael Camacho,Liverpool,MID,1,1,0,0
2018,560,Alexandre Nascimento Costa Silva,West Ham,FWD,1,17,0,0
2018,562,Tyreke Johnson,Southampton,MID,1,1,0,0
2018,563,Bukayo Saka,Arsenal,MID,1,7,0,0
2018,565,Kayne Ramsay,Southampton,DEF,1,90,0,0
2018,566,Joseph Willock,Arsenal,MID,2,63,0,0
2018,567,Max Kilman,Wolves,DEF,1,1,0,0
2018,568,Angel Gomes,Man United,MID,2,25,0,0
2018,569,Samir Nasri,West Ham,MID,5,243,0,2
2018,570,Callum Slattery,Southampton,MID,3,110,0,0
2018,571,Harvey Barnes,Leicester,MID,16,1001,1,3
2018,573,Rhys Healey,Cardiff,FWD,3,49,0,0
2018,574,Sam Gallagher,Southampton,FWD,4,32,0,0
2018,575,Ryan Babel,Fulham,MID,16,1250,5,4
2018,579,Gonzalo Higuaín,Chelsea,FWD,14,1084,5,0
2018,580,Chris Mepham,Bournemouth,DEF,13,848,0,1
2018,581,Carl Jenkinson,Arsenal,DEF,3,165,0,0
2018,585,Karlan Grant,Huddersfield,FWD,13,873,3,2
2018,586,Denis Suárez,Arsenal,MID,4,67,0,0
2018,587,Miguel Almirón,Newcastle,MID,10,758,0,2
2018,588,Antonio Barreca,Newcastle,DEF,1,4,0,0
2018,589,Leandro Bacuna,Cardiff,DEF,11,554,0,1
2018,590,Peter Crouch,Burnley,FWD,6,86,0,1
2018,591,Youri Tielemans,Leicester,MID,13,1087,3,5
2018,592,Michy Batshuayi,Crystal Palace,FWD,11,748,5,1
2018,593,Håvard Nordtveit,Fulham,DEF,5,361,0,1
2018,594,Lazar Markovic,Fulham,MID,1,45,0,0
2018,598,Joel Coleman,Huddersfield,GK,1,90,0,0
2018,599,Sam Surridge,Bournemouth,FWD,2,11,0,0
2018,601,Demeaco Duhaney,Huddersfield,DEF,1,45,0,0
2018,602,James Garner,Man United,MID,1,1,0,0
2018,603,Tahith Chong,Man United,MID,2,37,0,0
2018,605,Ben Johnson,West Ham,DEF,1,62,0,0
2018,606,Matthew Daly,Huddersfield,MID,2,73,0,0
2018,607,Aaron Rowe,Huddersfield,MID,2,68,0,0
2018,608,Mason Greenwood,Man United,FWD,3,115,0,0
2018,610,Harvey Elliott,Fulham,MID,2,18,0,0
2018,614,Vincent Janssen,Tottenham,FWD,3,36,0,0
2018,616,Mark Travers,Bournemouth,GK,2,180,0,0
2018,618,Luke Dreher,Crystal Palace,MID,1,1,0,0
2019,1,Shkodran Mustafi,Arsenal,DEF,15,1205,0,2
2019,2,Héctor Bellerín,Arsenal,DEF,15,1156,1,0
2019,3,Sead Kolasinac,Arsenal,DEF,26,1694,0,2
2019,4,Ainsley Maitland-Niles,Arsenal,DEF,20,1382,0,2
2019,5,Sokratis Papastathopoulos,Arsenal,DEF,19,1696,2,0
2019,6,Nacho Monreal,Arsenal,DEF,3,270,0,0
2019,10,Rob Holding,Arsenal,DEF,8,580,0,0
2019,11,Pierre-Emerick Aubameyang,Arsenal,FWD,36,3136,22,5
2019,12,Alexandre Lacazette,Arsenal,FWD,30,1867,10,7
2019,13,Edward Nketiah,Arsenal,FWD,13,628,2,0
2019,14,Bernd Leno,Arsenal,GK,30,2649,0,0
2019,15,Mesut Özil,Arsenal,MID,18,1439,1,3
2019,16,Henrikh Mkhitaryan,Arsenal,MID,3,110,0,0
2019,17,Alex Iwobi,Everton,MID,25,1591,1,0
2019,18,Granit Xhaka,Arsenal,MID,31,2586,1,2
2019,19,Lucas Torreira,Arsenal,MID,29,1501,1,1
2019,21,Matteo Guendouzi,Arsenal,MID,24,1744,0,2
2019,22,Ahmed El Mohamady,Aston Villa,DEF,18,1024,1,1
2019,24,Neil Taylor,Aston Villa,DEF,14,1088,0,0
2019,25,Kortney Hause,Aston Villa,DEF,18,1544,1,0
2019,26,Jonathan Kodjia,Aston Villa,FWD,6,111,0,0
2019,27,Ørjan Nyland,Aston Villa,GK,7,537,0,0
2019,28,Conor Hourihane,Aston Villa,MID,27,1526,3,5
2019,29,Jack Grealish,Aston Villa,MID,36,3233,8,7
2019,30,Anwar El Ghazi,Aston Villa,MID,34,2046,4,5
2019,31,John McGinn,Aston Villa,MID,28,2312,3,3
2019,34,Keinan Davis,Aston Villa,MID,18,534,0,1
2019,35,Henri Lansbury,Aston Villa,MID,10,190,0,0
2019,36,José Ignacio Peleteiro Romallo,Aston Villa,MID,10,329,0,1
2019,37,Shane Duffy,Brighton,DEF,19,1232,1,0
2019,38,Martín Montoya,Brighton,DEF,27,1892,0,1
2019,39,Bernardo Fernandes da Silva Junior,Brighton,DEF,14,675,0,0
2019,41,Gaëtan Bong,Brighton,DEF,4,57,0,0
2019,42,Lewis Dunk,Brighton,DEF,36,3230,3,3
2019,44,Glenn Murray,Brighton,FWD,23,785,1,1
2019,45,Jürgen Locadia,Brighton,FWD,2,85,0,0
2019,46,Florin Andone,Brighton,FWD,3,71,1,0
2019,47,Mathew Ryan,Brighton,GK,38,3420,0,0
2019,49,Pascal Groß,Brighton,MID,29,1791,2,5
2019,50,Alireza Jahanbakhsh,Brighton,MID,10,305,2,1
2019,53,Yves Bissouma,Brighton,MID,22,1253,1,0
2019,54,Davy Pröpper,Brighton,MID,35,2826,1,2
2019,55,Solomon March,Brighton,MID,19,1139,0,1
2019,57,Dale Stephens,Brighton,MID,33,2525,0,1
2019,58,Steve Cook,Bournemouth,DEF,29,2427,1,0
2019,59,Nathan Aké,Bournemouth,DEF,29,2503,2,2
2019,60,Charlie Daniels,Bournemouth,DEF,2,126,0,0
2019,61,Chris Mepham,Bournemouth,DEF,12,911,1,0
2019,62,Simon Francis,Bournemouth,DEF,15,964,0,0
2019,63,Adam Smith,Bournemouth,DEF,24,2055,0,1
2019,64,Lloyd Kelly,Bournemouth,DEF,8,638,0,0
2019,65,Diego Rico,Bournemouth,DEF,27,2333,0,5
2019,66,Jack Simpson,Bournemouth,DEF,4,238,0,0
2019,67,Callum Wilson,Bournemouth,FWD,35,2906,8,6
2019,68,Joshua King,Bournemouth,FWD,26,2010,6,5
2019,69,Dominic Solanke,Bournemouth,FWD,32,1637,3,2
2019,70,Lys Mousset,Sheffield United,FWD,30,1223,6,4
2019,71,Sam Surridge,Bournemouth,FWD,4,25,0,0
2019,74,Mark Travers,Bournemouth,GK,1,90,0,0
2019,75,Ryan Fraser,Bournemouth,MID,28,2061,1,5
2019,76,David Brooks,Bournemouth,MID,9,505,1,0
2019,77,Junior Stanislas,Bournemouth,MID,15,706,3,1
2019,78,Jordon Ibe,Bournemouth,MID,2,48,0,0
2019,79,Lewis Cook,Bournemouth,MID,27,1340,0,1
2019,80,Andrew Surman,Bournemouth,MID,5,234,0,0
2019,81,Dan Gosling,Bournemouth,MID,24,1254,3,1
2019,82,Jefferson Lerma,Bournemouth,MID,33,2702,1,2
2019,83,Ben Mee,Burnley,DEF,32,2880,1,2
2019,84,James Tarkowski,Burnley,DEF,38,3420,2,3
2019,85,Matthew Lowton,Burnley,DEF,17,1530,0,1
2019,86,Phil Bardsley,Burnley,DEF,21,1890,0,2
2019,87,Charlie Taylor,Burnley,DEF,24,1944,0,1
2019,88,Kevin Long,Burnley,DEF,8,562,0,0
2019,90,Ashley Barnes,Burnley,FWD,19,1350,6,0
2019,91,Chris Wood,Burnley,FWD,32,2436,14,1
2019,92,Matej Vydra,Burnley,FWD,19,807,2,1
2019,93,Nick Pope,Burnley,GK,38,3420,0,0
2019,94,Tom Heaton,Aston Villa,GK,20,1794,0,0
2019,96,Johann Berg Gudmundsson,Burnley,MID,12,617,1,1
2019,97,Dwight McNeil,Burnley,MID,38,3339,2,7
2019,98,Robbie Brady,Burnley,MID,17,445,1,2
2019,100,Jeff Hendrick,Burnley,MID,24,1930,2,2
2019,101,Ashley Westwood,Burnley,MID,35,3150,2,7
2019,102,Jack Cork,Burnley,MID,30,2614,0,0
2019,103,Marcos Alonso,Chelsea,DEF,18,1429,4,4
2019,104,Antonio Rüdiger,Chelsea,DEF,20,1710,2,0
2019,105,César Azpilicueta,Chelsea,DEF,36,3229,2,6
2019,106,David Luiz Moreira Marinho,Arsenal,DEF,33,2809,2,1
2019,107,Emerson Palmieri dos Santos,Chelsea,DEF,15,1022,0,0
2019,108,Andreas Christensen,Chelsea,DEF,21,1751,0,0
2019,110,Olivier Giroud,Chelsea,FWD,18,988,8,1
2019,111,Kepa Arrizabalaga,Chelsea,GK,33,2970,0,0
2019,112,Willy Caballero,Chelsea,GK,5,450,0,0
2019,113,Willian Borges Da Silva,Chelsea,MID,36,2595,9,9
2019,114,Pedro Rodríguez Ledesma,Chelsea,MID,11,659,1,2
2019,115,Ruben Loftus-Cheek,Chelsea,MID,7,203,0,1
2019,116,Callum Hudson-Odoi,Chelsea,MID,22,849,1,5
2019,117,Ross Barkley,Chelsea,MID,21,1095,1,5
2019,118,Jorge Luiz Frello Filho,Chelsea,MID,31,2376,4,3
2019,119,N'Golo Kanté,Chelsea,MID,22,1730,3,0
2019,120,Daniel Drinkwater,Aston Villa,MID,4,259,0,0
2019,120,Daniel Drinkwater,Burnley,MID,1,58,0,0
2019,122,Aaron Wan-Bissaka,Man United,DEF,35,3070,0,4
2019,123,Patrick van Aanholt,Crystal Palace,DEF,29,2507,3,2
2019,124,James Tomkins,Crystal Palace,DEF,18,1582,1,1
2019,125,Mamadou Sakho,Crystal Palace,DEF,14,929,0,0
2019,126,Joel Ward,Crystal Palace,DEF,29,2380,0,1
2019,127,Scott Dann,Crystal Palace,DEF,16,1264,0,1
2019,128,Martin Kelly,Crystal Palace,DEF,19,1547,0,1
2019,129,Christian Benteke,Crystal Palace,FWD,24,1252,2,1
2019,130,Connor Wickham,Crystal Palace,FWD,6,90,1,1
2019,131,Vicente Guaita,Crystal Palace,GK,35,3150,0,0
2019,132,Wayne Hennessey,Crystal Palace,GK,3,270,0,0
2019,133,Wilfried Zaha,Crystal Palace,MID,38,3279,4,6
2019,134,Luka Milivojevic,Crystal Palace,MID,31,2510,3,1
2019,135,Andros Townsend,Crystal Palace,MID,24,1284,1,1
2019,136,Max Meyer,Crystal Palace,MID,17,645,0,0
2019,137,Jeffrey Schlupp,Crystal Palace,MID,17,1030,3,1
2019,138,James McArthur,Crystal Palace,MID,37,3091,0,4
2019,139,Cheikhou Kouyaté,Crystal Palace,MID,35,2524,1,2
2019,141,Lucas Digne,Everton,DEF,35,3031,0,8
2019,142,Yerry Mina,Everton,DEF,29,2281,2,1
2019,143,Michael Keane,Everton,DEF,31,2556,2,0
2019,144,Seamus Coleman,Everton,DEF,27,1833,0,1
2019,145,Leighton Baines,Everton,DEF,8,400,0,1
2019,146,Cenk Tosun,Crystal Palace,FWD,5,174,1,0
2019,146,Cenk Tosun,Everton,FWD,5,288,1,0
2019,147,Dominic Calvert-Lewin,Everton,FWD,36,2621,13,1
2019,148,Jordan Pickford,Everton,GK,38,3420,0,0
2019,150,Richarlison de Andrade,Everton,MID,36,3070,13,5
2019,151,Gylfi Sigurdsson,Everton,MID,35,2555,2,4
2019,152,Bernard Anício Caldeira Duarte,Everton,MID,27,1269,3,2
2019,153,Theo Walcott,Everton,MID,25,1281,2,4
2019,154,Tom Davies,Everton,MID,30,2020,1,1
2019,157,James McCarthy,Crystal Palace,MID,33,1668,0,0
2019,158,Morgan Schneiderlin,Everton,MID,15,998,0,0
2019,159,Ricardo Domingos Barbosa Pereira,Leicester,DEF,28,2520,3,2
2019,160,Harry Maguire,Man United,DEF,38,3420,1,0
2019,161,Benjamin Chilwell,Leicester,DEF,27,2374,3,3
2019,162,Jonny Evans,Leicester,DEF,38,3384,1,2
2019,163,Christian Fuchs,Leicester,DEF,11,770,0,0
2019,164,Çaglar Söyüncü,Leicester,DEF,34,3036,1,1
2019,165,Wes Morgan,Leicester,DEF,11,430,0,0
2019,166,Jamie Vardy,Leicester,FWD,35,3032,23,7
2019,167,Kelechi Iheanacho,Leicester,FWD,20,953,5,4
2019,168,Kasper Schmeichel,Leicester,GK,38,3420,0,0
2019,171,James Maddison,Leicester,MID,31,2624,6,5
2019,172,Harvey Barnes,Leicester,MID,36,2075,6,10
2019,174,Marc Albrighton,Leicester,MID,20,857,0,3
2019,175,Demarai Gray,Leicester,MID,21,605,2,4
2019,176,Wilfred Ndidi,Leicester,MID,32,2671,2,1
2019,177,Matty James,Leicester,MID,1,5,0,0
2019,179,Nampalys Mendy,Leicester,MID,7,288,0,0
2019,180,Hamza Choudhury,Leicester,MID,20,883,1,1
2019,181,Andrew Robertson,Liverpool,DEF,36,3111,2,12
2019,182,Trent Alexander-Arnold,Liverpool,DEF,38,3173,4,15
2019,183,Virgil van Dijk,Liverpool,DEF,38,3420,5,2
2019,184,Joseph Gomez,Liverpool,DEF,28,1999,0,0
2019,185,Joel Matip,Liverpool,DEF,9,703,1,0
2019,186,Dejan Lovren,Liverpool,DEF,10,776,0,1
2019,187,Roberto Firmino,Liverpool,FWD,38,2985,9,9
2019,188,Divock Origi,Liverpool,FWD,28,699,4,3
2019,189,Alisson Ramses Becker,Liverpool,GK,29,2543,0,1
2019,191,Mohamed Salah,Liverpool,MID,34,2879,19,10
2019,192,Sadio Mané,Liverpool,MID,35,2745,18,10
2019,193,Alex Oxlade-Chamberlain,Liverpool,MID,30,1475,4,1
2019,194,Xherdan Shaqiri,Liverpool,MID,7,181,1,0
2019,195,Adam Lallana,Liverpool,MID,15,371,1,1
2019,196,Naby Keita,Liverpool,MID,18,806,2,3
2019,197,Fabio Henrique Tavares,Liverpool,MID,28,2073,2,3
2019,198,Jordan Henderson,Liverpool,MID,30,2234,4,5
2019,199,Georginio Wijnaldum,Liverpool,MID,37,2933,4,0
2019,200,James Milner,Liverpool,MID,22,924,2,2
2019,202,Aymeric Laporte,Man City,DEF,15,1096,1,0
2019,203,Kyle Walker,Man City,DEF,29,2392,1,4
2019,204,Benjamin Mendy,Man City,DEF,19,1491,0,2
2019,205,Fabian Delph,Everton,DEF,16,1187,0,0
2019,206,Oleksandr Zinchenko,Man City,DEF,19,1271,0,0
2019,207,John Stones,Man City,DEF,16,1118,0,0
2019,208,Nicolás Otamendi,Man City,DEF,24,1710,2,1
2019,210,Sergio Agüero,Man City,FWD,24,1449,16,6
2019,211,Gabriel Fernando de Jesus,Man City,FWD,34,2018,14,8
2019,212,Ederson Santana de Moraes,Man City,GK,35,3071,0,0
2019,213,Claudio Bravo,Man City,GK,4,346,0,0
2019,214,Raheem Sterling,Man City,MID,33,2651,20,6
2019,215,Kevin De Bruyne,Man City,MID,35,2790,13,23
2019,216,Leroy Sané,Man City,MID,1,11,0,0
2019,217,Riyad Mahrez,Man City,MID,33,1934,11,14
2019,218,Bernardo Mota Veiga de Carvalho e Silva,Man City,MID,34,2021,6,7
2019,219,David Silva,Man City,MID,27,1821,6,12
2019,220,Phil Foden,Man City,MID,23,888,5,2
2019,221,Fernando Luiz Rosa,Man City,MID,30,2394,0,1
2019,222,Ilkay Gündogan,Man City,MID,31,2012,2,1
2019,224,Ashley Young,Man United,DEF,12,953,0,0
2019,225,Victor Lindelöf,Man United,DEF,35,3092,1,0
2019,226,Luke Shaw,Man United,DEF,24,1730,0,0
2019,227,Marcos Rojo,Man United,DEF,3,121,0,0
2019,228,Eric Bailly,Man United,DEF,4,148,0,0
2019,229,José Diogo Dalot Teixeira,Man United,DEF,4,65,0,0
2019,231,Phil Jones,Man United,DEF,2,135,0,0
2019,233,Marcus Rashford,Man United,FWD,31,2645,17,8
2019,234,Mason Greenwood,Man United,FWD,31,1303,10,1
2019,235,David de Gea,Man United,GK,38,3420,0,0
2019,238,Paul Pogba,Man United,MID,16,1202,1,4
2019,239,Anthony Martial,Man United,MID,32,2625,17,9
2019,241,Jesse Lingard,Man United,MID,22,923,1,0
2019,242,Juan Mata,Man United,MID,19,747,0,2
2019,243,Daniel James,Man United,MID,33,2281,3,6
2019,244,Frederico Rodrigues de Paula Santos,Man United,MID,29,2157,0,0
2019,245,Angel Gomes,Man United,MID,2,19,0,0
2019,246,Andreas Pereira,Man United,MID,25,1478,1,3
2019,247,Nemanja Matic,Man United,MID,21,1578,0,2
2019,248,Scott McTominay,Man United,MID,27,1765,3,2
2019,249,Tahith Chong,Man United,MID,3,34,0,0
2019,250,James Garner,Man United,MID,1,8,0,0
2019,251,Matt Ritchie,Newcastle,DEF,18,1312,2,1
2019,252,Fabian Schär,Newcastle,DEF,22,1669,2,1
2019,253,DeAndre Yedlin,Newcastle,DEF,16,934,1,0
2019,254,Federico Fernández,Newcastle,DEF,32,2617,2,3
2019,255,Paul Dummett,Newcastle,DEF,16,1227,0,0
2019,256,Javier Manquillo,Newcastle,DEF,21,1597,0,1
2019,257,Florian Lejeune,Newcastle,DEF,6,440,2,0
2019,258,Jamaal Lascelles,Newcastle,DEF,24,2076,1,0
2019,259,Ciaran Clark,Newcastle,DEF,14,1186,2,0
2019,260,Yoshinori Muto,Newcastle,FWD,8,207,0,0
2019,262,Martin Dubravka,Newcastle,GK,38,3420,0,0
2019,265,Ayoze Pérez,Leicester,MID,33,1998,8,5
2019,266,Miguel Almirón,Newcastle,MID,36,3020,4,2
2019,267,Christian Atsu,Newcastle,MID,19,738,0,3
2019,268,Sung-yueng Ki,Newcastle,MID,3,135,0,0
2019,269,Jonjo Shelvey,Newcastle,MID,26,2118,6,2
2019,270,Sean Longstaff,Newcastle,MID,23,1370,1,2
2019,271,Isaac Hayden,Newcastle,MID,29,2220,1,4
2019,272,Timm Klose,Norwich,DEF,7,585,0,0
2019,273,Ben Godfrey,Norwich,DEF,30,2644,0,0
2019,274,Maximillian Aarons,Norwich,DEF,36,3240,0,2
2019,275,Christoph Zimmermann,Norwich,DEF,17,1430,0,1
2019,276,Jamal Lewis,Norwich,DEF,28,2301,1,0
2019,277,Grant Hanley,Norwich,DEF,15,1261,0,0
2019,278,Teemu Pukki,Norwich,FWD,36,2884,11,3
2019,279,Dennis Srbeny,Norwich,FWD,8,41,1,0
2019,280,Tim Krul,Norwich,GK,36,3240,0,0
2019,281,Michael McGovern,Norwich,GK,2,158,0,0
2019,282,Mario Vrancic,Norwich,MID,20,624,1,0
2019,283,Emiliano Buendía,Norwich,MID,36,2458,1,7
2019,284,Onel Hernández,Norwich,MID,26,1374,1,2
2019,285,Marco Stiepermann,Norwich,MID,24,1173,0,0
2019,286,Kenny McLean,Norwich,MID,37,2965,1,1
2019,287,Todd Cantwell,Norwich,MID,37,2484,6,2
2019,288,Moritz Leitner,Norwich,MID,9,683,0,0
2019,289,Alexander Tettey,Norwich,MID,30,2339,1,1
2019,290,Tom Trybull,Norwich,MID,16,1128,0,0
2019,291,Enda Stevens,Sheffield United,DEF,38,3345,2,4
2019,292,Kieron Freeman,Sheffield United,DEF,2,6,0,0
2019,293,Jack O'Connell,Sheffield United,DEF,33,2915,0,1
2019,294,George Baldock,Sheffield United,DEF,38,3420,2,4
2019,295,John Egan,Sheffield United,DEF,36,3187,2,1
2019,297,John Lundstram,Sheffield United,DEF,34,2452,5,4
2019,298,Billy Sharp,Sheffield United,FWD,25,1037,3,2
2019,301,John Fleck,Sheffield United,MID,30,2515,5,2
2019,302,Oliver Norwood,Sheffield United,MID,38,3089,1,3
2019,303,David McGoldrick,Sheffield United,FWD,28,1810,2,2
2019,304,Jannik Vestergaard,Southampton,DEF,19,1496,1,0
2019,305,Ryan Bertrand,Southampton,DEF,32,2742,1,1
2019,306,Yan Valery,Southampton,DEF,11,778,0,1
2019,307,Jan Bednarek,Southampton,DEF,34,3057,1,1
2019,308,Jack Stephens,Southampton,DEF,28,2451,1,3
2019,309,Matt Targett,Aston Villa,DEF,28,2291,1,3
2019,310,Maya Yoshida,Southampton,DEF,8,558,0,0
2019,313,Danny Ings,Southampton,FWD,38,2800,22,2
2019,314,Michael Obafemi,Southampton,FWD,21,655,3,2
2019,315,Shane Long,Southampton,FWD,26,1386,2,3
2019,318,Alex McCarthy,Southampton,GK,28,2520,0,0
2019,319,Angus Gunn,Southampton,GK,10,900,0,0
2019,320,Nathan Redmond,Southampton,MID,32,2763,4,4
2019,321,James Ward-Prowse,Southampton,MID,38,3420,5,4
2019,323,Stuart Armstrong,Southampton,MID,30,1706,5,4
2019,325,Pierre-Emile Højbjerg,Southampton,MID,33,2750,0,3
2019,328,Oriol Romeu Vidal,Southampton,MID,30,1855,0,0
2019,329,Ben Davies,Tottenham,DEF,18,1430,0,0
2019,330,Jan Vertonghen,Tottenham,DEF,23,1644,1,1
2019,331,Toby Alderweireld,Tottenham,DEF,33,2957,2,2
2019,332,Danny Rose,Newcastle,DEF,11,862,0,0
2019,332,Danny Rose,Tottenham,DEF,12,891,0,0
2019,333,Davinson Sánchez,Tottenham,DEF,29,2431,0,2
2019,335,Juan Foyth,Tottenham,DEF,4,66,0,0
2019,336,Serge Aurier,Tottenham,DEF,33,2699,1,7
2019,337,Kyle Walker-Peters,Southampton,DEF,10,703,0,1
2019,337,Kyle Walker-Peters,Tottenham,DEF,3,241,0,0
2019,338,Harry Kane,Tottenham,FWD,29,2588,18,2
2019,340,Hugo Lloris,Tottenham,GK,21,1808,0,0
2019,341,Paulo Gazzaniga,Tottenham,GK,18,1612,0,0
2019,342,Heung-Min Son,Tottenham,MID,30,2478,11,13
2019,343,Christian Eriksen,Tottenham,MID,20,1090,2,2
2019,344,Bamidele Alli,Tottenham,MID,25,1845,8,6
2019,345,Lucas Rodrigues Moura da Silva,Tottenham,MID,35,2235,4,5
2019,346,Erik Lamela,Tottenham,MID,25,1203,2,5
2019,347,Harry Winks,Tottenham,MID,31,2223,0,0
2019,348,Victor Wanyama,Tottenham,MID,2,24,0,0
2019,349,Moussa Sissoko,Tottenham,MID,29,2451,2,1
2019,350,Eric Dier,Tottenham,MID,19,1340,0,2
2019,352,Oliver Skipp,Tottenham,MID,7,74,0,0
2019,353,José Holebas,Watford,DEF,14,1022,0,1
2019,354,Christian Kabasele,Watford,DEF,27,2250,0,2
2019,355,Adam Masina,Watford,DEF,26,1815,1,0
2019,356,Adrian Mariappa,Watford,DEF,20,1509,0,0
2019,357,Francisco Femenía Far,Watford,DEF,28,2236,0,1
2019,358,Craig Cathcart,Watford,DEF,29,2488,0,0
2019,359,Daryl Janmaat,Watford,DEF,8,606,0,1
2019,361,Sebastian Prödl,Watford,DEF,1,56,0,0
2019,362,Troy Deeney,Watford,FWD,27,2224,10,2
2019,363,Gerard Deulofeu,Watford,FWD,28,2097,4,5
2019,364,Andre Gray,Watford,FWD,23,741,2,1
2019,365,Isaac Success Ajayi,Watford,FWD,5,65,0,0
2019,366,Ben Foster,Watford,GK,38,3420,0,0
2019,368,Abdoulaye Doucouré,Watford,MID,37,3156,4,4
2019,369,Roberto Pereyra,Watford,MID,28,1641,3,0
2019,370,Will Hughes,Watford,MID,30,2249,1,1
2019,371,Tom Cleverley,Watford,MID,18,964,1,0
2019,373,Etienne Capoue,Watford,MID,30,2627,0,4
2019,374,Nathaniel Chalobah,Watford,MID,22,919,0,1
2019,375,Domingos Quina,Watford,MID,4,18,0,0
2019,376,Aaron Cresswell,West Ham,DEF,31,2727,3,0
2019,377,Angelo Ogbonna,West Ham,DEF,31,2786,2,0
2019,378,Arthur Masuaku,West Ham,DEF,17,930,0,1
2019,379,Pablo Zabaleta,West Ham,DEF,10,588,0,0
2019,380,Ryan Fredericks,West Ham,DEF,27,2235,0,3
2019,381,Issa Diop,West Ham,DEF,32,2765,3,1
2019,382,Fabián Balbuena,West Ham,DEF,17,1176,1,0
2019,384,Ben Johnson,West Ham,DEF,3,270,0,0
2019,386,Javier Hernández Balcázar,West Ham,FWD,2,106,1,0
2019,388,Lukasz Fabianski,West Ham,GK,25,2117,0,0
2019,389,Michail Antonio,West Ham,MID,24,1767,10,4
2019,390,Felipe Anderson Pereira Gomes,West Ham,MID,25,1493,1,4
2019,391,Manuel Lanzini,West Ham,MID,24,1370,0,3
2019,392,Andriy Yarmolenko,West Ham,MID,23,981,5,1
2019,393,Robert Snodgrass,West Ham,MID,24,1504,5,5
2019,394,Jack Wilshere,West Ham,MID,8,209,0,0
2019,395,Declan Rice,West Ham,MID,38,3420,1,5
2019,396,Mark Noble,West Ham,MID,33,2675,4,4
2019,397,Carlos Sánchez,West Ham,MID,6,112,0,0
2019,399,Pablo Fornals,West Ham,MID,36,2167,2,6
2019,401,Matt Doherty,Wolves,DEF,36,2836,4,8
2019,402,Jonathan Castro Otto,Wolves,DEF,35,2885,2,3
2019,403,Conor Coady,Wolves,DEF,38,3420,0,0
2019,404,Ryan Bennett,Leicester,DEF,5,329,0,0
2019,404,Ryan Bennett,Wolves,DEF,11,603,0,0
2019,405,Willy Boly,Wolves,DEF,22,1980,0,1
2019,406,Rúben Gonçalo Silva Nascimento Vinagre,Wolves,DEF,16,644,0,0
2019,407,Romain Saïss,Wolves,DEF,33,2703,2,2
2019,408,Max Kilman,Wolves,DEF,3,184,0,0
2019,409,Raúl Jiménez,Wolves,FWD,38,3241,17,7
2019,410,Diogo Jota,Wolves,FWD,34,2278,7,3
2019,411,Rui Pedro dos Santos Patrício,Wolves,GK,38,3420,0,0
2019,414,Rúben Diogo da Silva Neves,Wolves,MID,38,3053,2,2
2019,415,João Filipe Iria Santos Moutinho,Wolves,MID,38,3105,1,7
2019,416,Morgan Gibbs-White,Wolves,MID,7,125,0,1
2019,417,Adama Traoré,Wolves,MID,37,2599,4,9
2019,420,Leander Dendoncker,Wolves,MID,38,2790,4,0
2019,421,Leandro Trossard,Brighton,MID,31,2004,5,5
2019,422,André Filipe Tavares Gomes,Everton,MID,19,1457,0,1
2019,423,Chris Basham,Sheffield United,DEF,38,3242,0,1
2019,427,Emiliano Martínez,Arsenal,GK,9,770,0,0
2019,428,Wesley Moraes,Aston Villa,FWD,21,1782,5,1
2019,429,Jed Steer,Aston Villa,GK,1,7,0,0
2019,430,Aaron Lennon,Burnley,MID,16,485,0,0
2019,431,Christian Pulisic,Chelsea,MID,25,1717,9,8
2019,432,Mateo Kovacic,Chelsea,MID,31,2065,1,3
2019,433,James Justin,Leicester,DEF,13,1010,0,1
2019,434,Josip Drmic,Norwich,FWD,21,636,1,0
2019,435,Patrick Roberts,Norwich,MID,3,24,0,0
2019,436,Simon Moore,Sheffield United,GK,2,180,0,0
2019,437,Che Adams,Southampton,FWD,30,1095,4,4
2019,438,Moussa Djenepo,Southampton,MID,18,920,2,2
2019,439,Craig Dawson,Watford,DEF,29,2359,2,0
2019,440,José Ángel Esmorís Tasende,Man City,DEF,6,422,0,1
2019,441,Luke Freeman,Sheffield United,MID,11,360,0,0
2019,442,Tanguy Ndombele,Tottenham,MID,21,1002,2,2
2019,443,Rodrigo Hernandez,Man City,MID,35,2480,3,2
2019,444,Phil Jagielka,Sheffield United,DEF,6,240,0,0
2019,445,Tyrone Mings,Aston Villa,DEF,33,2902,2,2
2019,446,Jack Stacey,Bournemouth,DEF,19,1547,0,2
2019,447,Erik Pieters,Burnley,DEF,24,1876,0,5
2019,448,Youri Tielemans,Leicester,MID,37,2823,3,6
2019,449,Ralf Fahrmann,Norwich,GK,1,21,0,0
2019,450,Roberto Jimenez Gago,West Ham,GK,8,686,0,0
2019,451,Jay Rodriguez,Burnley,FWD,36,2002,8,2
2019,452,Ezri Konsa Ngoyo,Aston Villa,DEF,25,2038,1,2
2019,453,Callum Robinson,Sheffield United,MID,16,669,1,2
2019,454,Sam Byram,Norwich,DEF,17,1292,0,0
2019,455,Bjorn Engels,Aston Villa,DEF,17,1446,1,0
2019,456,Ravel Morrison,Sheffield United,MID,1,12,0,0
2019,457,Sébastien Haller,West Ham,FWD,32,2259,7,3
2019,458,Frédéric Guilbert,Aston Villa,DEF,25,2038,0,2
2019,459,Kurt Zouma,Chelsea,DEF,28,2343,0,0
2019,460,Tammy Abraham,Chelsea,FWD,34,2206,15,6
2019,461,Michy Batshuayi,Chelsea,FWD,16,224,1,2
2019,463,Mason Mount,Chelsea,MID,37,2865,7,6
2019,465,Mahmoud Ahmed Ibrahim Hassan,Aston Villa,MID,34,1936,6,2
2019,466,Joelinton Cássio Apolinário de Lira,Newcastle,FWD,38,2678,2,2
2019,467,Calum Chambers,Arsenal,DEF,14,1102,1,1
2019,468,Jordan Ayew,Crystal Palace,FWD,37,3148,9,3
2019,469,Daniel Ceballos Fernández,Arsenal,MID,24,1687,0,2
2019,470,Douglas Luiz Soares de Paulo,Aston Villa,MID,36,2604,3,2
2019,471,Dean Henderson,Sheffield United,GK,36,3240,0,1
2019,472,Ben Osborn,Sheffield United,MID,13,590,0,0
2019,473,Jesús Vallejo Lázaro,Wolves,DEF,2,162,0,0
2019,475,Dan Burn,Brighton,DEF,34,2879,0,0
2019,476,Philip Billing,Bournemouth,MID,34,2526,1,1
2019,478,Mason Holgate,Everton,DEF,27,2052,0,4
2019,481,Axel Tuanzebe,Man United,DEF,5,187,0,0
2019,486,Cédric Soares,Arsenal,DEF,5,247,1,0
2019,486,Cédric Soares,Southampton,DEF,16,1306,0,1
2019,487,Patrick Cutrone,Wolves,FWD,12,292,2,0
2019,488,Nicolas Pépé,Arsenal,MID,31,2004,5,6
2019,489,Reiss Nelson,Arsenal,MID,17,622,1,1
2019,490,Joseph Willock,Arsenal,MID,29,838,1,1
2019,491,Marvelous Nakamba,Aston Villa,MID,29,1826,0,0
2019,492,Arnaut Danjuma Groeneveld,Bournemouth,MID,14,625,0,1
2019,493,Adam Webster,Brighton,DEF,31,2668,3,1
2019,494,Aaron Ramsdale,Bournemouth,GK,37,3330,0,1
2019,496,Moise Kean,Everton,FWD,29,830,2,2
2019,497,Jean-Philippe Gbamin,Everton,MID,2,135,0,0
2019,498,Jetro Willems,Newcastle,DEF,19,1492,2,2
2019,500,Allan Saint-Maximin,Newcastle,MID,26,1860,3,5
2019,501,Oliver McBurnie,Sheffield United,FWD,36,2105,6,1
2019,502,Neal Maupay,Brighton,FWD,37,2763,10,3
2019,503,Gary Cahill,Crystal Palace,DEF,25,2167,0,1
2019,504,Gabriel Teodoro Martinelli Silva,Arsenal,FWD,14,656,3,1
2019,505,Harry Wilson,Bournemouth,MID,31,1637,7,1
2019,506,Reece James,Chelsea,DEF,24,1510,0,2
2019,507,Ibrahim Amadou,Norwich,MID,11,756,0,0
2019,508,Sofiane Boufal,Southampton,MID,20,753,0,3
2019,509,Troy Parrott,Tottenham,FWD,2,6,0,0
2019,510,Víctor Camarasa,Crystal Palace,MID,1,5,0,0
2019,511,Djibril Sidibé,Everton,DEF,25,1818,0,4
2019,512,Danny Welbeck,Watford,FWD,18,813,2,1
2019,514,Albian Ajeti,West Ham,FWD,9,132,0,0
2019,515,Kieran Tierney,Arsenal,DEF,15,986,1,2
2019,516,Aaron Mooy,Brighton,MID,31,2079,2,2
2019,517,Dennis Praet,Leicester,MID,27,1122,1,3
2019,518,João Pedro Cavaco Cancelo,Man City,DEF,17,1205,0,0
2019,519,Emil Krafth,Newcastle,DEF,17,1015,0,1
2019,520,Andy Carroll,Newcastle,FWD,19,617,0,4
2019,522,Muhamed Bešić,Sheffield United,MID,9,243,0,0
2019,523,Giovani Lo Celso,Tottenham,MID,28,1482,0,3
2019,524,Ryan Sessegnon,Tottenham,MID,6,341,0,0
2019,525,Ismaïla Sarr,Watford,MID,28,2023,5,7
2019,526,Adrián San Miguel del Castillo,Liverpool,GK,11,873,0,0
2019,527,Georges-Kévin Nkoudou,Tottenham,MID,1,2,0,0
2019,528,Pedro Lomba Neto,Wolves,MID,29,920,3,3
2019,529,Fikayo Tomori,Chelsea,DEF,15,1291,1,0
2019,532,Kevin Danso,Southampton,DEF,6,275,0,1
2019,533,Billy Gilmour,Chelsea,MID,6,191,0,0
2019,534,Aaron Connolly,Brighton,FWD,24,1250,3,3
2019,537,Steven Alzate,Brighton,MID,19,1181,0,0
2019,538,Adam Idah,Norwich,FWD,12,219,0,0
2019,539,Jairo Riedewald,Crystal Palace,MID,17,761,0,0
2019,540,Matthew Longstaff,Newcastle,MID,9,572,2,0
2019,541,Bukayo Saka,Arsenal,MID,26,1746,1,6
2019,542,Dimitri Foulquier,Watford,DEF,3,57,0,0
2019,544,Eric Garcia,Man City,DEF,13,790,0,0
2019,546,Ezequiel Schelotto,Brighton,DEF,8,357,0,0
2019,547,Leon Clarke,Sheffield United,FWD,2,33,0,0
2019,549,Brandon Williams,Man United,DEF,17,1003,1,1
2019,550,Harvey Elliott,Liverpool,MID,2,7,0,0
2019,552,Akin Famewo,Norwich,DEF,1,1,0,0
2019,553,David Martin,West Ham,GK,5,435,0,0
2019,554,Dwight Gayle,Newcastle,FWD,20,842,4,2
2019,561,Anthony Gordon,Everton,FWD,11,436,0,1
2019,568,Nathan Holland,West Ham,MID,2,31,0,0
2019,569,Curtis Jones,Liverpool,MID,6,121,1,0
2019,570,Oumar Niasse,Everton,FWD,3,19,0,0
2019,575,Neco Williams,Liverpool,DEF,6,228,0,0
2019,576,Emile Smith Rowe,Arsenal,MID,2,96,0,0
2019,579,Tyrick Mitchell,Crystal Palace,DEF,4,193,0,0
2019,580,Brandon Pierrick,Crystal Palace,MID,2,13,0,0
2019,583,Japhet Tanganga,Tottenham,DEF,6,525,0,0
2019,584,William Smallbone,Southampton,MID,9,389,0,2
2019,586,Tariq Lamptey,Brighton,DEF,8,588,0,1
2019,586,Tariq Lamptey,Chelsea,DEF,1,31,0,0
2019,590,Takumi Minamino,Liverpool,MID,10,241,0,0
2019,591,Jack Rodwell,Sheffield United,MID,1,15,0,0
2019,592,João Pedro Junqueira de Jesus,Watford,FWD,3,22,0,0
2019,593,Jeremy Ngakia,West Ham,DEF,5,440,0,0
2019,599,Kelland Watts,Newcastle,DEF,1,16,0,0
2019,600,Indiana Vassilev,Aston Villa,MID,4,47,0,0
2019,601,Ondrej Duda,Norwich,MID,10,723,0,1
2019,602,Lukas Rupp,Norwich,MID,12,692,0,0
2019,603,José Reina,Aston Villa,GK,12,1080,0,0
2019,604,Ignacio Pussetto,Watford,MID,7,67,0,0
2019,605,Gedson Carvalho Fernandes,Tottenham,MID,7,62,0,0
2019,606,Darren Randolph,West Ham,GK,2,180,0,0
2019,609,Bruno André Cavaco Jordao,Wolves,MID,1,6,0,0
2019,611,Jack Robinson,Sheffield United,DEF,6,504,0,0
2019,612,Nabil Bentaleb,Newcastle,MID,12,747,0,0
2019,613,Mbwana Samatta,Aston Villa,FWD,14,940,1,0
2019,614,Valentino Lazaro,Newcastle,MID,13,472,1,0
2019,615,Steven Bergwijn,Tottenham,MID,14,699,3,1
2019,616,Tomas Soucek,West Ham,MID,13,1039,3,0
2019,617,Pablo Marí,Arsenal,DEF,2,113,0,0
2019,618,Bruno Miguel Borges Fernandes,Man United,MID,14,1187,8,8
2019,619,Daniel Castelo Podence,Wolves,MID,9,285,1,1
2019,620,Josh Brownhill,Burnley,MID,10,805,0,0
2019,621,Sander Berge,Sheffield United,MID,14,943,1,1
2019,622,Richairo Zivkovic,Sheffield United,FWD,5,107,0,0
2019,623,Borja González Tomás,Aston Villa,FWD,2,16,0,0
2019,624,Odion Ighalo,Man United,FWD,11,92,0,0
2019,626,Jarrod Bowen,West Ham,MID,13,916,1,4
2019,627,Alexis Mac Allister,Brighton,MID,9,348,0,0
2019,630,Faustino Anjorin,Chelsea,MID,1,19,0,0
2019,631,Armando Broja,Chelsea,FWD,1,4,0,0
2019,632,Josh Martin,Norwich,MID,5,32,0,0
2019,633,Nathan Tella,Southampton,MID,1,2,0,0
2019,637,Jarrad Branthwaite,Everton,DEF,4,299,0,0
2019,640,Max Thompson,Burnley,FWD,1,2,0,0
2019,644,Tommy Doyle,Man City,MID,1,15,0,0
2019,645,Jake Vokins,Southampton,DEF,1,90,0,0
2019,650,Jordan Thomas,Norwich,DEF,1,1,0,0
2019,658,Timothy Fosu-Mensah,Man United,DEF,3,136,0,0
2019,660,Luke Thomas,Leicester,DEF,3,267,0,1
2019,661,George Hirst,Leicester,FWD,2,9,0,0
2020,3,David Luiz Moreira Marinho,Arsenal,DEF,20,1396,1,0
2020,4,Pierre-Emerick Aubameyang,Arsenal,MID,29,2330,10,3
2020,5,Cédric Soares,Arsenal,DEF,10,744,0,1
2020,6,Alexandre Lacazette,Arsenal,FWD,31,1916,13,3
2020,7,Shkodran Mustafi,Arsenal,DEF,3,45,0,0
2020,8,Bernd Leno,Arsenal,GK,35,3131,0,0
2020,9,Granit Xhaka,Arsenal,MID,31,2519,1,2
2020,10,Pablo Marí,Arsenal,DEF,10,900,0,0
2020,11,Héctor Bellerín,Arsenal,DEF,25,2089,1,3
2020,12,Emiliano Martínez,Aston Villa,GK,38,3420,0,0
2020,13,Calum Chambers,Arsenal,DEF,10,751,0,3
2020,14,Sead Kolasinac,Arsenal,DEF,1,90,0,0
2020,15,Ainsley Maitland-Niles,Arsenal,DEF,11,485,0,1
2020,15,Ainsley Maitland-Niles,West Brom,DEF,15,1229,0,1
2020,16,Rob Holding,Arsenal,DEF,30,2557,0,1
2020,17,Kieran Tierney,Arsenal,DEF,27,2299,1,4
2020,18,Nicolas Pépé,Arsenal,MID,29,1606,10,3
2020,20,Joseph Willock,Arsenal,MID,7,234,0,0
2020,20,Joseph Willock,Newcastle,MID,14,976,8,0
2020,21,Reiss Nelson,Arsenal,MID,2,70,0,0
2020,22,Edward Nketiah,Arsenal,FWD,17,411,2,1
2020,23,Emile Smith Rowe,Arsenal,MID,20,1438,2,5
2020,24,Bukayo Saka,Arsenal,MID,32,2554,5,5
2020,26,Gabriel Teodoro Martinelli Silva,Arsenal,MID,14,582,2,1
2020,29,Ahmed El Mohamady,Aston Villa,DEF,14,833,0,0
2020,31,Neil Taylor,Aston Villa,DEF,1,15,0,0
2020,33,Conor Hourihane,Aston Villa,MID,4,225,1,1
2020,37,Jack Grealish,Aston Villa,MID,26,2183,6,12
2020,38,John McGinn,Aston Villa,MID,37,3330,3,7
2020,39,Kortney Hause,Aston Villa,DEF,7,630,1,0
2020,40,Mahmoud Ahmed Ibrahim Hassan,Aston Villa,MID,21,1157,2,1
2020,41,Tyrone Mings,Aston Villa,DEF,36,3194,2,2
2020,42,Matt Targett,Aston Villa,DEF,38,3404,0,4
2020,44,Marvelous Nakamba,Aston Villa,MID,13,747,0,1
2020,45,Anwar El Ghazi,Aston Villa,MID,28,1604,10,0
2020,46,Ezri Konsa Ngoyo,Aston Villa,DEF,36,3195,2,0
2020,48,Wesley Moraes,Aston Villa,FWD,3,15,0,0
2020,50,Keinan Davis,Aston Villa,FWD,15,265,1,1
2020,52,Douglas Luiz Soares de Paulo,Aston Villa,MID,33,2781,0,2
2020,54,Adam Lallana,Brighton,MID,30,1584,1,1
2020,55,Dale Stephens,Burnley,MID,7,257,0,0
2020,56,David Button,West Brom,GK,1,90,0,0
2020,57,Pascal Groß,Brighton,MID,34,2479,3,8
2020,59,Davy Pröpper,Brighton,MID,7,209,0,0
2020,61,Dan Burn,Brighton,DEF,27,2057,1,0
2020,62,Lewis Dunk,Brighton,DEF,33,2932,5,0
2020,65,Solomon March,Brighton,MID,21,1670,2,2
2020,66,Adam Webster,Brighton,DEF,29,2594,1,0
2020,67,Joël Veltman,Brighton,DEF,28,2280,1,1
2020,68,Neal Maupay,Brighton,FWD,33,2508,8,2
2020,69,Leandro Trossard,Brighton,MID,35,2602,5,6
2020,70,Mathew Ryan,Arsenal,GK,3,270,0,0
2020,70,Mathew Ryan,Brighton,GK,11,990,0,0
2020,71,Alireza Jahanbakhsh,Brighton,MID,21,520,0,1
2020,72,José Izquierdo,Brighton,MID,1,8,0,0
2020,74,Ben White,Brighton,DEF,36,3192,0,0
2020,75,Bernardo Fernandes da Silva Junior,Brighton,DEF,3,205,0,0
2020,76,Yves Bissouma,Brighton,MID,36,3112,1,0
2020,77,Tariq Lamptey,Brighton,DEF,11,887,1,3
2020,78,Aaron Connolly,Brighton,FWD,17,783,2,1
2020,79,Steven Alzate,Brighton,MID,15,892,1,0
2020,80,Alexis Mac Allister,Brighton,MID,21,1108,1,1
2020,81,James Tarkowski,Burnley,DEF,36,3240,1,0
2020,82,Phil Bardsley,Burnley,DEF,4,273,0,0
2020,83,Erik Pieters,Burnley,DEF,20,1260,0,3
2020,84,Jack Cork,Burnley,MID,16,1350,0,0
2020,85,Kevin Long,Burnley,DEF,8,636,0,0
2020,86,Jay Rodriguez,Burnley,FWD,31,1248,1,3
2020,87,Ashley Barnes,Burnley,FWD,22,1324,3,0
2020,88,Ben Mee,Burnley,DEF,30,2693,2,0
2020,89,Ashley Westwood,Burnley,MID,38,3410,3,4
2020,90,Johann Berg Gudmundsson,Burnley,MID,22,1358,2,0
2020,91,Chris Wood,Burnley,FWD,33,2741,12,3
2020,92,Matthew Lowton,Burnley,DEF,34,3060,1,1
2020,93,Matej Vydra,Burnley,FWD,28,1359,3,2
2020,95,Robbie Brady,Burnley,MID,19,1047,1,1
2020,96,Nick Pope,Burnley,GK,32,2880,0,0
2020,97,Charlie Taylor,Burnley,DEF,29,2425,0,2
2020,98,Josh Brownhill,Burnley,MID,33,2812,0,1
2020,99,Bailey Peacock-Farrell,Burnley,GK,4,360,0,0
2020,100,Dwight McNeil,Burnley,MID,36,3068,2,5
2020,101,Willy Caballero,Chelsea,GK,1,90,0,0
2020,102,César Azpilicueta,Chelsea,DEF,26,2187,1,2
2020,103,Olivier Giroud,Chelsea,FWD,17,740,4,0
2020,104,Marcos Alonso,Chelsea,DEF,13,958,2,1
2020,105,Jorge Luiz Frello Filho,Chelsea,MID,28,2006,7,2
2020,106,Ross Barkley,Aston Villa,MID,24,1526,3,2
2020,106,Ross Barkley,Chelsea,MID,2,40,0,0
2020,107,Mateo Kovacic,Chelsea,MID,27,1809,0,1
2020,108,Michy Batshuayi,Crystal Palace,FWD,18,717,2,2
2020,109,Antonio Rüdiger,Chelsea,DEF,19,1710,1,0
2020,110,Kurt Zouma,Chelsea,DEF,24,2027,5,0
2020,111,Emerson Palmieri dos Santos,Chelsea,DEF,2,88,0,0
2020,112,Kepa Arrizabalaga,Chelsea,GK,7,585,0,0
2020,113,N'Golo Kanté,Chelsea,MID,30,2140,0,2
2020,114,Hakim Ziyech,Chelsea,MID,23,1164,2,3
2020,115,Ruben Loftus-Cheek,Chelsea,MID,1,60,0,0
2020,115,Ruben Loftus-Cheek,Fulham,MID,30,1902,1,0
2020,116,Andreas Christensen,Chelsea,DEF,17,1371,0,0
2020,117,Timo Werner,Chelsea,FWD,35,2598,6,12
2020,118,Tammy Abraham,Chelsea,FWD,22,1031,6,2
2020,119,Christian Pulisic,Chelsea,MID,27,1731,4,3
2020,120,Mason Mount,Chelsea,MID,36,2887,6,7
2020,121,Fikayo Tomori,Chelsea,DEF,1,45,0,0
2020,122,Callum Hudson-Odoi,Chelsea,MID,23,1050,2,3
2020,123,Reece James,Chelsea,DEF,32,2367,1,3
2020,124,Billy Gilmour,Chelsea,MID,5,259,0,0
2020,125,Gary Cahill,Crystal Palace,DEF,20,1800,1,1
2020,127,Mamadou Sakho,Crystal Palace,DEF,4,275,0,0
2020,128,Vicente Guaita,Crystal Palace,GK,37,3330,0,0
2020,129,James Tomkins,Crystal Palace,DEF,8,551,0,0
2020,130,James McArthur,Crystal Palace,MID,18,1465,0,2
2020,131,James McCarthy,Crystal Palace,MID,16,816,0,0
2020,132,Christian Benteke,Crystal Palace,FWD,30,1808,10,2
2020,133,Cheikhou Kouyaté,Crystal Palace,MID,36,3121,1,0
2020,134,Joel Ward,Crystal Palace,DEF,26,2255,0,1
2020,135,Martin Kelly,Crystal Palace,DEF,1,1,0,0
2020,137,Andros Townsend,Crystal Palace,MID,34,2250,1,5
2020,138,Luka Milivojevic,Crystal Palace,MID,31,2357,1,1
2020,139,Patrick van Aanholt,Crystal Palace,DEF,22,1775,0,2
2020,140,Jordan Ayew,Crystal Palace,FWD,33,2086,1,4
2020,141,Wilfried Zaha,Crystal Palace,MID,30,2612,11,4
2020,142,Jeffrey Schlupp,Crystal Palace,MID,27,1415,2,3
2020,144,Jairo Riedewald,Crystal Palace,MID,33,1810,2,0
2020,146,Tyrick Mitchell,Crystal Palace,DEF,19,1710,1,2
2020,148,Theo Walcott,Everton,MID,1,12,0,0
2020,148,Theo Walcott,Southampton,MID,21,1617,3,4
2020,149,Fabian Delph,Everton,MID,8,260,0,0
2020,150,Gylfi Sigurdsson,Everton,MID,36,2244,6,5
2020,152,Seamus Coleman,Everton,DEF,25,1607,0,3
2020,153,Cenk Tosun,Everton,FWD,5,44,0,0
2020,154,Bernard Anício Caldeira Duarte,Everton,MID,12,447,1,0
2020,155,Lucas Digne,Everton,DEF,30,2681,0,9
2020,156,Michael Keane,Everton,DEF,35,2989,3,1
2020,157,Jordan Pickford,Everton,GK,31,2742,0,0
2020,158,André Filipe Tavares Gomes,Everton,MID,28,1559,0,1
2020,159,Alex Iwobi,Everton,MID,30,1530,1,3
2020,160,Jonjoe Kenny,Everton,DEF,4,78,0,0
2020,161,Jean-Philippe Gbamin,Everton,MID,1,11,0,0
2020,162,Yerry Mina,Everton,DEF,24,1936,2,0
2020,163,Tom Davies,Everton,MID,25,1417,0,1
2020,164,Dominic Calvert-Lewin,Everton,FWD,33,2871,16,6
2020,165,Mason Holgate,Everton,DEF,28,2286,1,0
2020,166,Richarlison de Andrade,Everton,FWD,34,2862,7,6
2020,167,João Virgínia,Everton,GK,1,47,0,0
2020,168,Anthony Gordon,Everton,MID,3,87,0,0
2020,169,Moise Kean,Everton,FWD,2,13,0,0
2020,173,Maxime Le Marchand,Fulham,DEF,2,122,0,0
2020,175,Tom Cairney,Fulham,MID,10,758,1,1
2020,176,Tim Ream,Fulham,DEF,7,630,0,0
2020,178,Michael Hector,Fulham,DEF,4,262,0,0
2020,180,Neeskens Kebano,Fulham,MID,5,116,0,0
2020,181,Bobby Decordova-Reid,Fulham,FWD,33,2367,5,3
2020,182,Joe Bryan,Fulham,DEF,16,663,1,1
2020,184,Aleksandar Mitrović,Fulham,FWD,27,1389,3,3
2020,186,Marek Rodák,Fulham,GK,2,180,0,0
2020,187,Ivan Ricardo Neves Abreu Cavaleiro,Fulham,MID,36,2465,3,0
2020,188,Josh Onomah,Fulham,MID,11,369,0,0
2020,190,Aboubakar Kamara,Fulham,MID,11,307,0,0
2020,191,André-Frank Zambo Anguissa,Fulham,MID,36,2581,0,3
2020,193,Pablo Hernández Domínguez,Leeds,MID,16,414,0,3
2020,194,Francisco Casilla Cortés,Leeds,GK,3,270,0,0
2020,195,Liam Cooper,Leeds,DEF,25,2186,1,0
2020,197,Luke Ayling,Leeds,DEF,38,3399,0,0
2020,198,Mateusz Klich,Leeds,MID,35,2386,4,5
2020,200,Stuart Dallas,Leeds,DEF,38,3410,8,3
2020,201,Ezgjan Alioski,Leeds,DEF,36,2456,2,3
2020,202,Patrick Bamford,Leeds,FWD,38,3052,17,11
2020,203,Jack Harrison,Leeds,MID,36,2846,8,10
2020,204,Kalvin Phillips,Leeds,MID,29,2428,1,2
2020,205,Hélder Wander Sousa de Azevedo e Costa,Leeds,MID,22,1150,3,4
2020,206,Tyler Roberts,Leeds,MID,27,1330,1,2
2020,209,Ian Carlo Poveda-Ocampo,Leeds,MID,14,344,0,0
2020,210,Jamie Shackleton,Leeds,MID,13,454,0,0
2020,211,Pascal Struijk,Leeds,DEF,27,2072,1,0
2020,213,Illan Meslier,Leeds,GK,35,3150,0,0
2020,214,Leif Davis,Leeds,DEF,2,31,0,0
2020,216,Wes Morgan,Leicester,DEF,3,16,0,0
2020,217,Kasper Schmeichel,Leicester,GK,38,3420,0,0
2020,218,Christian Fuchs,Leicester,DEF,9,701,0,0
2020,219,Jonny Evans,Leicester,DEF,28,2473,2,2
2020,221,Marc Albrighton,Leicester,MID,31,1735,1,7
2020,224,Jamie Vardy,Leicester,FWD,34,2838,15,14
2020,225,Dennis Praet,Leicester,MID,15,714,1,2
2020,226,Ricardo Domingos Barbosa Pereira,Leicester,DEF,15,954,0,1
2020,227,Daniel Amartey,Leicester,DEF,12,718,1,0
2020,228,Youri Tielemans,Leicester,MID,38,3356,6,4
2020,229,Ayoze Pérez,Leicester,MID,25,1322,2,1
2020,230,Demarai Gray,Leicester,MID,1,18,0,0
2020,231,James Maddison,Leicester,MID,31,2093,8,7
2020,232,Benjamin Chilwell,Chelsea,DEF,27,2286,3,6
2020,233,Kelechi Iheanacho,Leicester,FWD,25,1452,12,2
2020,234,Hamza Choudhury,Leicester,MID,10,311,0,0
2020,235,Harvey Barnes,Leicester,MID,25,1944,9,5
2020,236,Wilfred Ndidi,Leicester,MID,26,2175,1,4
2020,238,Çaglar Söyüncü,Leicester,DEF,23,1816,1,0
2020,239,James Justin,Leicester,DEF,23,2070,2,2
2020,240,Luke Thomas,Leicester,DEF,14,968,1,0
2020,241,James Milner,Liverpool,MID,26,1056,0,2
2020,242,Konstantinos Tsimikas,Liverpool,DEF,2,6,0,0
2020,243,Georginio Wijnaldum,Liverpool,MID,38,2938,2,1
2020,244,Jordan Henderson,Liverpool,MID,21,1704,1,2
2020,245,Adrián San Miguel del Castillo,Liverpool,GK,3,270,0,0
2020,246,Joel Matip,Liverpool,DEF,10,690,1,2
2020,247,Xherdan Shaqiri,Liverpool,MID,14,548,0,2
2020,248,Alex Oxlade-Chamberlain,Liverpool,MID,13,243,1,1
2020,249,Roberto Firmino,Liverpool,FWD,36,2837,9,8
2020,250,Virgil van Dijk,Liverpool,DEF,5,370,1,0
2020,251,Sadio Mané,Liverpool,MID,35,2808,11,11
2020,252,Alisson Ramses Becker,Liverpool,GK,33,2970,1,0
2020,253,Fabio Henrique Tavares,Liverpool,MID,30,2566,0,2
2020,254,Mohamed Salah,Liverpool,MID,37,3077,22,6
2020,255,Andrew Robertson,Liverpool,DEF,38,3384,1,8
2020,256,Divock Origi,Liverpool,FWD,9,180,0,0
2020,258,Takumi Minamino,Liverpool,MID,9,289,1,0
2020,258,Takumi Minamino,Southampton,MID,10,710,2,0
2020,259,Trent Alexander-Arnold,Liverpool,DEF,36,3029,2,8
2020,260,Joseph Gomez,Liverpool,DEF,7,589,0,0
2020,261,Naby Keita,Liverpool,MID,10,517,0,0
2020,262,Rhian Brewster,Sheffield United,FWD,27,1113,0,0
2020,263,Curtis Jones,Liverpool,MID,24,1169,1,2
2020,264,Neco Williams,Liverpool,DEF,6,247,0,0
2020,266,Fernando Luiz Rosa,Man City,DEF,21,1182,0,2
2020,268,Sergio Agüero,Man City,FWD,12,554,4,1
2020,270,Kyle Walker,Man City,DEF,24,1944,1,1
2020,271,Ilkay Gündogan,Man City,MID,28,2025,13,4
2020,272,Kevin De Bruyne,Man City,MID,25,1995,6,12
2020,273,John Stones,Man City,DEF,22,1933,4,0
2020,274,Benjamin Mendy,Man City,DEF,13,951,2,1
2020,275,Riyad Mahrez,Man City,MID,27,1945,9,8
2020,276,Raheem Sterling,Man City,MID,31,2534,10,9
2020,277,João Pedro Cavaco Cancelo,Man City,DEF,28,2298,2,4
2020,278,Ederson Santana de Moraes,Man City,GK,36,3240,0,1
2020,279,Nathan Aké,Man City,DEF,10,797,1,0
2020,280,Aymeric Laporte,Man City,DEF,16,1343,0,0
2020,281,Bernardo Mota Veiga de Carvalho e Silva,Man City,MID,26,2063,2,7
2020,282,Gabriel Fernando de Jesus,Man City,FWD,29,2056,9,5
2020,283,Oleksandr Zinchenko,Man City,DEF,20,1473,0,0
2020,284,Phil Foden,Man City,MID,28,1607,9,8
2020,286,Rodrigo Hernandez,Man City,MID,34,2747,2,2
2020,287,Ferran Torres,Man City,MID,24,1297,7,4
2020,288,Eric Garcia,Man City,DEF,6,380,0,0
2020,290,Juan Mata,Man United,MID,9,507,1,3
2020,291,David de Gea,Man United,GK,26,2295,0,0
2020,293,Odion Ighalo,Man United,FWD,1,9,0,0
2020,295,Nemanja Matic,Man United,MID,20,1101,0,1
2020,296,Paul Pogba,Man United,MID,26,1892,3,6
2020,298,Harry Maguire,Man United,DEF,34,3047,2,2
2020,299,Frederico Rodrigues de Paula Santos,Man United,MID,30,2389,1,0
2020,300,Luke Shaw,Man United,DEF,32,2653,1,5
2020,301,Jesse Lingard,West Ham,MID,16,1423,9,5
2020,302,Bruno Miguel Borges Fernandes,Man United,MID,37,3101,18,14
2020,303,Anthony Martial,Man United,FWD,22,1477,4,7
2020,305,Dean Henderson,Man United,GK,13,1125,0,0
2020,306,Marcus Rashford,Man United,MID,37,2917,11,11
2020,307,Axel Tuanzebe,Man United,DEF,9,402,0,0
2020,308,Victor Lindelöf,Man United,DEF,29,2585,1,1
2020,309,Scott McTominay,Man United,MID,32,2124,4,2
2020,310,Eric Bailly,Man United,DEF,12,915,0,0
2020,311,Daniel James,Man United,MID,15,907,3,1
2020,312,Timothy Fosu-Mensah,Man United,DEF,1,80,0,0
2020,313,Aaron Wan-Bissaka,Man United,DEF,34,3060,2,5
2020,315,Mason Greenwood,Man United,MID,31,1813,7,2
2020,318,Brandon Williams,Man United,DEF,4,187,0,0
2020,320,Andy Carroll,Newcastle,FWD,18,380,1,1
2020,321,Jonjo Shelvey,Newcastle,MID,30,2616,1,3
2020,322,Matt Ritchie,Newcastle,MID,18,1347,0,5
2020,323,Federico Fernández,Newcastle,DEF,24,2080,0,0
2020,324,Ciaran Clark,Newcastle,DEF,22,1890,1,0
2020,325,Karl Darlow,Newcastle,GK,25,2250,0,0
2020,326,Martin Dubravka,Newcastle,GK,13,1170,0,0
2020,328,Jamaal Lascelles,Newcastle,DEF,19,1625,2,0
2020,329,Dwight Gayle,Newcastle,FWD,18,501,1,1
2020,331,Paul Dummett,Newcastle,DEF,15,1254,1,0
2020,332,Javier Manquillo,Newcastle,DEF,13,822,0,0
2020,333,Emil Krafth,Newcastle,DEF,16,1286,1,1
2020,334,Fabian Schär,Newcastle,DEF,18,1255,1,0
2020,335,DeAndre Yedlin,Newcastle,DEF,6,435,0,0
2020,336,Isaac Hayden,Newcastle,MID,24,1942,0,0
2020,338,Allan Saint-Maximin,Newcastle,MID,25,1554,3,5
2020,339,Miguel Almirón,Newcastle,MID,34,2426,4,2
2020,340,Joelinton Cássio Apolinário de Lira,Newcastle,FWD,31,1979,4,2
2020,343,Billy Sharp,Sheffield United,FWD,16,725,3,0
2020,344,David McGoldrick,Sheffield United,FWD,35,2391,8,1
2020,345,Chris Basham,Sheffield United,DEF,31,2576,0,1
2020,346,John Fleck,Sheffield United,MID,31,2573,0,3
2020,347,Enda Stevens,Sheffield United,DEF,30,2700,0,1
2020,349,Oliver Norwood,Sheffield United,MID,32,2214,0,0
2020,351,George Baldock,Sheffield United,DEF,32,2787,0,2
2020,352,Jack Robinson,Sheffield United,DEF,11,875,0,2
2020,353,John Egan,Sheffield United,DEF,31,2628,0,1
2020,354,Jack O'Connell,Sheffield United,DEF,2,180,0,0
2020,355,John Lundstram,Sheffield United,MID,28,2027,0,2
2020,356,Ben Osborn,Sheffield United,MID,24,1599,1,0
2020,357,Oliver McBurnie,Sheffield United,FWD,23,1316,1,2
2020,358,Callum Robinson,West Brom,FWD,28,1552,5,3
2020,359,Lys Mousset,Sheffield United,FWD,11,287,0,0
2020,360,Sander Berge,Sheffield United,MID,15,1119,1,1
2020,361,Shane Long,Southampton,FWD,11,201,0,0
2020,362,Ryan Bertrand,Southampton,DEF,29,2598,0,2
2020,363,Alex McCarthy,Southampton,GK,30,2700,0,0
2020,364,Oriol Romeu Vidal,Southampton,MID,21,1762,1,1
2020,365,Nathan Redmond,Southampton,MID,29,1727,2,3
2020,366,Danny Ings,Southampton,FWD,29,2172,12,4
2020,367,Jack Stephens,Southampton,DEF,18,1537,0,0
2020,368,Stuart Armstrong,Southampton,MID,33,2764,4,7
2020,369,Jannik Vestergaard,Southampton,DEF,30,2574,3,1
2020,370,James Ward-Prowse,Southampton,MID,38,3420,8,7
2020,373,Harrison Reed,Fulham,MID,31,2243,0,3
2020,375,Kyle Walker-Peters,Southampton,DEF,30,2646,0,3
2020,376,Jan Bednarek,Southampton,DEF,36,3100,1,1
2020,377,Che Adams,Southampton,FWD,36,2662,9,7
2020,378,Yan Valery,Southampton,DEF,3,101,0,0
2020,379,William Smallbone,Southampton,MID,3,171,0,0
2020,380,Jake Vokins,Southampton,DEF,1,66,0,0
2020,381,Michael Obafemi,Southampton,FWD,4,57,0,0
2020,382,Moussa Djenepo,Southampton,MID,27,1229,1,2
2020,383,Hugo Lloris,Tottenham,GK,38,3420,0,0
2020,385,Moussa Sissoko,Tottenham,MID,25,1576,0,0
2020,386,Toby Alderweireld,Tottenham,DEF,25,2240,1,0
2020,387,Erik Lamela,Tottenham,MID,23,700,1,1
2020,388,Harry Kane,Tottenham,FWD,35,3083,23,14
2020,389,Serge Aurier,Tottenham,DEF,19,1605,2,3
2020,390,Heung-Min Son,Tottenham,MID,37,3119,17,11
2020,391,Eric Dier,Tottenham,DEF,28,2520,0,0
2020,392,Lucas Rodrigues Moura da Silva,Tottenham,MID,30,1397,3,5
2020,394,Bamidele Alli,Tottenham,MID,15,613,0,2
2020,395,Ben Davies,Tottenham,DEF,20,1340,0,2
2020,396,Pierre-Emile Højbjerg,Tottenham,MID,38,3420,2,4
2020,397,Harry Winks,Tottenham,MID,15,856,0,0
2020,398,Davinson Sánchez,Tottenham,DEF,18,1486,0,0
2020,400,Steven Bergwijn,Tottenham,MID,21,1202,1,4
2020,402,Japhet Tanganga,Tottenham,DEF,6,487,0,0
2020,403,Giovani Lo Celso,Tottenham,MID,18,939,1,1
2020,405,Tanguy Ndombele,Tottenham,MID,33,2086,3,3
2020,407,Kieran Gibbs,West Brom,DEF,10,810,0,0
2020,408,Hal Robson-Kanu,West Brom,FWD,19,544,2,0
2020,409,Jake Livermore,West Brom,MID,18,1241,0,0
2020,410,Kamil Grosicki,West Brom,MID,3,147,0,1
2020,411,Matt Phillips,West Brom,MID,33,1815,2,1
2020,412,Kyle Bartley,West Brom,DEF,30,2583,3,1
2020,413,Romaine Sawyers,West Brom,MID,19,1486,0,0
2020,414,Ahmed El-Sayed Hegazy,West Brom,DEF,1,90,0,0
2020,415,Charlie Austin,West Brom,FWD,5,135,0,0
2020,417,Sam Johnstone,West Brom,GK,37,3330,0,1
2020,418,Conor Townsend,West Brom,DEF,25,2234,0,2
2020,419,Oluwasemilogo Adesewo Ibidapo Ajayi,West Brom,DEF,33,2779,2,1
2020,421,Kyle Edwards,West Brom,MID,5,114,0,0
2020,422,Darnell Furlong,West Brom,DEF,35,2931,1,3
2020,423,Sam Field,West Brom,MID,3,61,0,0
2020,424,Oliver Burke,Sheffield United,MID,25,1260,1,2
2020,425,Dara O'Shea,West Brom,DEF,28,2099,0,0
2020,426,Rekeem Harper,West Brom,MID,2,30,0,0
2020,427,Mark Noble,West Ham,MID,21,701,0,0
2020,428,Robert Snodgrass,West Brom,MID,8,524,0,0
2020,428,Robert Snodgrass,West Ham,MID,3,4,0,0
2020,430,Darren Randolph,West Ham,GK,3,270,0,0
2020,431,Lukasz Fabianski,West Ham,GK,35,3150,0,0
2020,432,Angelo Ogbonna,West Ham,DEF,28,2492,3,0
2020,435,Aaron Cresswell,West Ham,DEF,36,3170,0,11
2020,436,Andriy Yarmolenko,West Ham,MID,15,362,0,1
2020,437,Michail Antonio,West Ham,FWD,26,1972,10,5
2020,438,Ryan Fredericks,West Ham,DEF,14,564,1,1
2020,439,Manuel Lanzini,West Ham,MID,17,556,1,1
2020,440,Felipe Anderson Pereira Gomes,West Ham,MID,2,2,0,0
2020,441,Sébastien Haller,West Ham,FWD,16,932,3,0
2020,442,Arthur Masuaku,West Ham,DEF,12,1006,0,2
2020,443,Fabián Balbuena,West Ham,DEF,14,1197,1,0
2020,445,Jarrod Bowen,West Ham,MID,38,2556,8,6
2020,446,Grady Diangana,West Brom,MID,20,1230,1,0
2020,448,Declan Rice,West Ham,MID,32,2880,2,1
2020,449,Tomas Soucek,West Ham,MID,38,3420,10,2
2020,450,Pablo Fornals,West Ham,MID,33,2571,5,7
2020,451,Issa Diop,West Ham,DEF,18,1379,2,0
2020,452,Ben Johnson,West Ham,DEF,14,516,1,0
2020,453,John Ruddy,Wolves,GK,2,91,0,0
2020,454,João Filipe Iria Santos Moutinho,Wolves,MID,33,2526,1,1
2020,455,Rui Pedro dos Santos Patrício,Wolves,GK,37,3330,0,0
2020,457,Matt Doherty,Tottenham,DEF,17,1238,0,2
2020,458,Willy Boly,Wolves,DEF,21,1879,1,1
2020,459,Conor Coady,Wolves,DEF,37,3303,1,0
2020,460,Raúl Jiménez,Wolves,FWD,10,824,4,1
2020,461,Romain Saïss,Wolves,DEF,27,2407,3,0
2020,462,Jonathan Castro Otto,Wolves,DEF,7,496,0,0
2020,464,Leander Dendoncker,Wolves,MID,33,2498,1,2
2020,465,Adama Traoré,Wolves,MID,37,2640,2,4
2020,466,Rúben Diogo da Silva Neves,Wolves,MID,36,2670,5,1
2020,467,Oskar Buur,Wolves,DEF,1,22,0,0
2020,468,Diogo Jota,Liverpool,MID,19,1106,9,0
2020,469,Daniel Castelo Podence,Wolves,MID,24,1661,3,2
2020,470,Max Kilman,Wolves,DEF,18,1307,0,1
2020,471,Rúben Gonçalo Silva Nascimento Vinagre,Wolves,DEF,2,172,0,0
2020,473,Morgan Gibbs-White,Wolves,MID,11,407,1,0
2020,474,Pedro Lomba Neto,Wolves,MID,31,2549,5,8
2020,478,Willian Borges Da Silva,Arsenal,MID,25,1398,1,7
2020,479,Mohammed Salisu,Southampton,DEF,12,841,0,0
2020,480,Sean Longstaff,Newcastle,MID,22,1405,0,1
2020,481,Matheus Pereira,West Brom,MID,33,2574,11,7
2020,483,Aaron Ramsdale,Sheffield United,GK,38,3420,0,0
2020,484,Antonee Robinson,Fulham,DEF,28,2159,0,0
2020,485,Jeff Hendrick,Newcastle,MID,22,1418,2,1
2020,486,Scott Dann,Crystal Palace,DEF,15,1350,1,1
2020,487,Matthew Longstaff,Newcastle,MID,5,376,0,0
2020,489,Eberechi Eze,Crystal Palace,MID,34,2555,4,8
2020,490,Thiago Thiago,Chelsea,DEF,23,1935,2,0
2020,491,Robin Koch,Leeds,DEF,17,1130,0,0
2020,492,Rodrigo Moreno,Leeds,FWD,26,1279,7,4
2020,493,Mario Lemina,Fulham,MID,28,1696,1,1
2020,494,Gabriel Magalhães,Arsenal,DEF,23,1996,2,0
2020,495,Donny van de Beek,Man United,MID,19,511,1,2
2020,496,Matthew Cash,Aston Villa,DEF,28,2373,0,2
2020,497,Jacob Murphy,Newcastle,MID,26,1617,2,3
2020,498,Timothy Castagne,Leicester,DEF,27,2345,2,4
2020,500,Kai Havertz,Chelsea,MID,27,1512,4,6
2020,501,Daniel Ceballos Fernández,Arsenal,MID,25,1609,0,4
2020,502,Allan Marques Loureiro,Everton,MID,24,2050,0,0
2020,504,Fabio Silva,Wolves,FWD,32,1352,4,3
2020,505,Fernando Marçal,Wolves,DEF,13,618,0,0
2020,506,Callum Wilson,Newcastle,FWD,26,2081,12,6
2020,507,Ryan Fraser,Newcastle,MID,18,922,0,4
2020,508,James Rodríguez,Everton,MID,23,1763,6,5
2020,509,Ethan Ampadu,Sheffield United,DEF,25,2087,0,0
2020,510,Jayden Bogle,Sheffield United,DEF,16,1107,2,0
2020,511,Max Lowe,Sheffield United,DEF,8,549,0,0
2020,512,Abdoulaye Doucouré,Everton,MID,29,2443,2,3
2020,513,Jamal Lewis,Newcastle,DEF,24,1833,0,1
2020,514,Ollie Watkins,Aston Villa,FWD,37,3328,14,9
2020,515,Vitor Ferreira,Wolves,MID,19,509,0,1
2020,516,Alphonse Areola,Fulham,GK,36,3240,0,0
2020,517,Kenny Tete,Fulham,DEF,22,1477,0,1
2020,518,Nampalys Mendy,Leicester,MID,23,1452,0,1
2020,519,Jimmy Dunne,Burnley,DEF,3,270,1,0
2020,523,Fraser Forster,Southampton,GK,8,720,0,0
2020,524,Nathan Tella,Southampton,MID,18,735,1,2
2020,525,Denis Odoi,Fulham,DEF,3,270,0,0
2020,526,Mohamed Naser El Sayed Elneny,Arsenal,MID,23,1538,1,0
2020,529,Phil Jagielka,Sheffield United,DEF,10,524,0,0
2020,530,Branislav Ivanovic,West Brom,DEF,13,764,0,0
2020,531,Thiago Alcántara do Nascimento,Liverpool,MID,24,1851,1,0
2020,535,Josh Benson,Burnley,MID,6,260,0,0
2020,538,Zack Steffen,Man City,GK,1,90,0,0
2020,539,Liam Delap,Man City,FWD,1,39,0,0
2020,540,Bertrand Traoré,Aston Villa,MID,36,2315,7,7
2020,541,Cengiz Ünder,Leicester,MID,9,275,0,2
2020,542,Sergio Reguilón,Tottenham,DEF,27,2244,0,6
2020,543,Gareth Bale,Tottenham,MID,20,912,11,3
2020,544,Conor Gallagher,West Brom,MID,30,2530,2,2
2020,545,Ki-Jana Hoever,Wolves,DEF,12,573,0,0
2020,546,Nélson Cabral Semedo,Wolves,DEF,34,2983,1,3
2020,547,Rúnar Alex Rúnarsson,Arsenal,GK,1,15,0,0
2020,548,Edouard Mendy,Chelsea,GK,31,2745,0,0
2020,549,Diego Llorente,Leeds,DEF,15,1203,1,0
2020,550,Jayson Molumby,Brighton,MID,1,1,0,0
2020,554,Jacob Ramsey,Aston Villa,MID,22,611,0,0
2020,555,Filip Krovinovic,West Brom,MID,11,541,0,0
2020,556,Rúben Santos Gato Alves Dias,Man City,DEF,32,2843,1,1
2020,557,Ademola Lookman,Fulham,MID,34,2746,4,4
2020,558,Vladimir Coufal,West Ham,DEF,34,3054,0,9
2020,559,Niels Nkounkou,Everton,DEF,2,80,0,0
2020,560,Caoimhin Kelleher,Liverpool,GK,2,180,0,0
2020,561,Wesley Fofana,Leicester,DEF,28,2260,0,1
2020,562,Ola Aina,Fulham,DEF,31,2664,2,1
2020,563,Rayan Ait Nouri,Wolves,DEF,21,1400,1,1
2020,564,Carlos Vinicius Alves Morais,Tottenham,FWD,9,305,1,0
2020,565,Ibrahima Diallo,Southampton,MID,22,1010,0,0
2020,566,Ben Godfrey,Everton,DEF,31,2683,0,2
2020,567,Thomas Partey,Arsenal,MID,24,1529,0,2
2020,568,Alex Nicolao Telles,Man United,DEF,9,689,0,2
2020,569,Edinson Cavani,Man United,FWD,26,1364,10,4
2020,570,Raphael Dias Belloli,Leeds,MID,30,2358,6,10
2020,571,Joachim Andersen,Fulham,DEF,31,2729,1,1
2020,572,Tosin Adarabioyo,Fulham,DEF,33,2953,0,1
2020,573,Robin Olsen,Everton,GK,7,630,0,0
2020,574,Andi Zeqiri,Brighton,FWD,9,164,0,0
2020,576,Craig Dawson,West Ham,DEF,22,1925,3,0
2020,577,Nathaniel Clyne,Crystal Palace,DEF,13,1145,0,1
2020,579,Islam Slimani,Leicester,FWD,1,19,0,0
2020,581,Owen Otasowie,Wolves,MID,6,185,0,1
2020,582,Karlan Grant,West Brom,FWD,21,1120,1,0
2020,583,Will Norris,Burnley,GK,2,180,0,0
2020,584,Joe Rodon,Tottenham,DEF,12,732,0,0
2020,585,Terence Kongolo,Fulham,DEF,1,90,0,0
2020,586,Jack Butland,Crystal Palace,GK,1,90,0,0
2020,587,Saïd Benrahma,West Ham,MID,30,1376,1,6
2020,588,Danny Welbeck,Brighton,FWD,24,1541,6,4
2020,589,Nathaniel Phillips,Liverpool,DEF,17,1455,1,1
2020,590,Daniel N'Lundulu,Southampton,FWD,13,102,0,0
2020,592,Lewis Richardson,Burnley,FWD,2,3,0,0
2020,594,Rhys Williams,Liverpool,DEF,9,659,0,0
2020,597,Robert Sánchez,Brighton,GK,27,2430,0,0
2020,598,Kayne Ramsay,Southampton,DEF,1,90,0,0
2020,600,Lee Peltier,West Brom,DEF,4,228,0,0
2020,602,Elliot Anderson,Newcastle,MID,1,3,0,0
2020,603,Kean Bryan,Sheffield United,DEF,13,1003,1,0
2020,608,Scott Carson,Man City,GK,1,90,0,0
2020,610,Theo Corbeanu,Wolves,MID,1,8,0,0
2020,613,Joel Mumbongo,Burnley,FWD,4,37,0,0
2020,618,Antwoine Hackford,Sheffield United,FWD,1,10,0,0
2020,619,Niall Huggins,Leeds,FWD,1,37,0,0
2020,626,Patrick Cutrone,Wolves,FWD,2,23,0,0
2020,627,Percy Tau,Brighton,MID,3,101,0,1
2020,628,Jakub Moder,Brighton,MID,12,643,0,0
2020,630,Reda Khadra,Brighton,MID,1,4,0,0
2020,635,Allan Tchaptchet,Southampton,DEF,1,12,0,0
2020,636,Caleb Watts,Southampton,MID,3,36,0,0
2020,640,Amad Diallo,Man United,MID,3,165,0,1
2020,641,Jean-Philippe Mateta,Crystal Palace,FWD,7,215,1,0
2020,642,Willian José Da Silva,Wolves,FWD,17,1106,1,1
2020,643,Alexandre Jankewitz,Southampton,MID,2,2,0,0
2020,645,Martin Ødegaard,Arsenal,MID,14,861,1,2
2020,647,Morgan Sanson,Aston Villa,MID,9,288,0,0
2020,648,Mbaye Diagne,West Brom,FWD,16,1188,3,5
2020,651,Joshua King,Everton,FWD,11,138,0,0
2020,652,Ozan Kabak,Liverpool,DEF,9,801,0,0
2020,654,Okay Yokuslu,West Brom,MID,16,1316,0,1
2020,656,Iliman Ndiaye,Sheffield United,MID,1,11,0,0
2020,661,Thakgalo Leshabela,Leicester,MID,1,9,0,0
2020,665,Josh Maja,Fulham,FWD,15,804,3,0
2020,666,Dane Scarlett,Tottenham,FWD,1,1,0,0
2020,672,Carney Chukwuemeka,Aston Villa,MID,2,18,0,0
2020,673,Shola Shoretire,Man United,MID,2,9,0,0
2020,676,Sidnei Tavares,Leicester,MID,2,84,0,0
2020,680,Nathan Broadhead,Everton,MID,1,2,0,0
2020,683,Jaden Philogene-Bidace,Aston Villa,MID,1,1,0,0
2020,685,Gaetano Berardi,Leeds,DEF,2,113,0,0
2020,695,Fabio Carvalho,Fulham,MID,4,254,1,0
2020,699,Daniel Jebbison,Sheffield United,FWD,4,283,1,0
2020,702,Anthony Elanga,Man United,MID,2,155,1,0
2020,705,Femi Seriki,Sheffield United,MID,1,1,0,0
2020,708,Tyrese Francois,Fulham,MID,1,14,0,0
2020,712,Hannibal Mejbri,Man United,MID,1,8,0,0
2020,713,William Fish,Man United,DEF,1,1,0,0
2021,1,Bernd Leno,Arsenal,GK,4,360,0,0
2021,4,Pierre-Emerick Aubameyang,Arsenal,FWD,14,1036,4,1
2021,5,Cédric Soares,Arsenal,DEF,21,1481,1,1
2021,6,Alexandre Lacazette,Arsenal,FWD,30,1773,4,8
2021,7,Granit Xhaka,Arsenal,MID,27,2327,1,2
2021,8,Pablo Marí,Arsenal,DEF,2,180,0,0
2021,10,Calum Chambers,Arsenal,DEF,2,170,0,0
2021,10,Calum Chambers,Aston Villa,DEF,11,829,1,0
2021,11,Sead Kolasinac,Arsenal,DEF,2,91,0,0
2021,12,Mohamed Naser El Sayed Elneny,Arsenal,MID,14,801,0,2
2021,13,Ainsley Maitland-Niles,Arsenal,MID,8,263,0,0
2021,14,Rob Holding,Arsenal,DEF,15,840,1,0
2021,15,Thomas Partey,Arsenal,MID,24,2027,2,2
2021,16,Kieran Tierney,Arsenal,DEF,22,1916,1,3
2021,17,Nicolas Pépé,Arsenal,MID,20,681,1,4
2021,19,Joseph Willock,Newcastle,MID,29,2037,2,3
2021,20,Edward Nketiah,Arsenal,FWD,21,823,5,1
2021,21,Emile Smith Rowe,Arsenal,MID,33,1909,10,2
2021,22,Bukayo Saka,Arsenal,MID,38,2978,11,9
2021,23,Gabriel Magalhães,Arsenal,DEF,35,3063,5,0
2021,26,Gabriel Teodoro Martinelli Silva,Arsenal,MID,29,1855,6,7
2021,28,Jed Steer,Aston Villa,GK,1,90,0,0
2021,30,Emiliano Martínez,Aston Villa,GK,36,3240,0,0
2021,32,Bertrand Traoré,Aston Villa,MID,9,212,0,1
2021,33,Jack Grealish,Man City,MID,26,1910,3,3
2021,34,Morgan Sanson,Aston Villa,MID,10,349,0,0
2021,35,John McGinn,Aston Villa,MID,35,3090,3,4
2021,36,Kortney Hause,Aston Villa,DEF,7,397,1,0
2021,37,Mahmoud Ahmed Ibrahim Hassan,Aston Villa,MID,1,10,0,0
2021,38,Tyrone Mings,Aston Villa,DEF,36,3188,1,4
2021,39,Matt Targett,Aston Villa,DEF,17,1431,1,2
2021,39,Matt Targett,Newcastle,DEF,16,1440,0,0
2021,40,Ollie Watkins,Aston Villa,FWD,35,2950,11,3
2021,41,Marvelous Nakamba,Aston Villa,MID,16,899,0,0
2021,42,Anwar El Ghazi,Aston Villa,MID,9,381,1,1
2021,42,Anwar El Ghazi,Everton,MID,2,11,0,0
2021,43,Emiliano Buendía Stati,Aston Villa,MID,35,1887,4,6
2021,44,Matthew Cash,Aston Villa,DEF,38,3377,4,3
2021,45,Ezri Konsa Ngoyo,Aston Villa,DEF,29,2477,2,0
2021,47,Wesley Moraes,Aston Villa,FWD,1,1,0,0
2021,49,Keinan Davis,Aston Villa,FWD,1,11,0,0
2021,50,Douglas Luiz Soares de Paulo,Aston Villa,MID,34,2715,2,3
2021,51,Jacob Ramsey,Aston Villa,MID,34,2465,6,1
2021,52,Ashley Young,Aston Villa,DEF,24,1234,0,2
2021,53,Adam Lallana,Brighton,MID,24,1559,0,1
2021,54,Jason Steele,Brighton,GK,1,90,0,0
2021,55,Pascal Groß,Brighton,MID,29,2033,2,5
2021,56,Shane Duffy,Brighton,DEF,18,1434,1,1
2021,58,Dan Burn,Brighton,DEF,13,1021,1,0
2021,58,Dan Burn,Newcastle,DEF,16,1440,0,1
2021,59,Lewis Dunk,Brighton,DEF,29,2573,1,0
2021,60,Solomon March,Brighton,MID,31,1733,0,2
2021,61,Adam Webster,Brighton,DEF,22,1429,2,0
2021,62,Joël Veltman,Brighton,DEF,34,2874,1,1
2021,63,Neal Maupay,Brighton,FWD,32,2269,8,3
2021,64,Leandro Trossard,Brighton,MID,34,2803,8,4
2021,67,Ben White,Arsenal,DEF,32,2880,0,0
2021,69,Robert Sánchez,Brighton,GK,37,3330,0,0
2021,70,Yves Bissouma,Brighton,MID,26,2110,1,2
2021,71,Tariq Lamptey,Brighton,DEF,30,1547,0,2
2021,72,Aaron Connolly,Brighton,FWD,4,154,0,0
2021,73,Steven Alzate,Brighton,MID,9,401,0,0
2021,74,Alexis Mac Allister,Brighton,MID,33,2112,5,2
2021,75,Jakub Moder,Brighton,MID,28,1694,0,3
2021,76,Pontus Jansson,Brentford,DEF,37,3321,3,4
2021,77,Christian Nørgaard,Brentford,MID,35,3054,3,4
2021,78,Ivan Toney,Brentford,FWD,33,2908,12,5
2021,79,Tariqe Fosu-Henry,Brentford,MID,1,16,0,0
2021,80,David Raya Martin,Brentford,GK,24,2160,0,0
2021,81,Sergi Canós,Brentford,MID,31,2077,3,3
2021,82,Pelenda Joshua Dasilva,Brentford,MID,9,250,0,0
2021,83,Rico Henry,Brentford,DEF,34,2775,3,0
2021,84,Vitaly Janelt,Brentford,MID,31,2295,4,0
2021,85,Saman Ghoddos,Brentford,MID,17,524,1,2
2021,86,Mathias Jensen,Brentford,MID,31,1590,0,1
2021,87,Charlie Goode,Brentford,DEF,6,448,0,0
2021,88,Marcus Forss,Brentford,FWD,7,203,0,1
2021,89,Mads Roerslev Rasmussen,Brentford,DEF,21,1232,1,1
2021,90,Mads Bech Sørensen,Brentford,DEF,11,833,0,0
2021,91,Ethan Pinnock,Brentford,DEF,32,2694,1,1
2021,96,Bryan Mbeumo,Brentford,MID,35,2905,4,7
2021,97,Mads Bidstrup,Brentford,MID,4,36,0,0
2021,98,James Tarkowski,Burnley,DEF,35,3106,1,2
2021,100,Erik Pieters,Burnley,DEF,12,726,0,1
2021,101,Jack Cork,Burnley,MID,20,1670,1,0
2021,102,Dale Stephens,Burnley,MID,3,123,0,0
2021,103,Kevin Long,Burnley,DEF,6,408,0,0
2021,104,Jay Rodriguez,Burnley,FWD,29,1365,2,3
2021,105,Ashley Barnes,Burnley,FWD,23,793,1,0
2021,106,Ben Mee,Burnley,DEF,21,1839,3,0
2021,107,Ashley Westwood,Burnley,MID,27,2286,0,4
2021,108,Johann Berg Gudmundsson,Burnley,MID,18,1097,0,1
2021,109,Chris Wood,Burnley,FWD,17,1369,3,0
2021,109,Chris Wood,Newcastle,FWD,17,1325,2,0
2021,110,Matthew Lowton,Burnley,DEF,25,1771,1,3
2021,111,Matej Vydra,Burnley,FWD,22,665,2,3
2021,112,Nick Pope,Burnley,GK,36,3240,0,0
2021,113,Charlie Taylor,Burnley,DEF,31,2730,0,3
2021,115,Josh Brownhill,Burnley,MID,35,2952,2,3
2021,118,Dwight McNeil,Burnley,MID,38,3104,0,1
2021,119,César Azpilicueta,Chelsea,DEF,27,2067,1,3
2021,121,Thiago Emiliano da Silva,Chelsea,DEF,32,2649,3,1
2021,122,Marcos Alonso,Chelsea,DEF,28,2164,4,5
2021,123,Jorge Luiz Frello Filho,Chelsea,MID,29,2271,6,2
2021,124,Ross Barkley,Chelsea,MID,6,174,1,0
2021,125,Mateo Kovacic,Chelsea,MID,25,1552,2,5
2021,127,Antonio Rüdiger,Chelsea,DEF,34,3035,3,3
2021,128,Kurt Zouma,West Ham,DEF,24,2078,1,0
2021,129,Kepa Arrizabalaga,Chelsea,GK,4,360,0,0
2021,130,N'Golo Kanté,Chelsea,MID,26,1769,2,5
2021,131,Hakim Ziyech,Chelsea,MID,23,1311,4,3
2021,132,Ruben Loftus-Cheek,Chelsea,MID,24,1384,0,3
2021,133,Andreas Christensen,Chelsea,DEF,19,1494,0,0
2021,134,Timo Werner,Chelsea,FWD,21,1278,4,2
2021,135,Benjamin Chilwell,Chelsea,DEF,7,541,3,1
2021,137,Christian Pulisic,Chelsea,MID,22,1282,6,2
2021,138,Mason Mount,Chelsea,MID,32,2358,11,11
2021,140,Callum Hudson-Odoi,Chelsea,MID,15,958,1,4
2021,141,Kai Havertz,Chelsea,MID,29,1802,8,4
2021,142,Reece James,Chelsea,DEF,26,1863,5,9
2021,143,Edouard Mendy,Chelsea,GK,34,3060,0,0
2021,144,Conor Gallagher,Crystal Palace,MID,34,2843,8,6
2021,145,Billy Gilmour,Norwich,MID,24,1852,0,1
2021,146,Vicente Guaita,Crystal Palace,GK,30,2655,0,0
2021,147,James Tomkins,Crystal Palace,DEF,8,545,1,0
2021,148,James McArthur,Crystal Palace,MID,21,1434,0,4
2021,149,Christian Benteke,Crystal Palace,FWD,25,1132,4,1
2021,150,Cheikhou Kouyaté,Crystal Palace,DEF,27,1970,0,1
2021,152,Luka Milivojevic,Crystal Palace,MID,15,767,0,0
2021,153,Jordan Ayew,Crystal Palace,FWD,31,2012,3,4
2021,154,Wilfried Zaha,Crystal Palace,MID,33,2759,14,2
2021,155,Jeffrey Schlupp,Crystal Palace,MID,32,1840,4,2
2021,156,Jack Butland,Crystal Palace,GK,9,765,0,0
2021,157,Jairo Riedewald,Crystal Palace,MID,3,116,0,0
2021,159,Jean-Philippe Mateta,Crystal Palace,FWD,22,1138,5,1
2021,160,Eberechi Eze,Crystal Palace,MID,13,599,1,1
2021,161,Nathan Ferguson,Crystal Palace,DEF,1,8,0,0
2021,162,Tyrick Mitchell,Crystal Palace,DEF,36,3101,0,2
2021,163,Fabian Delph,Everton,MID,11,660,0,0
2021,165,Seamus Coleman,Everton,DEF,30,2656,1,1
2021,168,Lucas Digne,Aston Villa,DEF,16,1270,0,4
2021,168,Lucas Digne,Everton,DEF,13,1170,0,0
2021,169,Michael Keane,Everton,DEF,32,2791,3,2
2021,170,Jordan Pickford,Everton,GK,35,3150,0,0
2021,171,Allan Marques Loureiro,Everton,MID,28,2181,0,3
2021,172,André Filipe Tavares Gomes,Everton,MID,14,614,0,1
2021,173,Abdoulaye Doucouré,Everton,MID,30,2536,2,5
2021,174,Alex Iwobi,Everton,MID,28,2029,2,2
2021,175,Yerry Mina,Everton,DEF,13,844,0,0
2021,176,Tom Davies,Everton,MID,6,230,1,0
2021,177,Dominic Calvert-Lewin,Everton,FWD,17,1281,5,2
2021,178,Mason Holgate,Everton,DEF,25,2133,2,2
2021,179,Ben Godfrey,Everton,DEF,23,2029,0,0
2021,180,Richarlison de Andrade,Everton,FWD,30,2522,10,6
2021,184,Liam Cooper,Leeds,DEF,21,1814,0,2
2021,185,Luke Ayling,Leeds,DEF,26,2272,2,3
2021,186,Mateusz Klich,Leeds,MID,33,2071,1,2
2021,187,Rodrigo Moreno,Leeds,FWD,31,2263,6,2
2021,188,Stuart Dallas,Leeds,MID,34,2920,1,1
2021,189,Patrick Bamford,Leeds,FWD,9,557,2,2
2021,190,Diego Llorente,Leeds,DEF,28,2341,3,0
2021,191,Kalvin Phillips,Leeds,MID,20,1594,0,1
2021,192,Hélder Wander Sousa de Azevedo e Costa,Leeds,MID,1,21,0,0
2021,193,Tyler Roberts,Leeds,MID,23,976,1,1
2021,194,Robin Koch,Leeds,DEF,20,1572,0,0
2021,196,Raphael Dias Belloli,Leeds,MID,35,2916,11,4
2021,197,Jamie Shackleton,Leeds,MID,14,704,0,1
2021,198,Pascal Struijk,Leeds,DEF,29,2050,1,1
2021,199,Illan Meslier,Leeds,GK,38,3384,0,0
2021,200,Kasper Schmeichel,Leicester,GK,37,3330,0,0
2021,201,Jonny Evans,Leicester,DEF,18,1346,1,1
2021,202,Marc Albrighton,Leicester,MID,17,1127,1,2
2021,203,Nampalys Mendy,Leicester,MID,14,1032,0,0
2021,204,Danny Ward,Leicester,GK,1,90,0,0
2021,205,Jamie Vardy,Leicester,FWD,25,1801,15,3
2021,207,Ricardo Domingos Barbosa Pereira,Leicester,DEF,14,990,1,3
2021,208,Daniel Amartey,Leicester,DEF,28,2118,0,0
2021,209,Timothy Castagne,Leicester,DEF,27,2124,1,0
2021,210,Youri Tielemans,Leicester,MID,32,2629,6,4
2021,211,Ayoze Pérez,Leicester,MID,14,438,2,3
2021,212,James Maddison,Leicester,MID,35,2454,12,11
2021,213,Kelechi Iheanacho,Leicester,FWD,26,1253,4,6
2021,214,Hamza Choudhury,Leicester,MID,6,284,0,0
2021,215,Harvey Barnes,Leicester,MID,32,2095,6,12
2021,216,Wilfred Ndidi,Leicester,MID,19,1617,0,1
2021,217,Çaglar Söyüncü,Leicester,DEF,28,2497,1,0
2021,218,James Justin,Leicester,DEF,13,996,0,0
2021,219,Luke Thomas,Leicester,DEF,22,1911,0,1
2021,220,Wesley Fofana,Leicester,DEF,7,630,0,0
2021,221,James Milner,Liverpool,MID,24,844,0,1
2021,222,Jordan Henderson,Liverpool,MID,35,2592,2,5
2021,224,Joel Matip,Liverpool,DEF,31,2790,3,3
2021,225,Thiago Alcántara do Nascimento,Liverpool,MID,25,1527,1,4
2021,227,Alex Oxlade-Chamberlain,Liverpool,MID,17,777,2,1
2021,228,Roberto Firmino,Liverpool,FWD,20,980,5,4
2021,229,Virgil van Dijk,Liverpool,DEF,34,3060,3,3
2021,230,Sadio Mané,Liverpool,MID,34,2818,16,5
2021,231,Alisson Ramses Becker,Liverpool,GK,36,3240,0,1
2021,232,Fabio Henrique Tavares,Liverpool,MID,29,2311,5,1
2021,233,Mohamed Salah,Liverpool,MID,35,2758,23,14
2021,234,Andrew Robertson,Liverpool,DEF,29,2537,3,11
2021,235,Divock Origi,Liverpool,FWD,7,126,3,0
2021,236,Takumi Minamino,Liverpool,MID,11,178,3,0
2021,237,Trent Alexander-Arnold,Liverpool,DEF,32,2853,2,12
2021,238,Joseph Gomez,Liverpool,DEF,8,330,0,1
2021,239,Naby Keita,Liverpool,MID,23,1169,3,2
2021,240,Diogo Jota,Liverpool,MID,35,2357,15,7
2021,242,Caoimhin Kelleher,Liverpool,GK,2,180,0,0
2021,243,Ibrahima Konaté,Liverpool,DEF,11,990,0,0
2021,244,Curtis Jones,Liverpool,MID,15,849,1,1
2021,245,Konstantinos Tsimikas,Liverpool,DEF,13,874,0,2
2021,246,Neco Williams,Liverpool,DEF,1,7,0,1
2021,249,Kyle Walker,Man City,DEF,20,1755,0,2
2021,250,Ilkay Gündogan,Man City,MID,27,1851,8,5
2021,251,Kevin De Bruyne,Man City,MID,30,2196,15,8
2021,252,John Stones,Man City,DEF,14,1117,1,0
2021,253,Benjamin Mendy,Man City,DEF,1,78,0,0
2021,254,Riyad Mahrez,Man City,MID,28,1485,11,7
2021,255,Raheem Sterling,Man City,MID,30,2121,13,7
2021,256,João Pedro Cavaco Cancelo,Man City,DEF,36,3227,1,11
2021,257,Ederson Santana de Moraes,Man City,GK,37,3330,0,0
2021,258,Nathan Aké,Man City,DEF,14,919,2,0
2021,259,Aymeric Laporte,Man City,DEF,33,2830,4,2
2021,260,Zack Steffen,Man City,GK,1,90,0,0
2021,261,Bernardo Mota Veiga de Carvalho e Silva,Man City,MID,35,2856,8,8
2021,262,Rúben Santos Gato Alves Dias,Man City,DEF,29,2401,2,5
2021,263,Gabriel Fernando de Jesus,Man City,FWD,28,1871,8,8
2021,264,Oleksandr Zinchenko,Man City,DEF,15,1044,0,4
2021,265,Phil Foden,Man City,MID,28,2125,9,6
2021,266,Rodrigo Hernandez,Man City,MID,33,2884,7,2
2021,267,Jack Harrison,Leeds,MID,35,2638,8,1
2021,268,Ferran Torres,Man City,MID,4,303,2,1
2021,269,Edinson Cavani,Man United,FWD,15,760,2,1
2021,270,David de Gea,Man United,GK,38,3420,0,0
2021,271,Nemanja Matic,Man United,MID,23,1375,0,4
2021,272,Paul Pogba,Man United,MID,20,1347,1,9
2021,273,Harry Maguire,Man United,DEF,30,2513,1,0
2021,274,Frederico Rodrigues de Paula Santos,Man United,MID,28,2026,4,5
2021,275,Luke Shaw,Man United,DEF,20,1600,0,3
2021,276,Jesse Lingard,Man United,MID,16,354,2,0
2021,277,Bruno Miguel Borges Fernandes,Man United,MID,36,3110,10,7
2021,278,Anthony Martial,Man United,FWD,8,207,1,0
2021,279,Alex Nicolao Telles,Man United,DEF,21,1658,0,4
2021,281,Marcus Rashford,Man United,MID,25,1224,4,2
2021,282,Donny van de Beek,Everton,MID,7,481,1,0
2021,282,Donny van de Beek,Man United,MID,8,69,1,0
2021,283,Axel Tuanzebe,Aston Villa,DEF,9,505,0,0
2021,284,Victor Lindelöf,Man United,DEF,28,2353,0,2
2021,285,Scott McTominay,Man United,MID,30,2386,1,2
2021,286,Eric Bailly,Man United,DEF,4,216,0,0
2021,287,Daniel James,Leeds,MID,32,2363,4,5
2021,287,Daniel James,Man United,MID,2,126,0,0
2021,288,Aaron Wan-Bissaka,Man United,DEF,20,1793,0,0
2021,289,Mason Greenwood,Man United,MID,18,1269,5,2
2021,290,Brandon Williams,Norwich,DEF,26,2119,0,1
2021,291,Jonjo Shelvey,Newcastle,MID,24,1981,2,1
2021,292,Matt Ritchie,Newcastle,DEF,18,1333,0,2
2021,293,Ciaran Clark,Newcastle,DEF,13,1012,0,1
2021,294,Karl Darlow,Newcastle,GK,8,720,0,0
2021,295,Martin Dubravka,Newcastle,GK,26,2340,0,0
2021,296,Callum Wilson,Newcastle,FWD,18,1386,8,0
2021,297,Jeff Hendrick,Newcastle,MID,3,69,1,0
2021,298,Ryan Fraser,Newcastle,MID,27,1459,2,5
2021,299,Jamaal Lascelles,Newcastle,DEF,26,2055,1,1
2021,300,Dwight Gayle,Newcastle,FWD,8,34,0,0
2021,301,Paul Dummett,Newcastle,DEF,3,197,0,0
2021,302,Javier Manquillo,Newcastle,DEF,19,1258,1,3
2021,303,Emil Krafth,Newcastle,DEF,20,1636,0,1
2021,304,Jacob Murphy,Newcastle,MID,33,1457,1,4
2021,305,Fabian Schär,Newcastle,DEF,25,2158,2,2
2021,306,Isaac Hayden,Newcastle,MID,14,1000,1,0
2021,307,Allan Saint-Maximin,Newcastle,FWD,35,2804,5,7
2021,308,Miguel Almirón,Newcastle,MID,30,1706,1,0
2021,309,Sean Longstaff,Newcastle,MID,24,1458,1,1
2021,310,Joelinton Cássio Apolinário de Lira,Newcastle,FWD,35,2554,4,2
2021,311,Jamal Lewis,Newcastle,DEF,5,261,0,0
2021,314,Tim Krul,Norwich,GK,29,2610,0,0
2021,315,Teemu Pukki,Norwich,FWD,37,3253,11,3
2021,317,Lukas Rupp,Norwich,MID,19,759,0,0
2021,318,Kenny McLean,Norwich,MID,31,2707,1,0
2021,319,Grant Hanley,Norwich,DEF,33,2897,1,0
2021,321,Sam Byram,Norwich,DEF,15,1023,0,0
2021,323,Kieran Dowell,Norwich,MID,19,905,1,1
2021,324,Christoph Zimmermann,Norwich,DEF,3,156,0,0
2021,325,Todd Cantwell,Norwich,MID,8,438,0,0
2021,326,Max Aarons,Norwich,DEF,34,2879,0,2
2021,327,Jacob Sørensen,Norwich,DEF,10,600,0,0
2021,328,Przemyslaw Placheta,Norwich,MID,12,499,0,0
2021,329,Adam Idah,Norwich,FWD,17,617,1,2
2021,331,Andrew Omobamidele,Norwich,DEF,5,381,1,0
2021,332,Theo Walcott,Southampton,MID,9,376,0,0
2021,333,Fraser Forster,Southampton,GK,19,1710,0,0
2021,334,Alex McCarthy,Southampton,GK,17,1530,0,0
2021,335,Oriol Romeu Vidal,Southampton,MID,36,2890,2,2
2021,336,Nathan Redmond,Southampton,MID,27,1827,1,6
2021,337,Danny Ings,Aston Villa,FWD,30,1891,7,6
2021,338,Jack Stephens,Southampton,DEF,11,810,0,0
2021,339,Stuart Armstrong,Southampton,MID,25,1465,2,1
2021,340,Jannik Vestergaard,Leicester,DEF,10,563,0,0
2021,341,James Ward-Prowse,Southampton,MID,36,3215,10,5
2021,342,Kyle Walker-Peters,Southampton,DEF,32,2630,1,3
2021,343,Jan Bednarek,Southampton,DEF,31,2629,4,0
2021,345,Che Adams,Southampton,FWD,30,2034,7,4
2021,346,Nathan Tella,Southampton,MID,14,802,0,2
2021,347,William Smallbone,Southampton,MID,4,132,0,0
2021,349,Ibrahima Diallo,Southampton,MID,23,1016,0,3
2021,350,Moussa Djenepo,Southampton,MID,12,452,0,0
2021,351,Mohammed Salisu,Southampton,DEF,34,2971,0,0
2021,353,Hugo Lloris,Tottenham,GK,38,3420,0,0
2021,354,Moussa Sissoko,Watford,MID,36,3220,2,1
2021,357,Harry Kane,Tottenham,FWD,37,3231,17,11
2021,359,Heung-Min Son,Tottenham,MID,35,3009,23,10
2021,360,Matt Doherty,Tottenham,DEF,15,871,2,5
2021,361,Eric Dier,Tottenham,DEF,35,3071,0,1
2021,362,Lucas Rodrigues Moura da Silva,Tottenham,MID,34,1763,2,6
2021,363,Bamidele Alli,Everton,MID,11,330,0,0
2021,363,Bamidele Alli,Tottenham,MID,10,655,1,0
2021,364,Ben Davies,Tottenham,DEF,29,2537,1,2
2021,365,Pierre-Emile Højbjerg,Tottenham,MID,36,3196,2,3
2021,366,Harry Winks,Tottenham,MID,19,904,0,2
2021,367,Davinson Sánchez,Tottenham,DEF,23,1626,2,1
2021,368,Ryan Sessegnon,Tottenham,DEF,15,1046,0,3
2021,369,Steven Bergwijn,Tottenham,MID,25,548,3,2
2021,370,Sergio Reguilón,Tottenham,DEF,25,1914,2,4
2021,371,Japhet Tanganga,Tottenham,DEF,11,735,0,0
2021,372,Giovani Lo Celso,Tottenham,MID,9,231,0,0
2021,373,Oliver Skipp,Tottenham,MID,18,1346,0,0
2021,374,Joe Rodon,Tottenham,DEF,3,87,0,0
2021,375,Tanguy Ndombele,Tottenham,MID,9,481,1,1
2021,376,Ben Foster,Watford,GK,26,2340,0,1
2021,377,Danny Rose,Watford,DEF,8,688,0,0
2021,378,Dan Gosling,Watford,MID,4,164,1,0
2021,379,Craig Cathcart,Watford,DEF,31,2394,0,1
2021,380,Troy Deeney,Watford,FWD,2,23,0,0
2021,381,Tom Cleverley,Watford,MID,28,1611,0,2
2021,382,Francisco Femenía Far,Watford,DEF,27,2143,0,5
2021,384,Christian Kabasele,Watford,DEF,16,1190,0,0
2021,386,Will Hughes,Crystal Palace,MID,16,1050,0,2
2021,387,William Troost-Ekong,Watford,DEF,17,1388,0,0
2021,389,Daniel Bachmann,Watford,GK,12,1080,0,0
2021,390,Adam Masina,Watford,DEF,15,1075,0,1
2021,391,Ken Sema,Watford,MID,18,844,0,0
2021,395,Ashley Fletcher,Watford,FWD,3,28,0,0
2021,396,Francisco Sierralta,Watford,DEF,5,427,0,0
2021,399,Ismaila Sarr,Watford,MID,22,1862,5,2
2021,400,Jeremy Ngakia,Watford,DEF,16,896,0,0
2021,403,Imrân Louza,Watford,MID,20,1415,0,0
2021,404,João Pedro Junqueira de Jesus,Watford,FWD,28,1634,3,1
2021,406,Mark Noble,West Ham,MID,11,325,1,0
2021,408,Lukasz Fabianski,West Ham,GK,37,3330,0,0
2021,409,Angelo Ogbonna,West Ham,DEF,11,921,1,0
2021,411,Aaron Cresswell,West Ham,DEF,31,2726,2,4
2021,412,Andriy Yarmolenko,West Ham,MID,19,303,1,0
2021,413,Michail Antonio,West Ham,FWD,36,2975,10,10
2021,414,Craig Dawson,West Ham,DEF,34,2752,2,3
2021,415,Ryan Fredericks,West Ham,DEF,7,303,0,0
2021,416,Manuel Lanzini,West Ham,MID,30,1777,5,3
2021,417,Arthur Masuaku,West Ham,DEF,13,645,1,1
2021,418,Vladimir Coufal,West Ham,DEF,28,2207,0,4
2021,419,Saïd Benrahma,West Ham,MID,32,2162,8,6
2021,420,Jarrod Bowen,West Ham,MID,36,2987,12,17
2021,421,Declan Rice,West Ham,MID,36,3178,1,4
2021,422,Tomas Soucek,West Ham,MID,35,3061,5,1
2021,423,Pablo Fornals,West Ham,MID,36,2795,6,4
2021,424,Issa Diop,West Ham,DEF,13,961,0,1
2021,425,Ben Johnson,West Ham,DEF,20,1397,1,0
2021,426,João Filipe Iria Santos Moutinho,Wolves,MID,35,2970,2,1
2021,428,Willy Boly,Wolves,DEF,10,900,0,0
2021,429,Conor Coady,Wolves,DEF,38,3361,4,0
2021,430,Raúl Jiménez,Wolves,FWD,34,2630,6,5
2021,431,Romain Saïss,Wolves,DEF,31,2706,2,0
2021,432,Fernando Marçal,Wolves,DEF,18,1448,0,3
2021,433,Jonathan Castro Otto,Wolves,DEF,13,1022,2,0
2021,434,Leander Dendoncker,Wolves,MID,30,1945,2,3
2021,435,Adama Traoré,Wolves,MID,20,1069,1,1
2021,436,Rúben Diogo da Silva Neves,Wolves,MID,33,2659,4,2
2021,437,Nélson Cabral Semedo,Wolves,DEF,25,2131,0,1
2021,438,Daniel Castelo Podence,Wolves,MID,26,1475,2,3
2021,439,Max Kilman,Wolves,DEF,30,2688,1,1
2021,440,Morgan Gibbs-White,Wolves,MID,2,7,0,0
2021,441,Pedro Lomba Neto,Wolves,MID,13,459,1,1
2021,443,Ki-Jana Hoever,Wolves,DEF,8,306,0,0
2021,445,Fabio Silva,Wolves,FWD,22,562,0,1
2021,447,Danny Welbeck,Brighton,FWD,25,1469,6,4
2021,448,Angus Gunn,Norwich,GK,9,810,0,0
2021,449,Milot Rashica,Norwich,MID,31,2228,1,2
2021,450,Emmanuel Dennis,Watford,FWD,33,2579,10,7
2021,451,Nathan Collins,Burnley,DEF,19,1670,2,0
2021,452,John Ruddy,Wolves,GK,2,135,0,0
2021,453,Fernando Luiz Rosa,Man City,MID,19,956,2,1
2021,455,Patson Daka,Leicester,FWD,23,1152,5,3
2021,456,Ben Gibson,Norwich,DEF,28,2494,0,0
2021,457,Dimitris Giannoulis,Norwich,DEF,18,1165,0,1
2021,458,Boubakary Soumaré,Leicester,MID,19,1095,0,1
2021,459,Juan Mata,Man United,MID,7,230,0,0
2021,460,Romain Perraud,Southampton,DEF,20,1621,0,1
2021,461,Francisco Machado Mota de Castro Trincão,Wolves,MID,28,1328,2,1
2021,462,Enock Mwepu,Brighton,MID,18,990,2,5
2021,463,Héctor Junior Firpo Adames,Leeds,DEF,24,1709,0,2
2021,464,Michael Olise,Crystal Palace,MID,26,1127,2,6
2021,465,Federico Fernández,Newcastle,DEF,7,521,0,1
2021,466,Nuno Varela Tavares,Arsenal,DEF,22,1169,1,1
2021,467,Oghenekaro Peter Etebo,Watford,MID,9,396,0,0
2021,468,Joshua King,Watford,FWD,32,2244,5,4
2021,470,Rayan Ait Nouri,Wolves,DEF,23,1826,1,4
2021,471,Pierre Lees-Melou,Norwich,MID,33,2261,1,2
2021,472,Juan Camilo Hernández Suárez,Watford,FWD,25,1138,5,2
2021,473,Ryan Bertrand,Leicester,DEF,4,337,0,0
2021,474,Joel Ward,Crystal Palace,DEF,28,2486,0,0
2021,475,José Malheiro de Sá,Wolves,GK,37,3285,0,1
2021,477,Marc Guéhi,Crystal Palace,DEF,36,3222,2,1
2021,478,Albert Sambi Lokonga,Arsenal,MID,19,1129,0,0
2021,479,Frank Onyeka,Brentford,MID,20,1040,0,2
2021,480,Wayne Hennessey,Burnley,GK,2,180,0,0
2021,481,Asmir Begović,Everton,GK,3,270,0,0
2021,482,Andros Townsend,Everton,MID,21,1452,3,2
2021,483,Kristoffer Ajer,Brentford,DEF,24,1995,1,3
2021,484,Demarai Gray,Everton,MID,34,2336,5,5
2021,485,Jadon Sancho,Man United,MID,29,1894,3,4
2021,487,Bryan Gil Salvatierra,Tottenham,MID,9,86,0,0
2021,488,Joachim Andersen,Crystal Palace,DEF,34,2914,0,4
2021,489,Alphonse Areola,West Ham,GK,1,90,0,0
2021,490,Kristoffer Klaesson,Leeds,GK,1,35,0,0
2021,491,Tino Livramento,Southampton,DEF,28,2200,1,2
2021,492,Leon Bailey,Aston Villa,MID,18,750,1,3
2021,493,Nathaniel Clyne,Crystal Palace,DEF,16,1351,0,1
2021,494,Cristian Romero,Tottenham,DEF,22,1844,1,0
2021,495,Juraj Kucka,Watford,MID,26,1917,1,2
2021,497,Jaden Philogene-Bidace,Aston Villa,MID,1,4,0,0
2021,498,Dominic Thompson,Brentford,DEF,2,146,0,0
2021,499,Shandon Baptiste,Brentford,MID,22,898,1,0
2021,501,Malang Sarr,Chelsea,DEF,8,544,0,0
2021,502,Jonjoe Kenny,Everton,DEF,15,1015,0,1
2021,503,Anthony Gordon,Everton,MID,35,2277,4,3
2021,504,Jean-Philippe Gbamin,Everton,MID,3,65,0,0
2021,505,Kiernan Dewsbury-Hall,Leicester,MID,28,2101,1,2
2021,506,Harvey Elliott,Liverpool,MID,6,344,0,0
2021,507,Cole Palmer,Man City,MID,4,121,0,1
2021,510,José Diogo Dalot Teixeira,Man United,DEF,24,1797,0,0
2021,512,Anthony Elanga,Man United,MID,21,1208,2,3
2021,513,Freddie Woodman,Newcastle,GK,4,360,0,0
2021,515,Bali Mumba,Norwich,DEF,1,45,0,0
2021,516,Joshua Sargent,Norwich,FWD,26,1566,2,2
2021,517,Mohamed Elyounoussi,Southampton,MID,30,2039,4,3
2021,518,Armando Broja,Southampton,FWD,32,1969,6,2
2021,519,Shane Long,Southampton,FWD,13,300,1,0
2021,520,Dane Scarlett,Tottenham,FWD,1,3,0,0
2021,524,Yoane Wissa,Brentford,MID,30,1268,7,2
2021,525,Adam Armstrong,Southampton,FWD,23,1409,2,3
2021,526,Carney Chukwuemeka,Aston Villa,MID,12,291,0,1
2021,527,Trevoh Chalobah,Chelsea,DEF,20,1447,3,1
2021,528,Christos Tzolis,Norwich,MID,14,326,0,0
2021,529,Romelu Lukaku,Chelsea,FWD,26,1583,8,1
2021,530,Folarin Balogun,Arsenal,FWD,2,69,0,0
2021,531,Reiss Nelson,Arsenal,MID,1,19,0,0
2021,537,Taylor Richards,Brighton,MID,2,23,0,0
2021,538,Moisés Caicedo,Brighton,MID,8,660,1,1
2021,539,Emerson Palmieri dos Santos,Chelsea,DEF,1,4,0,0
2021,541,Jesurun Rak-Sakyi,Crystal Palace,MID,2,79,0,0
2021,544,Jarrad Branthwaite,Everton,DEF,6,387,1,0
2021,546,Yan Valery,Southampton,DEF,5,369,0,0
2021,547,Luke Cundle,Wolves,MID,4,179,0,0
2021,548,Chem Campbell,Wolves,MID,1,12,0,0
2021,550,Sam Greenwood,Leeds,FWD,7,231,0,2
2021,551,Crysencio Summerville,Leeds,MID,6,126,0,0
2021,552,Adam Forshaw,Leeds,MID,22,1526,0,1
2021,555,Raphaël Varane,Man United,DEF,22,1829,1,1
2021,556,Álvaro Fernández,Brentford,GK,12,1080,0,0
2021,557,Ozan Tufan,Watford,MID,7,334,0,0
2021,558,Martin Ødegaard,Arsenal,MID,36,2782,7,4
2021,559,Aaron Ramsdale,Arsenal,GK,34,3060,0,0
2021,562,Cody Drameh,Leeds,DEF,3,126,0,0
2021,563,Charlie Cresswell,Leeds,DEF,5,140,0,0
2021,564,Moise Kean,Everton,FWD,1,1,0,0
2021,567,Lyanco Evangelista Silveira Neves Vojnovic,Southampton,DEF,15,906,0,0
2021,568,Cameron Archer,Aston Villa,FWD,3,24,0,0
2021,569,Finley Stevens,Brentford,DEF,1,14,0,0
2021,575,Aaron Lennon,Burnley,MID,28,1541,2,1
2021,576,Liam McCarron,Leeds,MID,1,9,0,0
2021,577,Joe Gelhardt,Leeds,FWD,20,733,2,4
2021,578,Maxwel Cornet,Burnley,MID,26,1764,9,2
2021,579,Cristiano Ronaldo dos Santos Aveiro,Man United,FWD,30,2454,18,3
2021,580,Ozan Kabak,Norwich,DEF,11,923,0,0
2021,581,Mathias Normann,Norwich,MID,23,1643,1,2
2021,582,Nikola Vlasic,West Ham,MID,19,549,1,0
2021,583,Hee-Chan Hwang,Wolves,FWD,30,1811,5,1
2021,584,Marc Cucurella,Brighton,DEF,35,3089,1,1
2021,585,Connor Roberts,Burnley,DEF,21,1689,1,1
2021,586,Odsonne Edouard,Crystal Palace,FWD,28,1554,6,4
2021,587,Ademola Lookman,Leicester,MID,26,1446,6,0
2021,588,Emerson Aparecido Leite de Souza Junior,Tottenham,DEF,31,2282,1,1
2021,589,Alex Kral,West Ham,MID,1,1,0,0
2021,590,Takehiro Tomiyasu,Arsenal,DEF,21,1680,0,1
2021,591,Salomón Rondón,Everton,FWD,20,779,1,1
2021,592,Saúl Ñíguez,Chelsea,MID,10,478,0,1
2021,594,Mathias Jorgensen,Brentford,DEF,8,516,1,0
2021,595,Jürgen Locadia,Brighton,FWD,1,22,0,0
2021,601,Stuart McKinstry,Leeds,MID,1,3,0,0
2021,602,Ellis Simms,Everton,FWD,1,61,0,0
2021,607,Lewis Dobbin,Everton,FWD,3,30,0,0
2021,608,Leo Fuhr Hjelde,Leeds,DEF,2,148,0,0
2021,612,Jeremy Sarmiento,Brighton,MID,5,44,0,0
2021,617,Harrison Ashby,West Ham,DEF,1,6,0,0
2021,618,Nicolas Nkoulou,Watford,DEF,3,167,0,0
2021,620,Tyler Morton,Liverpool,MID,2,65,0,0
2021,622,Cenk Tosun,Everton,FWD,1,5,0,0
2021,624,Lewis Bate,Leeds,MID,3,145,0,0
2021,625,Kaide Gordon,Liverpool,MID,1,8,0,0
2021,629,James McAtee,Man City,MID,2,18,0,0
2021,630,Tyler Onyango,Everton,MID,3,27,0,0
2021,632,Phil Jones,Man United,DEF,4,161,0,0
2021,634,Sonny Perkins,West Ham,MID,1,3,0,0
2021,638,Tim Iroegbunam,Aston Villa,MID,3,90,0,0
2021,640,Nathan Young-Coombes,Brentford,FWD,1,3,0,0
2021,641,Willy Caballero,Southampton,GK,2,180,0,0
2021,646,Lewis Brunt,Leicester,MID,1,23,0,0
2021,647,Kasey McAteer,Leicester,MID,1,2,0,0
2021,648,Jonathan Rowe,Norwich,MID,13,208,0,1
2021,651,Conrad Egan-Riley,Man City,DEF,1,3,0,0
2021,655,Evan Ferguson,Brighton,FWD,1,22,0,0
2021,663,Kayky da Silva Chagas,Man City,FWD,1,6,0,0
2021,673,Jonas Lössl,Brentford,GK,2,180,0,0
2021,675,Vitalii Mykolenko,Everton,DEF,13,1054,1,1
2021,676,Hassane Kamara,Watford,DEF,19,1622,1,0
2021,677,Samir Caetano de Souza Santos,Watford,DEF,19,1674,0,0
2021,678,Kieran Trippier,Newcastle,DEF,6,429,2,0
2021,679,Edo Kayembe,Watford,MID,13,795,0,0
2021,681,Philippe Coutinho Correia,Aston Villa,MID,19,1327,5,3
2021,685,Toti António Gomes,Wolves,DEF,4,360,0,0
2021,689,Francisco Jorge Tomás Oliveira,Wolves,MID,8,203,0,3
2021,690,Robert Kenedy Nunes do Nascimento,Chelsea,DEF,1,58,0,1
2021,691,Robin Olsen,Aston Villa,GK,1,90,0,0
2021,696,Luis Díaz,Liverpool,MID,13,957,4,3
2021,697,Bruno Guimarães Rodriguez Moura,Newcastle,MID,17,1031,5,1
2021,698,Samuel Kalu,Watford,MID,4,221,0,0
2021,699,Christian Eriksen,Brentford,MID,11,938,1,4
2021,700,Wout Weghorst,Burnley,FWD,20,1448,2,3
2021,701,Dejan Kulusevski,Tottenham,MID,18,1259,5,9
2021,702,Rodrigo Bentancur,Tottenham,MID,17,1360,0,4
2021,704,Liam Delap,Man City,FWD,1,8,0,0
2021,706,Hannibal Mejbri,Man United,MID,2,67,0,0
2021,710,Daniel Chesters,West Ham,MID,1,1,0,0
2021,716,Tony Springett,Norwich,MID,3,140,0,0
2021,718,Isaac Price,Everton,MID,1,13,0,0
2021,723,Alejandro Garnacho Ferreyra,Man United,MID,2,12,0,0
2021,727,Shola Shoretire,Man United,MID,1,15,0,0
2022,1,Cédric Alves Soares,Arsenal,DEF,2,28,0,0
2022,1,Cédric Alves Soares,Fulham,DEF,6,195,0,0
2022,2,Bernd Leno,Fulham,GK,36,3240,0,0
2022,3,Granit Xhaka,Arsenal,MID,37,2992,7,8
2022,4,Mohamed Elneny,Arsenal,MID,5,111,0,0
2022,5,Rob Holding,Arsenal,DEF,14,562,1,0
2022,6,Thomas Partey,Arsenal,MID,33,2480,3,0
2022,7,Martin Ødegaard,Arsenal,MID,37,3132,15,8
2022,8,Kieran Tierney,Arsenal,DEF,27,774,0,1
2022,10,Benjamin White,Arsenal,DEF,38,3054,2,5
2022,11,Eddie Nketiah,Arsenal,FWD,30,1071,4,2
2022,12,Emile Smith Rowe,Arsenal,MID,12,161,0,2
2022,13,Bukayo Saka,Arsenal,MID,38,3183,14,12
2022,14,Takehiro Tomiyasu,Arsenal,DEF,21,651,0,1
2022,15,Aaron Ramsdale,Arsenal,GK,38,3420,0,0
2022,16,Gabriel dos Santos Magalhães,Arsenal,DEF,38,3409,3,0
2022,18,Albert Sambi Lokonga,Arsenal,MID,6,195,0,0
2022,18,Albert Sambi Lokonga,Crystal Palace,MID,9,533,0,0
2022,19,Gabriel Martinelli Silva,Arsenal,MID,36,2789,15,9
2022,21,Ainsley Maitland-Niles,Southampton,MID,22,1400,0,1
2022,23,Reiss Nelson,Arsenal,MID,11,202,3,3
2022,25,Fábio Ferreira Vieira,Arsenal,MID,22,500,1,2
2022,26,William Saliba,Arsenal,DEF,27,2415,2,1
2022,27,Marcus Oliveira Alencar,Arsenal,MID,1,1,0,0
2022,28,Gabriel Fernando de Jesus,Arsenal,FWD,26,2064,11,7
2022,29,Philippe Coutinho Correia,Aston Villa,MID,20,777,1,0
2022,30,Danny Ings,Aston Villa,FWD,18,813,6,0
2022,30,Danny Ings,West Ham,FWD,17,766,2,2
2022,31,Emiliano Martínez Romero,Aston Villa,GK,36,3139,0,0
2022,32,Calum Chambers,Aston Villa,DEF,14,345,0,0
2022,33,Lucas Digne,Aston Villa,DEF,28,1492,1,0
2022,34,Bertrand Traoré,Aston Villa,MID,8,226,2,0
2022,35,Robin Olsen,Aston Villa,GK,4,280,0,0
2022,36,Morgan Sanson,Aston Villa,MID,2,10,0,0
2022,37,John McGinn,Aston Villa,MID,34,2692,1,5
2022,39,Tyrone Mings,Aston Villa,DEF,35,3150,1,3
2022,40,Ollie Watkins,Aston Villa,FWD,37,3129,15,8
2022,42,Emiliano Buendía Stati,Aston Villa,MID,38,2404,5,3
2022,43,Matty Cash,Aston Villa,DEF,26,1817,0,2
2022,44,Ezri Konsa Ngoyo,Aston Villa,DEF,38,3322,0,0
2022,45,Leon Bailey,Aston Villa,MID,33,1964,4,5
2022,46,Douglas Luiz Soares de Paulo,Aston Villa,MID,37,2922,6,7
2022,47,Jacob Ramsey,Aston Villa,MID,35,2634,6,8
2022,48,Carney Chukwuemeka,Chelsea,MID,14,342,0,0
2022,50,Diego Carlos Santos Silva,Aston Villa,DEF,3,205,0,0
2022,53,Boubacar Kamara,Aston Villa,MID,24,1773,0,1
2022,54,Cameron Archer,Aston Villa,FWD,6,43,0,0
2022,57,Adam Smith,Bournemouth,DEF,37,2940,0,1
2022,58,Junior Stanislas,Bournemouth,MID,4,58,0,0
2022,59,Ryan Fredericks,Bournemouth,DEF,12,527,0,0
2022,60,David Brooks,Bournemouth,MID,6,170,0,0
2022,61,Jamal Lowe,Bournemouth,MID,2,11,0,0
2022,62,Kieffer Moore,Bournemouth,FWD,27,1269,4,0
2022,63,Emiliano Marcondes,Bournemouth,MID,1,8,0,0
2022,64,Jefferson Lerma Solís,Bournemouth,MID,37,3252,5,0
2022,65,Jack Stacey,Bournemouth,DEF,10,293,0,0
2022,66,Dominic Solanke,Bournemouth,FWD,33,2865,6,10
2022,67,Lewis Cook,Bournemouth,MID,28,1712,0,2
2022,68,Ben Pearson,Bournemouth,MID,7,282,0,0
2022,69,Ryan Christie,Bournemouth,MID,32,1825,1,2
2022,70,Philip Billing,Bournemouth,MID,36,2766,7,2
2022,71,Chris Mepham,Bournemouth,DEF,26,2197,0,0
2022,72,Mark Travers,Bournemouth,GK,12,1035,0,0
2022,73,Lloyd Kelly,Bournemouth,DEF,23,2040,0,2
2022,74,Siriki Dembélé,Bournemouth,MID,6,104,0,0
2022,75,Jaidon Anthony,Bournemouth,MID,30,1241,3,1
2022,76,Jordan Zemura,Bournemouth,DEF,19,1452,0,1
2022,78,Pontus Jansson,Brentford,DEF,12,722,1,0
2022,79,Christian Nørgaard,Brentford,MID,22,1763,1,6
2022,80,Ivan Toney,Brentford,FWD,33,2953,20,4
2022,81,David Raya Martin,Brentford,GK,38,3420,0,0
2022,82,Sergi Canós Tenés,Brentford,DEF,5,73,0,0
2022,83,Josh Dasilva,Brentford,MID,36,1371,4,2
2022,84,Kristoffer Ajer,Brentford,DEF,9,763,0,0
2022,85,Rico Henry,Brentford,DEF,37,3240,0,3
2022,86,Vitaly Janelt,Brentford,MID,35,2201,3,1
2022,87,Saman Ghoddos,Brentford,MID,15,124,0,0
2022,88,Mathias Jensen,Brentford,MID,37,2805,5,7
2022,89,Yoane Wissa,Brentford,MID,38,1587,7,4
2022,90,Mads Roerslev Rasmussen,Brentford,DEF,20,1101,0,0
2022,91,Mads Bech Sørensen,Brentford,DEF,4,18,0,0
2022,92,Ethan Pinnock,Brentford,DEF,30,2700,3,0
2022,93,Frank Onyeka,Brentford,MID,21,837,0,3
2022,94,Shandon Baptiste,Brentford,MID,23,600,0,2
2022,95,Bryan Mbeumo,Brentford,FWD,38,2905,9,9
2022,101,Adam Lallana,Brighton,MID,16,717,2,1
2022,102,Jason Steele,Brighton,GK,15,1350,0,1
2022,103,Danny Welbeck,Brighton,FWD,31,1844,6,5
2022,104,Pascal Groß,Brighton,MID,37,3240,9,8
2022,105,Shane Duffy,Fulham,DEF,5,17,0,0
2022,106,Lewis Dunk,Brighton,DEF,36,3240,1,1
2022,107,Solly March,Brighton,MID,33,2719,6,10
2022,108,Adam Webster,Brighton,DEF,27,1983,0,0
2022,109,Joël Veltman,Brighton,DEF,31,2183,1,1
2022,110,Neal Maupay,Everton,FWD,27,1104,1,0
2022,111,Leandro Trossard,Arsenal,MID,20,921,1,10
2022,111,Leandro Trossard,Brighton,MID,16,1316,7,3
2022,112,Marc Cucurella Saseta,Chelsea,DEF,24,1669,0,2
2022,113,Robert Sánchez,Brighton,GK,23,2070,0,0
2022,114,Tariq Lamptey,Brighton,DEF,20,439,0,0
2022,116,Alexis Mac Allister,Brighton,MID,35,2882,10,2
2022,118,Enock Mwepu,Brighton,MID,6,209,0,1
2022,119,Jeremy Sarmiento Morante,Brighton,MID,9,168,0,2
2022,120,Moisés Caicedo Corozo,Brighton,MID,37,3138,1,1
2022,123,Deniz Undav,Brighton,FWD,22,614,5,2
2022,124,Kaoru Mitoma,Brighton,MID,33,2311,7,9
2022,125,Julio Enciso,Brighton,FWD,20,794,4,3
2022,127,César Azpilicueta,Chelsea,DEF,25,1521,0,0
2022,128,Thiago Emiliano da Silva,Chelsea,DEF,27,2351,0,2
2022,130,Jorge Luiz Frello Filho,Arsenal,MID,14,850,0,2
2022,130,Jorge Luiz Frello Filho,Chelsea,MID,18,1277,2,0
2022,132,Mateo Kovacic,Chelsea,MID,27,1699,1,2
2022,133,Kepa Arrizabalaga,Chelsea,GK,29,2565,0,0
2022,134,N'Golo Kanté,Chelsea,MID,7,517,0,1
2022,135,Hakim Ziyech,Chelsea,MID,18,649,0,3
2022,136,Ruben Loftus-Cheek,Chelsea,MID,25,1530,0,1
2022,139,Ben Chilwell,Chelsea,DEF,23,1402,2,3
2022,140,Christian Pulisic,Chelsea,MID,24,805,1,1
2022,141,Trevoh Chalobah,Chelsea,DEF,25,1601,0,0
2022,142,Mason Mount,Chelsea,MID,24,1644,3,4
2022,145,Kai Havertz,Chelsea,FWD,35,2565,7,1
2022,146,Reece James,Chelsea,DEF,16,1242,1,2
2022,147,Edouard Mendy,Chelsea,GK,10,855,0,0
2022,148,Conor Gallagher,Chelsea,MID,35,1608,3,1
2022,149,Billy Gilmour,Brighton,MID,14,502,0,1
2022,150,Armando Broja,Chelsea,FWD,12,285,1,1
2022,152,Vicente Guaita,Crystal Palace,GK,27,2430,0,0
2022,153,James Tomkins,Crystal Palace,DEF,6,335,1,0
2022,154,James McArthur,Crystal Palace,MID,4,50,0,0
2022,156,Joel Ward,Crystal Palace,DEF,28,2253,1,0
2022,157,Nathaniel Clyne,Crystal Palace,DEF,22,1638,0,0
2022,158,Luka Milivojevic,Crystal Palace,MID,18,500,0,0
2022,159,Jordan Ayew,Crystal Palace,MID,38,2708,4,3
2022,160,Wilfried Zaha,Crystal Palace,MID,27,2289,7,2
2022,161,Jeffrey Schlupp,Crystal Palace,MID,34,2528,3,2
2022,163,Will Hughes,Crystal Palace,MID,27,822,1,1
2022,164,Jairo Riedewald,Crystal Palace,MID,6,60,0,0
2022,165,Joachim Andersen,Crystal Palace,DEF,32,2782,1,0
2022,166,Odsonne Edouard,Crystal Palace,FWD,35,1788,5,2
2022,167,Marc Guéhi,Crystal Palace,DEF,37,3330,1,0
2022,168,Jean-Philippe Mateta,Crystal Palace,FWD,29,748,2,0
2022,169,Eberechi Eze,Crystal Palace,MID,38,2631,10,5
2022,170,Tyrick Mitchell,Crystal Palace,DEF,36,2889,0,2
2022,171,Michael Olise,Crystal Palace,MID,37,2743,2,11
2022,173,Malcolm Ebiowei,Crystal Palace,MID,3,31,0,0
2022,175,Sam Johnstone,Crystal Palace,GK,9,810,0,0
2022,176,Asmir Begović,Everton,GK,1,90,0,0
2022,177,Salomón Rondón,Everton,FWD,7,103,0,0
2022,178,Seamus Coleman,Everton,DEF,23,1654,1,0
2022,180,Michael Keane,Everton,DEF,12,983,1,2
2022,181,Dele Alli,Everton,MID,2,38,0,0
2022,182,Jordan Pickford,Everton,GK,37,3330,0,1
2022,185,Abdoulaye Doucouré,Everton,MID,25,1527,5,2
2022,186,Alex Iwobi,Everton,MID,38,3379,2,8
2022,188,Yerry Mina,Everton,DEF,7,594,2,0
2022,189,Demarai Gray,Everton,MID,33,2501,4,1
2022,190,Tom Davies,Everton,MID,19,524,0,0
2022,191,Dominic Calvert-Lewin,Everton,FWD,17,1166,2,1
2022,192,Mason Holgate,Everton,DEF,8,506,0,0
2022,193,Ben Godfrey,Everton,DEF,13,801,0,1
2022,194,Vitalii Mykolenko,Everton,DEF,34,2653,0,1
2022,195,Anthony Gordon,Everton,MID,16,1092,3,0
2022,195,Anthony Gordon,Newcastle,MID,16,482,1,0
2022,197,Nathan Patterson,Everton,DEF,19,1274,0,0
2022,199,James Tarkowski,Everton,DEF,38,3420,1,1
2022,200,Tom Cairney,Fulham,MID,33,968,2,1
2022,201,Tim Ream,Fulham,DEF,33,2898,1,0
2022,203,Nathaniel Chalobah,Fulham,MID,4,11,0,0
2022,204,Neeskens Kebano,Fulham,MID,17,758,0,4
2022,205,Bobby De Cordova-Reid,Fulham,MID,36,2473,4,1
2022,209,Tosin Adarabioyo,Fulham,DEF,25,2084,1,0
2022,210,Aleksandar Mitrović,Fulham,FWD,24,2010,14,2
2022,211,Harrison Reed,Fulham,MID,37,2868,3,4
2022,212,Harry Wilson,Fulham,MID,29,1085,2,5
2022,213,Marek Rodák,Fulham,GK,2,180,0,0
2022,215,Kenny Tete,Fulham,DEF,31,2569,1,5
2022,216,Josh Onomah,Fulham,MID,2,14,0,0
2022,217,Antonee Robinson,Fulham,DEF,35,3088,0,2
2022,219,Jay Stansfield,Fulham,FWD,3,85,0,1
2022,220,João Palhinha Gonçalves,Fulham,MID,35,3108,3,0
2022,221,Liam Cooper,Leeds,DEF,18,1425,1,0
2022,222,Luke Ayling,Leeds,DEF,29,2048,2,1
2022,223,Mateusz Klich,Leeds,MID,14,266,0,0
2022,224,Adam Forshaw,Leeds,MID,12,473,0,0
2022,225,Rodrigo Moreno,Leeds,MID,31,1928,13,2
2022,227,Patrick Bamford,Leeds,FWD,28,1510,4,5
2022,228,Diego Llorente,Leeds,DEF,8,648,0,0
2022,230,Robin Koch,Leeds,DEF,36,3175,0,0
2022,231,Daniel James,Fulham,MID,20,605,2,1
2022,231,Daniel James,Leeds,MID,4,197,0,0
2022,233,Jack Harrison,Leeds,MID,36,2707,5,8
2022,235,Pascal Struijk,Leeds,DEF,29,2198,2,2
2022,237,Sam Greenwood,Leeds,FWD,18,410,1,2
2022,238,Illan Meslier,Leeds,GK,34,3060,0,0
2022,239,Junior Firpo Adames,Leeds,DEF,19,1364,1,2
2022,240,Crysencio Summerville,Leeds,MID,28,1411,4,4
2022,242,Joe Gelhardt,Leeds,FWD,15,201,0,2
2022,244,Rasmus Kristensen,Leeds,DEF,26,1957,3,1
2022,245,Marc Roca Junqué,Leeds,MID,32,2316,1,3
2022,246,Brenden Aaronson,Leeds,MID,36,2365,1,4
2022,247,Darko Gyabi,Leeds,MID,1,7,0,0
2022,249,Jonny Evans,Leicester,DEF,13,1051,0,0
2022,251,Marc Albrighton,Leicester,MID,6,232,1,0
2022,252,Nampalys Mendy,Leicester,MID,19,746,1,0
2022,254,Danny Ward,Leicester,GK,26,2340,0,0
2022,255,Jamie Vardy,Leicester,FWD,37,1841,3,5
2022,256,Ricardo Barbosa Pereira,Leicester,DEF,10,451,1,1
2022,257,Daniel Amartey,Leicester,DEF,20,1608,0,0
2022,258,Timothy Castagne,Leicester,DEF,37,3255,2,4
2022,259,Youri Tielemans,Leicester,MID,31,2341,3,3
2022,260,Ayoze Pérez,Leicester,MID,8,378,0,2
2022,261,James Maddison,Leicester,MID,30,2479,10,9
2022,262,Kelechi Iheanacho,Leicester,FWD,28,1112,5,5
2022,264,Harvey Barnes,Leicester,MID,34,2709,13,2
2022,265,Wilfred Ndidi,Leicester,MID,27,1672,0,0
2022,266,Kiernan Dewsbury-Hall,Leicester,MID,31,2305,2,3
2022,267,Çaglar Söyüncü,Leicester,DEF,7,528,1,0
2022,268,James Justin,Leicester,DEF,14,1252,0,2
2022,269,Boubakary Soumaré,Leicester,MID,26,1624,0,0
2022,270,Luke Thomas,Leicester,DEF,17,1068,0,1
2022,271,Patson Daka,Leicester,FWD,30,1169,4,4
2022,272,Wesley Fofana,Chelsea,DEF,15,1182,1,0
2022,272,Wesley Fofana,Leicester,DEF,2,180,0,0
2022,273,Lewis Brunt,Leicester,DEF,1,22,0,0
2022,274,James Milner,Liverpool,MID,31,889,0,1
2022,275,Jordan Henderson,Liverpool,MID,35,2060,0,3
2022,276,Joel Matip,Liverpool,DEF,14,1091,1,0
2022,277,Thiago Alcántara do Nascimento,Liverpool,MID,18,1252,0,0
2022,278,Alex Oxlade-Chamberlain,Liverpool,MID,9,332,1,0
2022,279,Roberto Firmino,Liverpool,FWD,25,1202,11,4
2022,280,Virgil van Dijk,Liverpool,DEF,32,2835,3,1
2022,281,Alisson Ramses Becker,Liverpool,GK,37,3330,0,1
2022,282,Fabio Henrique Tavares,Liverpool,MID,36,2666,0,2
2022,283,Mohamed Salah,Liverpool,MID,38,3290,19,13
2022,284,Andrew Robertson,Liverpool,DEF,34,2579,0,8
2022,285,Trent Alexander-Arnold,Liverpool,DEF,37,2922,2,11
2022,286,Joseph Gomez,Liverpool,DEF,21,1461,0,0
2022,287,Naby Keita,Liverpool,MID,8,290,0,0
2022,288,Diogo Teixeira da Silva,Liverpool,FWD,22,1125,7,4
2022,289,Caoimhin Kelleher,Liverpool,GK,1,90,0,0
2022,290,Ibrahima Konaté,Liverpool,DEF,18,1551,0,0
2022,291,Curtis Jones,Liverpool,MID,18,1029,3,1
2022,292,Konstantinos Tsimikas,Liverpool,DEF,20,762,0,4
2022,293,Luis Díaz,Liverpool,MID,17,991,4,2
2022,294,Harvey Elliott,Liverpool,MID,32,1600,1,2
2022,295,Neco Williams,Nott'm Forest,DEF,31,1872,1,1
2022,296,Fábio Freitas Gouveia Carvalho,Liverpool,MID,13,339,2,1
2022,297,Darwin Núñez Ribeiro,Liverpool,FWD,29,1684,9,5
2022,299,Kyle Walker,Man City,DEF,27,1953,0,0
2022,300,Ilkay Gündogan,Man City,MID,31,2351,8,6
2022,301,Kevin De Bruyne,Man City,MID,32,2413,7,18
2022,302,John Stones,Man City,DEF,23,1844,2,2
2022,303,Riyad Mahrez,Man City,MID,30,1913,5,12
2022,304,Raheem Sterling,Chelsea,MID,28,1886,6,4
2022,305,Jack Grealish,Man City,MID,28,2051,5,10
2022,306,João Cancelo,Man City,DEF,17,1273,2,2
2022,307,Ederson Santana de Moraes,Man City,GK,35,3150,0,1
2022,308,Nathan Aké,Man City,DEF,26,1871,1,0
2022,309,Aymeric Laporte,Man City,DEF,12,992,0,0
2022,311,Bernardo Veiga de Carvalho e Silva,Man City,MID,34,2196,4,6
2022,312,Rúben Gato Alves Dias,Man City,DEF,26,1997,0,0
2022,313,Oleksandr Zinchenko,Arsenal,DEF,27,2122,1,2
2022,314,Phil Foden,Man City,MID,32,1832,11,7
2022,315,Rodrigo Hernandez,Man City,MID,36,2911,2,6
2022,316,Cole Palmer,Man City,MID,14,358,0,1
2022,318,Erling Haaland,Man City,FWD,35,2767,36,9
2022,319,Julián Álvarez,Man City,FWD,31,1448,9,3
2022,321,Roméo Lavia,Southampton,MID,29,2219,1,1
2022,324,Stefan Ortega Moreno,Man City,GK,3,270,0,0
2022,325,Kalvin Phillips,Man City,MID,12,291,0,0
2022,326,Cristiano Ronaldo dos Santos Aveiro,Man United,FWD,10,519,1,0
2022,327,David De Gea Quintana,Man United,GK,38,3420,0,0
2022,329,Raphaël Varane,Man United,DEF,24,1912,0,0
2022,330,Harry Maguire,Man United,DEF,16,762,0,0
2022,331,Frederico Rodrigues de Paula Santos,Man United,MID,35,1228,2,3
2022,332,Luke Shaw,Man United,DEF,31,2552,1,4
2022,333,Bruno Borges Fernandes,Man United,MID,37,3317,8,9
2022,335,Marcus Rashford,Man United,MID,35,2880,17,7
2022,336,Donny van de Beek,Man United,MID,7,162,0,0
2022,337,Victor Lindelöf,Man United,DEF,20,1359,0,0
2022,338,Scott McTominay,Man United,MID,24,1149,1,0
2022,340,Jadon Sancho,Man United,MID,26,1683,6,3
2022,341,Aaron Wan-Bissaka,Man United,DEF,19,1432,0,0
2022,342,Diogo Dalot Teixeira,Man United,DEF,26,2152,1,2
2022,344,Anthony Elanga,Man United,MID,16,417,0,1
2022,345,Anthony Martial,Man United,FWD,21,970,6,3
2022,346,Andreas Hoelgebaum Pereira,Fulham,MID,33,2696,4,10
2022,347,Facundo Pellistri Rebollo,Man United,MID,4,60,0,0
2022,349,Jonjo Shelvey,Newcastle,MID,3,34,0,0
2022,349,Jonjo Shelvey,Nott'm Forest,MID,8,539,0,0
2022,350,Matt Ritchie,Newcastle,DEF,7,35,0,0
2022,354,Chris Wood,Newcastle,FWD,18,437,2,0
2022,354,Chris Wood,Nott'm Forest,FWD,7,370,1,0
2022,355,Martin Dubravka,Newcastle,GK,2,156,0,0
2022,356,Callum Wilson,Newcastle,FWD,31,1870,18,6
2022,357,Kieran Trippier,Newcastle,DEF,38,3342,1,9
2022,358,Dan Burn,Newcastle,DEF,38,3109,1,0
2022,359,Ryan Fraser,Newcastle,MID,8,308,0,0
2022,360,Jamaal Lascelles,Newcastle,DEF,7,214,0,0
2022,363,Javier Manquillo Gaitán,Newcastle,DEF,4,34,0,0
2022,364,Emil Krafth,Newcastle,DEF,1,1,0,0
2022,365,Jacob Murphy,Newcastle,MID,36,1230,4,2
2022,366,Fabian Schär,Newcastle,DEF,36,3207,1,3
2022,367,Matt Targett,Newcastle,DEF,17,600,0,0
2022,368,Allan Saint-Maximin,Newcastle,MID,25,1109,1,6
2022,369,Miguel Almirón Rejala,Newcastle,MID,34,2487,11,4
2022,370,Sean Longstaff,Newcastle,MID,33,2514,1,5
2022,371,Joelinton Cássio Apolinário de Lira,Newcastle,MID,32,2660,6,5
2022,372,Jamal Lewis,Newcastle,DEF,2,9,0,0
2022,373,Joe Willock,Newcastle,MID,35,2556,3,7
2022,374,Bruno Guimarães Rodriguez Moura,Newcastle,MID,32,2727,4,5
2022,376,Nick Pope,Newcastle,GK,37,3261,0,0
2022,377,Sven Botman,Newcastle,DEF,36,3127,0,2
2022,379,Steve Cook,Nott'm Forest,DEF,12,956,0,0
2022,381,Jack Colback,Nott'm Forest,MID,11,492,0,0
2022,383,Carlos Ribeiro Dias,Nott'm Forest,MID,1,6,0,0
2022,385,Scott McKenna,Nott'm Forest,DEF,20,1570,0,0
2022,387,Ryan Yates,Nott'm Forest,MID,26,1833,0,3
2022,388,Joe Worrall,Nott'm Forest,DEF,30,2215,1,0
2022,391,Sam Surridge,Nott'm Forest,FWD,20,306,1,0
2022,394,Brennan Johnson,Nott'm Forest,FWD,38,2930,8,5
2022,395,Alex Mighten,Nott'm Forest,MID,1,7,0,0
2022,397,Taiwo Awoniyi,Nott'm Forest,FWD,27,1395,10,1
2022,398,Dean Henderson,Nott'm Forest,GK,18,1620,0,0
2022,399,Giulian Biancone,Nott'm Forest,DEF,2,15,0,0
2022,400,Theo Walcott,Southampton,MID,20,1123,2,2
2022,401,Alex McCarthy,Southampton,GK,6,540,0,0
2022,402,Oriol Romeu Vidal,Southampton,MID,1,74,0,0
2022,403,Nathan Redmond,Southampton,MID,1,1,0,0
2022,404,Jack Stephens,Bournemouth,DEF,15,1172,0,0
2022,404,Jack Stephens,Southampton,DEF,2,46,0,0
2022,405,Stuart Armstrong,Southampton,MID,32,1391,2,2
2022,406,Mohamed Elyounoussi,Southampton,MID,33,2162,1,1
2022,407,James Ward-Prowse,Southampton,MID,38,3371,9,4
2022,408,Adam Armstrong,Southampton,FWD,30,1321,2,1
2022,409,Kyle Walker-Peters,Southampton,DEF,31,2650,1,0
2022,410,Jan Bednarek,Aston Villa,DEF,3,98,0,0
2022,410,Jan Bednarek,Southampton,DEF,20,1672,0,0
2022,411,Che Adams,Southampton,FWD,28,1987,5,5
2022,413,Lyanco Silveira Neves Vojnovic,Southampton,DEF,21,1173,1,1
2022,414,Yan Valery,Southampton,DEF,1,45,0,0
2022,416,Ibrahima Diallo,Southampton,MID,18,813,0,0
2022,417,Romain Perraud,Southampton,DEF,29,1828,2,2
2022,418,Moussa Djenepo,Southampton,MID,16,702,0,2
2022,419,Tino Livramento,Southampton,DEF,2,26,0,0
2022,420,Mohammed Salisu,Southampton,DEF,22,1971,0,1
2022,422,Gavin Bazunu,Southampton,GK,32,2880,0,0
2022,423,Armel Bella-Kotchap,Southampton,DEF,24,1881,0,2
2022,425,Hugo Lloris,Tottenham,GK,25,2205,0,0
2022,426,Fraser Forster,Tottenham,GK,14,1215,0,0
2022,427,Harry Kane,Tottenham,FWD,38,3406,30,9
2022,428,Son Heung-min,Tottenham,MID,36,2886,10,6
2022,429,Matt Doherty,Tottenham,DEF,12,663,1,0
2022,430,Eric Dier,Tottenham,DEF,33,2816,2,1
2022,431,Lucas Rodrigues Moura da Silva,Tottenham,MID,15,145,1,0
2022,432,Ben Davies,Tottenham,DEF,31,2284,2,3
2022,433,Pierre-Emile Højbjerg,Tottenham,MID,35,3131,4,5
2022,435,Davinson Sánchez,Tottenham,DEF,18,848,0,0
2022,436,Ryan Sessegnon,Tottenham,DEF,17,805,2,1
2022,439,Japhet Tanganga,Tottenham,DEF,4,145,0,0
2022,440,Rodrigo Bentancur,Tottenham,MID,18,1501,5,2
2022,441,Oliver Skipp,Tottenham,MID,23,1489,1,0
2022,443,Cristian Romero,Tottenham,DEF,27,2363,0,2
2022,444,Yves Bissouma,Tottenham,MID,23,998,0,0
2022,445,Emerson Leite de Souza Junior,Tottenham,DEF,26,1729,2,2
2022,446,Dejan Kulusevski,Tottenham,MID,30,2062,2,7
2022,448,Ivan Perišić,Tottenham,DEF,34,2099,1,8
2022,449,Harvey White,Tottenham,MID,1,4,0,0
2022,450,Pape Matar Sarr,Tottenham,MID,11,211,0,1
2022,454,Richarlison de Andrade,Tottenham,FWD,27,995,1,5
2022,455,Lukasz Fabianski,West Ham,GK,36,3111,0,0
2022,456,Angelo Ogbonna,West Ham,DEF,16,1234,0,0
2022,457,Aaron Cresswell,West Ham,DEF,28,2235,0,1
2022,458,Michail Antonio,West Ham,FWD,33,1822,5,3
2022,459,Craig Dawson,West Ham,DEF,8,720,0,1
2022,459,Craig Dawson,Wolves,DEF,17,1414,1,0
2022,460,Manuel Lanzini,West Ham,MID,10,243,1,0
2022,461,Kurt Zouma,West Ham,DEF,25,1988,2,1
2022,463,Vladimir Coufal,West Ham,DEF,27,2135,0,2
2022,464,Saïd Benrahma,West Ham,MID,35,2059,6,3
2022,465,Jarrod Bowen,West Ham,MID,38,3232,6,9
2022,467,Declan Rice,West Ham,MID,37,3272,4,3
2022,468,Tomas Soucek,West Ham,MID,36,2811,2,4
2022,469,Pablo Fornals Malla,West Ham,MID,32,1493,3,1
2022,470,Issa Diop,Fulham,DEF,25,2008,1,0
2022,471,Ben Johnson,West Ham,DEF,17,860,0,0
2022,472,Nayef Aguerd,West Ham,DEF,18,1594,2,0
2022,473,Alphonse Areola,West Ham,GK,5,307,0,0
2022,474,Willy Boly,Nott'm Forest,DEF,11,684,0,1
2022,475,Conor Coady,Everton,DEF,24,2094,1,1
2022,476,Raúl Jiménez,Wolves,FWD,15,839,0,2
2022,477,Jonathan Castro Otto,Wolves,DEF,18,1257,1,0
2022,478,José Malheiro de Sá,Wolves,GK,36,3240,0,0
2022,479,Leander Dendoncker,Aston Villa,MID,20,684,0,0
2022,479,Leander Dendoncker,Wolves,MID,4,213,0,0
2022,480,Rúben da Silva Neves,Wolves,MID,35,3020,6,2
2022,481,Hwang Hee-chan,Wolves,MID,27,1117,3,2
2022,482,Nélson Cabral Semedo,Wolves,DEF,36,2633,0,1
2022,483,Daniel Castelo Podence,Wolves,MID,32,1760,6,1
2022,484,Max Kilman,Wolves,DEF,37,3307,0,1
2022,486,Pedro Lomba Neto,Wolves,MID,18,962,0,2
2022,487,Rayan Aït-Nouri,Wolves,DEF,21,1067,1,0
2022,489,Toti António Gomes,Wolves,DEF,17,978,1,0
2022,491,Adama Traoré Diarra,Wolves,MID,34,1477,2,4
2022,493,Morgan Gibbs-White,Nott'm Forest,MID,35,2971,5,12
2022,493,Morgan Gibbs-White,Wolves,MID,2,180,0,0
2022,501,Nathaniel Phillips,Liverpool,DEF,2,65,0,0
2022,503,João Filipe Iria Santos Moutinho,Wolves,MID,31,1773,0,2
2022,504,Tyrell Malacia,Man United,DEF,22,1391,0,0
2022,505,Joe Rothwell,Bournemouth,MID,20,1010,0,1
2022,506,Tyler Adams,Leeds,MID,24,2156,0,0
2022,507,Moussa Niakhaté,Nott'm Forest,DEF,14,1163,0,0
2022,508,Luis Sinisterra Lucumí,Leeds,MID,19,863,5,0
2022,509,Flynn Downes,West Ham,MID,21,752,0,0
2022,510,Aaron Hickey,Brentford,DEF,26,1918,0,3
2022,512,Joe Ayodele-Aribo,Southampton,MID,21,1219,2,0
2022,513,Clément Lenglet,Tottenham,DEF,26,2018,0,2
2022,514,Cheick Doucouré,Crystal Palace,MID,34,2770,0,3
2022,515,Keane Lewis-Potter,Brentford,MID,10,313,0,1
2022,516,Nathan Collins,Wolves,DEF,26,1811,0,0
2022,518,Wayne Hennessey,Nott'm Forest,GK,4,271,0,0
2022,519,Christian Eriksen,Man United,MID,28,2046,1,9
2022,520,Kalidou Koulibaly,Chelsea,DEF,23,1798,2,1
2022,521,Tyrese Francois,Fulham,MID,1,1,0,0
2022,522,Djed Spence,Tottenham,DEF,4,5,0,0
2022,523,Harry Toffolo,Nott'm Forest,DEF,19,933,0,0
2022,524,Lewis O'Brien,Nott'm Forest,MID,13,578,1,0
2022,525,Ludwig Augustinsson,Aston Villa,DEF,3,76,0,0
2022,526,Ben Mee,Brentford,DEF,37,3269,3,2
2022,527,Jesse Lingard,Nott'm Forest,MID,17,918,0,1
2022,528,Sékou Mara,Southampton,FWD,22,538,1,2
2022,529,Gianluca Scamacca,West Ham,FWD,16,921,3,0
2022,530,Chris Richards,Crystal Palace,DEF,9,443,0,0
2022,531,Rúben Nascimento Vinagre,Everton,DEF,2,24,0,0
2022,532,Kevin Mbabu,Fulham,DEF,6,141,0,1
2022,533,Lisandro Martínez,Man United,DEF,27,2113,1,0
2022,534,Dwight McNeil,Everton,MID,36,2490,7,5
2022,535,Marcus Tavernier,Bournemouth,MID,23,1740,5,4
2022,536,Orel Mangala,Nott'm Forest,MID,27,1543,1,1
2022,538,Ashley Young,Aston Villa,DEF,29,2031,1,0
2022,541,Halil Dervişoğlu,Brentford,FWD,1,6,0,1
2022,544,Jan Paul van Hecke,Brighton,DEF,8,291,0,0
2022,545,Emerson Palmieri dos Santos,West Ham,DEF,22,1317,1,0
2022,546,Luke Harris,Fulham,MID,3,10,0,0
2022,547,Cody Drameh,Leeds,DEF,1,70,0,0
2022,548,Daniel Iversen,Leicester,GK,12,1080,0,0
2022,549,Dennis Praet,Leicester,MID,22,635,1,1
2022,552,Elliot Anderson,Newcastle,MID,22,395,0,1
2022,554,Bryan Gil Salvatierra,Tottenham,MID,4,146,0,1
2022,556,Conor Coventry,West Ham,MID,1,1,0,0
2022,558,Hugo Bueno López,Wolves,DEF,21,1307,0,1
2022,559,Levi Colwill,Brighton,DEF,17,1218,0,2
2022,562,Manor Solomon,Fulham,MID,19,560,4,0
2022,564,Stefan Bajcetic,Liverpool,MID,11,522,1,0
2022,566,Joseph Hodge,Wolves,MID,6,172,0,0
2022,567,Connor Ronan,Wolves,MID,1,1,0,0
2022,568,Chem Campbell,Wolves,MID,5,68,0,0
2022,569,Alejandro Garnacho,Man United,MID,19,557,3,2
2022,570,James Garner,Everton,MID,16,796,0,1
2022,573,Rico Lewis,Man City,DEF,14,900,0,0
2022,574,Norberto Murara Neto,Bournemouth,GK,27,2385,0,0
2022,575,Maxwel Cornet,West Ham,MID,14,232,0,0
2022,576,Marcos Senesi,Bournemouth,DEF,31,2489,2,0
2022,577,Amadou Onana,Everton,MID,33,2486,1,3
2022,578,Joel Robles,Leeds,GK,4,360,0,0
2022,579,Gonçalo Manuel Ganchinho Guedes,Wolves,MID,13,703,1,1
2022,580,Mikkel Damsgaard,Brentford,MID,26,970,0,0
2022,582,Remo Freuler,Nott'm Forest,MID,28,2157,0,0
2022,583,Cheikhou Kouyaté,Nott'm Forest,MID,21,871,1,0
2022,584,Bobby Clark,Liverpool,MID,1,7,0,0
2022,585,Emmanuel Dennis,Nott'm Forest,FWD,19,709,2,2
2022,586,Pervis Estupiñán,Brighton,DEF,35,2674,1,7
2022,587,Sergio Gómez,Man City,DEF,12,340,0,1
2022,588,Thilo Kehrer,West Ham,DEF,27,2229,0,3
2022,589,Matheus Luiz Nunes,Wolves,MID,34,2467,1,1
2022,590,Joseph Whitworth,Crystal Palace,GK,2,180,0,0
2022,593,Carlos Henrique Casimiro,Man United,MID,28,2122,4,3
2022,594,Alexander Isak,Newcastle,FWD,22,1520,10,2
2022,595,Mathias Jorgensen,Brentford,DEF,18,1097,0,1
2022,596,Evan Ferguson,Brighton,FWD,19,942,6,2
2022,598,Owen Bevan,Bournemouth,DEF,1,8,0,0
2022,602,Renan Augusto Lodi dos Santos,Nott'm Forest,DEF,28,2211,0,2
2022,603,Lucas Tolentino Coelho de Lima,West Ham,MID,28,2154,4,5
2022,608,Sasa Kalajdzic,Wolves,FWD,1,45,0,0
2022,609,Antony Matheus dos Santos,Man United,MID,25,1803,4,2
2022,610,Manuel Akanji,Man City,DEF,29,2284,0,1
2022,611,Idrissa Gueye,Everton,MID,33,2577,0,1
2022,612,Wout Faes,Leicester,DEF,31,2786,1,2
2022,613,Layvin Kurzawa,Fulham,DEF,3,136,0,0
2022,614,Willian Borges da Silva,Fulham,MID,27,2127,5,7
2022,616,Denis Zakaria,Chelsea,MID,7,409,0,0
2022,617,Pierre-Emerick Aubameyang,Chelsea,FWD,15,546,1,0
2022,618,Carlos Vinícius Alves Morais,Fulham,FWD,28,1098,5,2
2022,619,Wilfried Gnonto,Leeds,FWD,24,1346,2,4
2022,622,Juan Larios López,Southampton,DEF,5,150,0,0
2022,623,Duje Caleta-Car,Southampton,DEF,13,942,1,0
2022,624,Samuel Edozie,Southampton,MID,17,554,0,0
2022,625,Diego Da Silva Costa,Wolves,FWD,23,1235,1,0
2022,628,Serge Aurier,Nott'm Forest,DEF,24,1943,1,0
2022,629,Boubacar Traoré,Wolves,MID,10,405,0,1
2022,630,Ethan Nwaneri,Arsenal,MID,1,1,0,0
2022,643,Kobbie Mainoo,Man United,MID,1,10,0,0
2022,651,Andrew Moran,Brighton,MID,1,11,0,0
2022,653,Omari Hutchinson,Chelsea,MID,1,22,0,0
2022,659,Mateo Joseph Fernández,Leeds,FWD,3,24,0,0
2022,661,Lewis Hall,Chelsea,MID,9,653,0,0
2022,662,Thomas Cannon,Everton,FWD,2,23,0,0
2022,664,Dexter Lembikisa,Wolves,DEF,1,22,0,0
2022,665,Ben Doak,Liverpool,MID,2,23,0,0
2022,669,Divin Mubama,West Ham,FWD,3,36,0,0
2022,676,David Ozoh,Crystal Palace,MID,1,1,0,0
2022,677,Jack Hinshelwood,Brighton,MID,1,1,0,0
2022,678,Isaac Price,Everton,MID,1,32,0,0
2022,679,Facundo Buonanotte,Brighton,MID,13,558,1,1
2022,680,Cody Gakpo,Liverpool,MID,21,1455,7,3
2022,681,Gustavo Henrique Furtado Scarpa,Nott'm Forest,MID,6,177,0,0
2022,682,Matheus Santos Carneiro Da Cunha,Wolves,FWD,17,961,2,0
2022,684,David Datro Fofana,Chelsea,FWD,3,68,0,0
2022,686,Ellis Simms,Everton,FWD,11,219,1,0
2022,688,Kevin Schade,Brentford,MID,18,723,0,1
2022,689,Benoît Badiashile,Chelsea,DEF,11,904,1,0
2022,690,João Félix Sequeira,Chelsea,FWD,16,936,4,0
2022,691,Maximilian Wöber,Leeds,DEF,16,1264,0,0
2022,692,Mislav Orsic,Southampton,MID,1,6,0,0
2022,693,Carlos Alcaraz,Southampton,MID,18,1024,4,2
2022,694,Alexandre Moreno Lopera,Aston Villa,DEF,19,1325,0,3
2022,698,Mario Lemina,Wolves,MID,19,1297,0,1
2022,699,Mykhailo Mudryk,Chelsea,MID,15,650,0,2
2022,700,Georginio Rutter,Leeds,FWD,11,263,0,1
2022,701,Wout Weghorst,Man United,FWD,17,790,0,1
2022,703,Danilo dos Santos de Oliveira,Nott'm Forest,MID,13,976,3,2
2022,704,Pablo Sarabia,Wolves,MID,13,764,1,0
2022,705,Dango Ouattara,Bournemouth,MID,19,1239,1,3
2022,708,Noni Madueke,Chelsea,MID,12,639,1,0
2022,709,Victor Kristiansen,Leicester,DEF,12,891,0,1
2022,710,Jakub Kiwior,Arsenal,DEF,7,425,1,0
2022,711,Jhon Durán,Aston Villa,FWD,12,126,0,0
2022,712,Máximo Perrone,Man City,MID,1,18,0,0
2022,713,Arnaut Danjuma,Tottenham,MID,9,162,1,0
2022,714,Antoine Semenyo,Bournemouth,FWD,11,250,1,0
2022,715,Mateus Cardoso Lemos Martins,Leicester,MID,13,732,1,0
2022,716,James Bree,Southampton,DEF,5,366,0,0
2022,717,Daniel Bentley,Wolves,GK,2,180,0,0
2022,718,Matías Viña,Bournemouth,DEF,12,452,2,0
2022,719,Yasin Ayari,Brighton,MID,3,65,0,0
2022,720,Weston McKennie,Leeds,MID,19,1434,0,1
2022,721,João Victor Gomes da Silva,Wolves,MID,11,649,1,0
2022,722,Illia Zabarnyi,Bournemouth,DEF,5,297,0,0
2022,723,Hamed Traorè,Bournemouth,MID,7,425,0,0
2022,724,Enzo Fernández,Chelsea,MID,18,1547,0,2
2022,725,Naouirou Ahamada,Crystal Palace,MID,8,87,0,0
2022,726,Sasa Lukic,Fulham,MID,12,406,0,0
2022,727,Harry Souttar,Leicester,DEF,12,991,0,1
2022,728,Marcel Sabitzer,Man United,MID,11,622,0,1
2022,729,Keylor Navas,Nott'm Forest,GK,17,1530,0,0
2022,730,Felipe Augusto de Almeida Monteiro,Nott'm Forest,DEF,16,1417,0,1
2022,731,Kamaldeen Sulemana,Southampton,MID,18,959,2,1
2022,732,Paul Onuachu,Southampton,FWD,11,401,0,0
2022,733,Pedro Porro,Tottenham,DEF,15,1132,3,3
2022,734,André Ayew,Nott'm Forest,MID,13,306,0,0
2022,736,Odeluga Offiah,Brighton,DEF,2,23,0,0
2022,741,Lewis Miley,Newcastle,MID,1,14,0,0
2022,758,George Abbott,Tottenham,MID,1,1,0,0
2022,762,Cameron Peupion,Brighton,MID,1,5,0,0
2022,764,Matthew Craig,Tottenham,MID,1,13,0,0
2022,769,Kamari Doyle,Southampton,MID,1,6,0,0
2022,770,Dominic Ballard,Southampton,FWD,2,24,0,0
2022,773,Shea Charles,Man City,MID,1,27,0,0
2022,778,Samuel Amo-Ameyaw,Southampton,MID,1,3,0,0
2023,2,Cédric Alves Soares,Arsenal,DEF,3,59,0,0
2023,3,Mohamed Elneny,Arsenal,MID,3,25,0,1
2023,4,Fábio Ferreira Vieira,Arsenal,MID,11,290,1,3
2023,5,Gabriel dos Santos Magalhães,Arsenal,DEF,36,3042,3,1
2023,6,Kai Havertz,Arsenal,MID,37,2627,13,10
2023,8,Gabriel Fernando de Jesus,Arsenal,FWD,27,1470,4,7
2023,9,Jorge Luiz Frello Filho,Arsenal,MID,24,913,0,2
2023,10,Jakub Kiwior,Arsenal,DEF,20,942,1,3
2023,12,Gabriel Martinelli Silva,Arsenal,MID,35,2010,6,5
2023,13,Eddie Nketiah,Arsenal,FWD,27,1065,5,4
2023,14,Martin Ødegaard,Arsenal,MID,35,3098,8,11
2023,15,Thomas Partey,Arsenal,MID,14,785,0,0
2023,17,Aaron Ramsdale,Arsenal,GK,6,540,0,0
2023,19,Bukayo Saka,Arsenal,MID,35,2922,16,12
2023,20,William Saliba,Arsenal,DEF,38,3420,2,1
2023,21,Albert Sambi Lokonga,Luton,MID,17,1304,1,3
2023,22,Emile Smith Rowe,Arsenal,MID,13,343,0,2
2023,23,Nuno Varela Tavares,Nott'm Forest,DEF,8,454,0,0
2023,25,Takehiro Tomiyasu,Arsenal,DEF,22,1140,2,1
2023,26,Leandro Trossard,Arsenal,MID,34,1633,12,2
2023,27,Auston Trusty,Sheffield United,DEF,32,2568,0,0
2023,28,Matt Turner,Nott'm Forest,GK,17,1530,0,0
2023,29,Benjamin White,Arsenal,DEF,37,2987,4,5
2023,31,Oleksandr Zinchenko,Arsenal,DEF,27,1717,1,2
2023,32,Alexandre Moreno Lopera,Aston Villa,DEF,21,1024,2,0
2023,33,Cameron Archer,Aston Villa,FWD,1,5,0,0
2023,33,Cameron Archer,Sheffield United,FWD,29,1824,4,3
2023,34,Leon Bailey,Aston Villa,MID,35,2063,10,11
2023,36,Matty Cash,Aston Villa,DEF,29,2138,2,2
2023,37,Calum Chambers,Aston Villa,DEF,5,149,0,1
2023,38,Philippe Coutinho Correia,Aston Villa,MID,2,24,0,0
2023,40,Leander Dendoncker,Aston Villa,MID,8,118,1,1
2023,41,Diego Carlos Santos Silva,Aston Villa,DEF,27,1809,0,0
2023,42,Lucas Digne,Aston Villa,DEF,33,2405,1,4
2023,43,Douglas Luiz Soares de Paulo,Aston Villa,MID,35,2994,9,5
2023,44,Jhon Durán,Aston Villa,FWD,23,461,5,1
2023,46,Tim Iroegbunam,Aston Villa,MID,9,157,0,0
2023,47,Boubacar Kamara,Aston Villa,MID,20,1653,0,1
2023,48,Ezri Konsa Ngoyo,Aston Villa,DEF,35,3069,1,1
2023,49,Emiliano Martínez Romero,Aston Villa,GK,34,3015,0,0
2023,50,John McGinn,Aston Villa,MID,35,3000,6,5
2023,51,Tyrone Mings,Aston Villa,DEF,1,30,0,0
2023,52,Marvelous Nakamba,Luton,MID,13,1131,0,0
2023,53,Robin Olsen,Aston Villa,GK,5,405,0,0
2023,54,Jaden Philogene-Bidace,Aston Villa,MID,1,3,0,0
2023,55,Jacob Ramsey,Aston Villa,MID,16,848,1,1
2023,58,Youri Tielemans,Aston Villa,MID,32,1613,2,6
2023,59,Bertrand Traoré,Aston Villa,MID,2,10,0,0
2023,60,Ollie Watkins,Aston Villa,FWD,37,3222,19,18
2023,62,Jaidon Anthony,Bournemouth,MID,3,151,0,0
2023,63,Philip Billing,Bournemouth,MID,29,1385,2,3
2023,64,David Brooks,Bournemouth,MID,13,271,1,1
2023,65,Ryan Christie,Bournemouth,MID,37,2908,0,5
2023,66,Lewis Cook,Bournemouth,MID,33,2787,0,3
2023,69,James Hill,Bournemouth,DEF,5,74,0,0
2023,70,Lloyd Kelly,Bournemouth,DEF,23,1553,0,1
2023,72,Justin Kluivert,Bournemouth,MID,32,1910,7,1
2023,75,Chris Mepham,Bournemouth,DEF,10,613,0,1
2023,76,Kieffer Moore,Bournemouth,FWD,8,100,1,0
2023,77,Norberto Murara Neto,Bournemouth,GK,32,2880,0,0
2023,78,Dango Ouattara,Bournemouth,MID,30,1214,1,2
2023,81,Joe Rothwell,Bournemouth,MID,11,380,0,0
2023,82,Antoine Semenyo,Bournemouth,FWD,33,2099,8,4
2023,83,Marcos Senesi,Bournemouth,DEF,31,2239,4,5
2023,84,Adam Smith,Bournemouth,DEF,28,2148,0,3
2023,85,Dominic Solanke,Bournemouth,FWD,38,3325,19,3
2023,86,Marcus Tavernier,Bournemouth,MID,30,2118,3,4
2023,87,Hamed Traorè,Bournemouth,MID,3,44,0,0
2023,88,Mark Travers,Bournemouth,GK,4,360,0,0
2023,89,Illia Zabarnyi,Bournemouth,DEF,37,3330,1,0
2023,90,Kristoffer Ajer,Brentford,DEF,28,1826,2,1
2023,92,Shandon Baptiste,Brentford,MID,10,222,1,1
2023,96,Nathan Collins,Brentford,DEF,32,2649,1,1
2023,98,Mikkel Damsgaard,Brentford,MID,23,829,0,4
2023,99,Josh Dasilva,Brentford,MID,3,22,0,0
2023,101,Mark Flekken,Brentford,GK,37,3285,0,1
2023,103,Rico Henry,Brentford,DEF,5,401,0,1
2023,104,Aaron Hickey,Brentford,DEF,9,713,0,0
2023,105,Vitaly Janelt,Brentford,MID,38,3054,1,4
2023,106,Mathias Jensen,Brentford,MID,32,2201,3,4
2023,107,Keane Lewis-Potter,Brentford,MID,30,1428,3,2
2023,108,Bryan Mbeumo,Brentford,MID,25,1957,9,7
2023,109,Ben Mee,Brentford,DEF,16,1272,2,1
2023,110,Christian Nørgaard,Brentford,MID,31,2504,2,1
2023,111,Frank Onyeka,Brentford,MID,26,1147,1,2
2023,112,Ethan Pinnock,Brentford,DEF,29,2521,2,0
2023,113,David Raya Martin,Arsenal,GK,32,2880,0,0
2023,114,Mads Roerslev Rasmussen,Brentford,DEF,34,1975,1,2
2023,115,Kevin Schade,Brentford,MID,11,327,2,2
2023,116,Thomas Strakosha,Brentford,GK,2,135,0,0
2023,117,Ivan Toney,Brentford,FWD,17,1449,4,3
2023,119,Yoane Wissa,Brentford,FWD,34,2488,12,4
2023,120,Yegor Yarmoliuk,Brentford,MID,24,630,0,0
2023,120,Yegor Yarmolyuk,Brentford,MID,3,40,0,0
2023,121,Mathias Jorgensen,Brentford,DEF,14,1086,1,0
2023,122,Simon Adingra,Brighton,MID,31,2220,6,1
2023,125,Facundo Buonanotte,Brighton,MID,27,1356,3,1
2023,126,Moisés Caicedo Corozo,Chelsea,MID,35,2865,1,3
2023,128,Mahmoud Dahoud,Brighton,MID,9,449,0,1
2023,129,Lewis Dunk,Brighton,DEF,33,2869,3,1
2023,130,Julio Enciso,Brighton,MID,12,468,0,2
2023,131,Pervis Estupiñán,Brighton,DEF,19,1242,2,3
2023,132,Evan Ferguson,Brighton,FWD,27,1356,6,1
2023,133,Billy Gilmour,Brighton,MID,30,2116,0,3
2023,134,Pascal Groß,Brighton,MID,36,3112,4,11
2023,135,João Pedro Junqueira de Jesus,Brighton,FWD,31,2037,9,3
2023,138,Adam Lallana,Brighton,MID,25,839,0,1
2023,139,Tariq Lamptey,Brighton,DEF,19,908,0,3
2023,140,Solly March,Brighton,MID,7,555,3,1
2023,142,James Milner,Brighton,MID,15,770,0,2
2023,143,Kaoru Mitoma,Brighton,MID,19,1485,3,7
2023,144,Jakub Moder,Brighton,MID,17,608,0,0
2023,145,Robert Sánchez,Chelsea,GK,16,1433,0,0
2023,148,Jason Steele,Brighton,GK,17,1530,0,0
2023,150,Jan Paul van Hecke,Brighton,DEF,28,2368,0,0
2023,151,Joël Veltman,Brighton,DEF,27,1579,1,1
2023,152,Bart Verbruggen,Brighton,GK,21,1890,0,0
2023,153,Adam Webster,Brighton,DEF,15,1142,0,0
2023,154,Danny Welbeck,Brighton,FWD,29,1687,5,4
2023,157,Ameen Al-Dakhil,Burnley,DEF,13,1055,1,0
2023,159,Manuel Benson Hedilazio,Burnley,MID,8,110,0,0
2023,160,Jordan Beyer,Burnley,DEF,15,1234,0,1
2023,161,Josh Brownhill,Burnley,MID,33,2248,4,2
2023,163,Jack Cork,Burnley,MID,4,25,0,0
2023,165,Josh Cullen,Burnley,MID,25,2055,2,4
2023,167,Hjalmar Ekdal,Burnley,DEF,8,436,0,0
2023,168,Lyle Foster,Burnley,FWD,24,1898,5,3
2023,170,Jóhann Berg Gudmundsson,Burnley,MID,26,1185,1,3
2023,172,Arijanet Muric,Burnley,GK,10,900,0,0
2023,173,Dara O'Shea,Burnley,DEF,33,2892,3,4
2023,174,Michael Obafemi,Burnley,FWD,2,19,0,0
2023,176,Connor Roberts,Burnley,DEF,14,817,0,1
2023,177,Jay Rodriguez,Burnley,FWD,21,811,2,1
2023,178,Charlie Taylor,Burnley,DEF,28,2329,1,1
2023,182,Victor da Silva,Burnley,DEF,32,2311,0,3
2023,184,Anass Zaroury,Burnley,MID,6,149,0,0
2023,186,Andrey Nascimento dos Santos,Nott'm Forest,MID,1,7,0,0
2023,191,Benoît Badiashile,Chelsea,DEF,18,1337,0,1
2023,193,Armando Broja,Chelsea,FWD,13,448,1,1
2023,193,Armando Broja,Fulham,FWD,8,81,0,1
2023,194,Trevoh Chalobah,Chelsea,DEF,13,949,1,0
2023,195,Ben Chilwell,Chelsea,DEF,13,752,0,2
2023,196,Carney Chukwuemeka,Chelsea,MID,9,222,1,1
2023,197,Levi Colwill,Chelsea,DEF,23,1794,1,1
2023,198,Marc Cucurella Saseta,Chelsea,DEF,21,1783,0,3
2023,199,Enzo Fernández,Chelsea,MID,28,2208,3,3
2023,200,David Datro Fofana,Burnley,FWD,15,876,4,1
2023,202,Conor Gallagher,Chelsea,MID,37,3129,5,8
2023,203,Malo Gusto,Chelsea,DEF,27,1746,0,6
2023,204,Lewis Hall,Newcastle,DEF,18,773,1,0
2023,205,Callum Hudson-Odoi,Nott'm Forest,MID,29,1846,8,2
2023,206,Reece James,Chelsea,DEF,10,416,0,2
2023,208,Noni Madueke,Chelsea,MID,23,1044,5,3
2023,209,Mason Mount,Man United,MID,14,509,1,0
2023,210,Mykhailo Mudryk,Chelsea,MID,31,1564,5,5
2023,211,Nicolas Jackson,Chelsea,FWD,35,2801,14,6
2023,212,Christopher Nkunku,Chelsea,FWD,11,437,3,0
2023,216,Raheem Sterling,Chelsea,MID,31,1972,8,8
2023,217,Thiago Emiliano da Silva,Chelsea,DEF,31,2525,3,1
2023,219,Naouirou Ahamada,Crystal Palace,MID,20,332,0,0
2023,220,Joachim Andersen,Crystal Palace,DEF,38,3416,2,3
2023,221,Jordan Ayew,Crystal Palace,MID,35,2540,4,7
2023,222,Nathaniel Clyne,Crystal Palace,DEF,19,1335,0,1
2023,223,Cheick Doucouré,Crystal Palace,MID,11,920,0,0
2023,225,Odsonne Edouard,Crystal Palace,FWD,30,1545,7,0
2023,226,Eberechi Eze,Crystal Palace,MID,27,2054,11,5
2023,228,Marc Guéhi,Crystal Palace,DEF,25,2020,0,1
2023,229,Will Hughes,Crystal Palace,MID,30,1886,0,2
2023,230,Sam Johnstone,Crystal Palace,GK,20,1796,0,0
2023,231,Jefferson Lerma Solís,Crystal Palace,MID,28,2399,1,1
2023,232,Jean-Philippe Mateta,Crystal Palace,FWD,35,2274,16,7
2023,233,Remi Matthews,Crystal Palace,GK,1,3,0,0
2023,234,Tyrick Mitchell,Crystal Palace,DEF,37,3204,2,3
2023,236,Michael Olise,Crystal Palace,MID,19,1272,10,6
2023,238,Chris Richards,Crystal Palace,DEF,26,2091,1,1
2023,239,Jairo Riedewald,Crystal Palace,MID,9,228,0,0
2023,240,Jeffrey Schlupp,Crystal Palace,MID,29,1340,2,2
2023,241,James Tomkins,Crystal Palace,DEF,4,8,0,0
2023,242,Joel Ward,Crystal Palace,DEF,26,1978,0,1
2023,244,André Tavares Gomes,Everton,MID,12,505,1,0
2023,245,Jarrad Branthwaite,Everton,DEF,35,3116,3,1
2023,246,Dominic Calvert-Lewin,Everton,FWD,32,2166,7,3
2023,247,Seamus Coleman,Everton,DEF,12,661,0,0
2023,249,Abdoulaye Doucouré,Everton,MID,32,2632,7,3
2023,250,James Garner,Everton,MID,37,3001,1,2
2023,252,Ben Godfrey,Everton,DEF,15,1120,0,0
2023,254,Idrissa Gueye,Everton,MID,25,1885,4,0
2023,255,Mason Holgate,Sheffield United,DEF,10,711,0,0
2023,256,Alex Iwobi,Everton,MID,2,140,0,0
2023,256,Alex Iwobi,Fulham,MID,30,2191,5,2
2023,257,Michael Keane,Everton,DEF,9,437,1,0
2023,258,Neal Maupay,Brentford,FWD,29,1307,6,3
2023,258,Neal Maupay,Everton,FWD,2,110,0,0
2023,259,Dwight McNeil,Everton,MID,35,2891,3,8
2023,260,Vitalii Mykolenko,Everton,DEF,28,2469,2,1
2023,261,Amadou Onana,Everton,MID,30,2085,2,0
2023,262,Nathan Patterson,Everton,DEF,20,1000,0,2
2023,263,Jordan Pickford,Everton,GK,38,3420,0,0
2023,265,James Tarkowski,Everton,DEF,38,3420,1,1
2023,267,Andreas Hoelgebaum Pereira,Fulham,MID,37,2611,3,9
2023,268,Tom Cairney,Fulham,MID,34,1472,1,6
2023,270,Bobby De Cordova-Reid,Fulham,MID,33,1410,6,3
2023,271,Issa Diop,Fulham,DEF,18,1423,0,0
2023,275,Bernd Leno,Fulham,GK,38,3420,0,0
2023,276,Saša Lukić,Fulham,MID,24,1113,1,0
2023,278,Aleksandar Mitrović,Fulham,FWD,1,32,0,0
2023,279,Rodrigo Muniz Carvalho,Fulham,FWD,26,1589,9,2
2023,280,João Palhinha Gonçalves,Fulham,MID,33,2698,4,1
2023,281,Tim Ream,Fulham,DEF,18,1503,1,0
2023,282,Harrison Reed,Fulham,MID,27,1317,0,2
2023,283,Antonee Robinson,Fulham,DEF,37,3266,0,6
2023,285,Kenny Tete,Fulham,DEF,14,863,1,0
2023,286,Tosin Adarabioyo,Fulham,DEF,20,1616,2,0
2023,287,Carlos Vinícius Alves Morais,Fulham,FWD,13,306,2,0
2023,288,Harry Wilson,Fulham,MID,35,1603,4,7
2023,290,Trent Alexander-Arnold,Liverpool,DEF,28,2153,3,5
2023,291,Alisson Ramses Becker,Liverpool,GK,28,2520,0,0
2023,292,Stefan Bajcetic,Liverpool,MID,1,25,0,0
2023,293,Darwin Núñez Ribeiro,Liverpool,FWD,36,2033,11,11
2023,294,Diogo Teixeira da Silva,Liverpool,MID,21,1141,10,7
2023,295,Harvey Elliott,Liverpool,MID,34,1330,3,9
2023,297,Cody Gakpo,Liverpool,FWD,35,1633,8,5
2023,298,Joe Gomez,Liverpool,DEF,32,1772,0,2
2023,300,Curtis Jones,Liverpool,MID,23,1156,1,1
2023,301,Caoimhin Kelleher,Liverpool,GK,10,900,0,0
2023,302,Ibrahima Konaté,Liverpool,DEF,22,1570,0,0
2023,303,Luis Díaz,Liverpool,MID,37,2625,8,7
2023,304,Alexis Mac Allister,Liverpool,MID,33,2600,5,5
2023,305,Joel Matip,Liverpool,DEF,10,779,0,0
2023,307,Andrew Robertson,Liverpool,DEF,23,1689,3,2
2023,308,Mohamed Salah,Liverpool,MID,32,2531,18,12
2023,309,Dominik Szoboszlai,Liverpool,MID,33,2102,3,4
2023,310,Thiago Alcántara do Nascimento,Liverpool,MID,1,5,0,0
2023,311,Konstantinos Tsimikas,Liverpool,DEF,13,675,0,3
2023,313,Virgil van Dijk,Liverpool,DEF,36,3177,2,2
2023,314,Elijah Adebayo,Luton,FWD,27,1405,10,1
2023,315,Mads Juel Andersen,Luton,DEF,8,397,1,0
2023,316,Amari'i Bell,Luton,DEF,21,1720,0,0
2023,317,Luke Berry,Luton,MID,17,309,2,1
2023,318,Reece Burke,Luton,DEF,22,1659,0,4
2023,320,Jordan Clark,Luton,MID,23,1297,1,1
2023,321,Alfie Doughty,Luton,DEF,37,2923,2,10
2023,326,Carlton Morris,Luton,FWD,38,2859,11,6
2023,328,Chiedozie Ogbene,Luton,FWD,30,1987,4,4
2023,329,Fred Onyedinma,Luton,MID,8,403,0,0
2023,330,Gabriel Osho,Luton,DEF,21,1846,2,0
2023,335,James Shea,Luton,GK,1,14,0,0
2023,340,Cauley Woodrow,Luton,FWD,24,406,1,1
2023,341,Manuel Akanji,Man City,DEF,30,2512,2,0
2023,342,Nathan Aké,Man City,DEF,29,2039,2,3
2023,343,Julián Álvarez,Man City,FWD,36,2644,11,11
2023,344,Bernardo Veiga de Carvalho e Silva,Man City,MID,33,2576,6,9
2023,345,Oscar Bobb,Man City,MID,14,294,1,2
2023,349,Kevin De Bruyne,Man City,MID,18,1219,4,10
2023,350,Rúben Gato Alves Dias,Man City,DEF,30,2557,0,0
2023,351,Tommy Doyle,Wolves,MID,26,1209,0,0
2023,352,Ederson Santana de Moraes,Man City,GK,33,2785,0,0
2023,353,Phil Foden,Man City,MID,35,2860,19,8
2023,354,Jack Grealish,Man City,MID,20,998,3,1
2023,355,Erling Haaland,Man City,FWD,31,2553,27,8
2023,356,Mateo Kovačić,Man City,MID,30,1539,1,0
2023,357,Aymeric Laporte,Man City,DEF,1,11,0,0
2023,358,Rico Lewis,Man City,DEF,16,804,2,0
2023,360,James McAtee,Man City,MID,1,1,0,0
2023,360,James McAtee,Sheffield United,MID,30,1814,3,4
2023,361,Stefan Ortega Moreno,Man City,GK,9,632,0,0
2023,362,Cole Palmer,Chelsea,MID,33,2607,22,13
2023,362,Cole Palmer,Man City,MID,1,10,0,0
2023,364,Kalvin Phillips,Man City,MID,4,89,0,0
2023,364,Kalvin Phillips,West Ham,MID,8,305,0,0
2023,365,Rodrigo Hernandez,Man City,MID,34,2931,8,10
2023,366,Sergio Gómez,Man City,DEF,6,48,0,1
2023,368,John Stones,Man City,DEF,16,1061,1,0
2023,369,Kyle Walker,Man City,DEF,32,2766,0,5
2023,371,Amad Diallo,Man United,MID,9,385,1,1
2023,372,Antony Matheus dos Santos,Man United,MID,29,1311,1,1
2023,373,Bruno Borges Fernandes,Man United,MID,35,3118,10,9
2023,376,Carlos Henrique Casimiro,Man United,MID,25,1981,1,3
2023,377,Diogo Dalot Teixeira,Man United,DEF,36,3174,2,3
2023,378,Anthony Elanga,Nott'm Forest,MID,36,2424,5,9
2023,379,Christian Eriksen,Man United,MID,22,1134,1,2
2023,382,Alejandro Garnacho,Man United,MID,36,2564,7,7
2023,383,Hannibal Mejbri,Man United,MID,5,131,1,0
2023,385,Dean Henderson,Crystal Palace,GK,18,1620,0,0
2023,386,Victor Lindelöf,Man United,DEF,19,1328,1,1
2023,387,Harry Maguire,Man United,DEF,22,1650,2,4
2023,388,Kobbie Mainoo,Man United,MID,24,1927,3,1
2023,390,Anthony Martial,Man United,FWD,13,439,1,1
2023,391,Lisandro Martínez,Man United,DEF,11,643,0,1
2023,392,Scott McTominay,Man United,MID,32,1891,7,1
2023,393,Teden Mengi,Luton,DEF,30,2467,1,0
2023,394,Facundo Pellistri Rebollo,Man United,MID,9,164,0,1
2023,395,Raphaël Varane,Man United,DEF,22,1370,1,0
2023,396,Marcus Rashford,Man United,MID,33,2264,7,3
2023,397,Jadon Sancho,Man United,MID,3,76,0,0
2023,398,Luke Shaw,Man United,DEF,12,960,0,1
2023,400,Donny van de Beek,Man United,MID,1,2,0,0
2023,401,Aaron Wan-Bissaka,Man United,DEF,22,1778,0,2
2023,402,Miguel Almirón Rejala,Newcastle,MID,33,1930,3,1
2023,403,Elliot Anderson,Newcastle,MID,21,1018,0,2
2023,405,Sven Botman,Newcastle,DEF,17,1375,2,2
2023,406,Bruno Guimarães Rodriguez Moura,Newcastle,MID,37,3264,7,9
2023,407,Dan Burn,Newcastle,DEF,33,2725,2,2
2023,409,Martin Dubravka,Newcastle,GK,23,1984,0,0
2023,412,Anthony Gordon,Newcastle,MID,35,2896,11,16
2023,415,Alexander Isak,Newcastle,FWD,30,2253,21,4
2023,416,Joelinton Cássio Apolinário de Lira,Newcastle,MID,20,1276,2,1
2023,417,Emil Krafth,Newcastle,DEF,17,909,0,0
2023,419,Jamaal Lascelles,Newcastle,DEF,16,1077,1,0
2023,421,Sean Longstaff,Newcastle,MID,35,2742,6,3
2023,423,Jacob Murphy,Newcastle,MID,21,1184,3,8
2023,424,Nick Pope,Newcastle,GK,15,1345,0,0
2023,425,Matt Ritchie,Newcastle,MID,13,120,1,0
2023,427,Fabian Schär,Newcastle,DEF,36,3055,4,3
2023,428,Matt Targett,Newcastle,DEF,3,77,0,0
2023,429,Sandro Tonali,Newcastle,MID,8,437,1,0
2023,430,Kieran Trippier,Newcastle,DEF,28,2235,1,10
2023,432,Joe Willock,Newcastle,MID,9,415,1,0
2023,433,Callum Wilson,Newcastle,FWD,20,981,9,1
2023,434,Brandon Aguilera Zamora,Nott'm Forest,MID,1,4,0,0
2023,436,Serge Aurier,Nott'm Forest,DEF,12,831,0,2
2023,437,Taiwo Awoniyi,Nott'm Forest,FWD,20,1036,6,3
2023,439,Willy Boly,Nott'm Forest,DEF,20,1437,2,1
2023,442,Danilo dos Santos de Oliveira,Nott'm Forest,MID,29,1787,2,2
2023,445,Felipe Augusto de Almeida Monteiro,Nott'm Forest,DEF,7,372,0,0
2023,447,Morgan Gibbs-White,Nott'm Forest,MID,37,3156,5,12
2023,450,Brennan Johnson,Nott'm Forest,MID,3,238,0,0
2023,450,Brennan Johnson,Tottenham,MID,32,2079,5,12
2023,451,Cheikhou Kouyaté,Nott'm Forest,MID,12,206,0,0
2023,453,Orel Mangala,Nott'm Forest,MID,20,1562,1,0
2023,455,Scott McKenna,Nott'm Forest,DEF,5,416,0,0
2023,457,Moussa Niakhaté,Nott'm Forest,DEF,21,1456,1,0
2023,465,Harry Toffolo,Nott'm Forest,DEF,23,1452,1,3
2023,467,Neco Williams,Nott'm Forest,DEF,26,1630,0,1
2023,468,Chris Wood,Nott'm Forest,FWD,31,1801,14,1
2023,469,Joe Worrall,Nott'm Forest,DEF,7,438,0,0
2023,470,Ryan Yates,Nott'm Forest,MID,35,1979,1,1
2023,471,Anel Ahmedhodžić,Sheffield United,DEF,31,2649,2,0
2023,473,George Baldock,Sheffield United,DEF,13,968,0,2
2023,474,Chris Basham,Sheffield United,DEF,8,316,0,0
2023,475,Sander Berge,Burnley,MID,37,3002,1,2
2023,476,Jayden Bogle,Sheffield United,DEF,34,2787,3,3
2023,477,Rhian Brewster,Sheffield United,FWD,13,338,0,0
2023,480,John Egan,Sheffield United,DEF,6,482,0,0
2023,481,John Fleck,Sheffield United,MID,4,89,0,0
2023,482,Wes Foderingham,Sheffield United,GK,30,2648,0,0
2023,483,Daniel Jebbison,Sheffield United,FWD,1,20,0,0
2023,484,Max Lowe,Sheffield United,DEF,10,498,0,1
2023,485,Oliver McBurnie,Sheffield United,FWD,21,1279,6,3
2023,487,Rhys Norrington-Davies,Sheffield United,DEF,5,109,0,0
2023,488,Oliver Norwood,Sheffield United,MID,27,1429,1,0
2023,489,Ben Osborn,Sheffield United,MID,24,1359,0,2
2023,490,William Osula,Sheffield United,FWD,21,778,0,1
2023,492,Rodrigo Bentancur,Tottenham,MID,23,997,1,1
2023,493,Yves Bissouma,Tottenham,MID,28,2070,0,0
2023,494,Bryan Gil Salvatierra,Tottenham,MID,11,200,0,0
2023,495,Ben Davies,Tottenham,DEF,17,1085,1,2
2023,496,Eric Dier,Tottenham,DEF,4,199,0,0
2023,497,Emerson Leite de Souza Junior,Tottenham,DEF,22,1152,1,0
2023,499,Pierre-Emile Højbjerg,Tottenham,MID,36,1289,0,0
2023,501,Dejan Kulusevski,Tottenham,MID,36,2759,8,3
2023,503,Giovani Lo Celso,Tottenham,MID,22,491,2,2
2023,504,James Maddison,Tottenham,MID,28,2137,4,11
2023,506,Pedro Porro,Tottenham,DEF,35,3090,3,8
2023,507,Ivan Perišić,Tottenham,DEF,5,98,0,1
2023,508,Sergio Reguilón,Brentford,DEF,16,1115,0,6
2023,508,Sergio Reguilón,Man United,DEF,9,409,0,0
2023,509,Richarlison de Andrade,Tottenham,MID,28,1481,11,4
2023,511,Cristian Romero,Tottenham,DEF,33,2790,5,0
2023,512,Davinson Sánchez,Tottenham,DEF,1,76,0,0
2023,513,Pape Matar Sarr,Tottenham,MID,34,2063,3,3
2023,515,Oliver Skipp,Tottenham,MID,21,691,0,0
2023,516,Son Heung-min,Tottenham,MID,35,2934,17,10
2023,519,Destiny Udogie,Tottenham,DEF,28,2391,2,3
2023,520,Guglielmo Vicario,Tottenham,GK,38,3420,0,0
2023,522,Nayef Aguerd,West Ham,DEF,21,1857,1,0
2023,523,Michail Antonio,West Ham,FWD,26,1692,6,2
2023,524,Alphonse Areola,West Ham,GK,31,2700,0,0
2023,525,Saïd Benrahma,West Ham,MID,13,611,0,1
2023,526,Jarrod Bowen,West Ham,MID,34,3020,16,6
2023,527,Maxwel Cornet,West Ham,MID,7,109,1,0
2023,528,Vladimír Coufal,West Ham,DEF,36,3135,0,7
2023,530,Aaron Cresswell,West Ham,DEF,11,431,0,0
2023,532,Emerson Palmieri dos Santos,West Ham,DEF,36,3138,1,4
2023,533,Lukasz Fabianski,West Ham,GK,10,721,0,0
2023,534,Pablo Fornals Malla,West Ham,MID,15,418,0,0
2023,535,Danny Ings,West Ham,FWD,20,389,1,2
2023,536,Ben Johnson,West Ham,DEF,14,538,0,0
2023,537,Thilo Kehrer,West Ham,DEF,4,19,0,0
2023,538,Divin Mubama,West Ham,FWD,5,75,0,0
2023,539,Lucas Tolentino Coelho de Lima,West Ham,MID,31,2627,4,6
2023,540,Declan Rice,Arsenal,MID,38,3225,7,9
2023,542,Tomáš Souček,West Ham,MID,37,2867,7,2
2023,544,Kurt Zouma,West Ham,DEF,33,2838,3,0
2023,545,Rayan Aït-Nouri,Wolves,DEF,33,2327,2,3
2023,546,Daniel Bentley,Wolves,GK,5,382,0,0
2023,548,Hugo Bueno López,Wolves,DEF,22,727,0,0
2023,551,Craig Dawson,Wolves,DEF,25,2209,1,1
2023,552,Fábio Silva,Wolves,FWD,8,259,0,0
2023,553,Ryan Giles,Luton,DEF,11,498,0,0
2023,557,Hwang Hee-chan,Wolves,MID,29,2116,12,3
2023,558,Raúl Jiménez,Fulham,FWD,24,1390,7,0
2023,559,João Victor Gomes da Silva,Wolves,MID,34,2646,2,2
2023,560,Jonathan Castro Otto,Wolves,DEF,1,4,0,0
2023,562,Sasa Kalajdzic,Wolves,FWD,11,158,2,0
2023,563,Max Kilman,Wolves,DEF,38,3420,2,0
2023,565,Mario Lemina,Wolves,MID,35,2969,4,1
2023,566,Matheus Luiz Nunes,Man City,MID,17,651,0,2
2023,566,Matheus Luiz Nunes,Wolves,MID,2,180,0,0
2023,567,Pedro Lomba Neto,Wolves,MID,20,1516,2,11
2023,569,José Malheiro de Sá,Wolves,GK,35,3037,0,1
2023,570,Pablo Sarabia,Wolves,MID,30,1737,4,7
2023,572,Nélson Cabral Semedo,Wolves,DEF,36,3084,0,2
2023,573,Toti António Gomes,Wolves,DEF,35,2771,1,4
2023,574,Boubacar Traoré,Wolves,MID,24,802,0,0
2023,575,Tom Lockyer,Luton,DEF,14,1169,1,1
2023,576,Jack Robinson,Sheffield United,DEF,34,2883,1,1
2023,577,Angelo Ogbonna,West Ham,DEF,11,634,0,0
2023,578,Reiss Nelson,Arsenal,MID,15,256,0,0
2023,580,Loris Karius,Newcastle,GK,1,90,0,0
2023,581,Paul Dummett,Newcastle,DEF,5,18,0,0
2023,582,Pelly Ruddock Mpanzu,Luton,MID,27,1085,0,0
2023,583,Manor Solomon,Tottenham,MID,5,196,0,2
2023,584,Pau Torres,Aston Villa,DEF,29,2462,2,0
2023,585,Jurriën Timber,Arsenal,DEF,2,70,0,0
2023,586,Tahith Chong,Luton,MID,33,1972,4,2
2023,587,Anis Slimane,Sheffield United,MID,15,409,0,0
2023,588,Ashley Young,Everton,DEF,31,2277,0,1
2023,590,Matheus Santos Carneiro Da Cunha,Wolves,FWD,32,2438,12,7
2023,591,Willian Borges da Silva,Fulham,MID,31,2048,4,3
2023,592,Yasser Larouci,Sheffield United,DEF,11,527,0,0
2023,593,Bénie Traoré,Sheffield United,FWD,8,383,0,0
2023,594,Zeki Amdouni,Burnley,FWD,34,1953,5,1
2023,595,Milos Kerkez,Bournemouth,DEF,28,1966,0,2
2023,596,James Trafford,Burnley,GK,28,2520,0,0
2023,597,André Onana,Man United,GK,38,3420,0,0
2023,598,Matt Doherty,Wolves,DEF,30,1136,1,0
2023,599,Moussa Diaby,Aston Villa,MID,38,2168,6,11
2023,600,Nathan Redmond,Burnley,MID,12,132,0,0
2023,601,Arnaut Danjuma Groeneveld,Everton,MID,14,587,1,0
2023,602,Issa Kaboré,Luton,DEF,24,1727,0,3
2023,603,Harvey Barnes,Newcastle,MID,21,788,5,3
2023,604,Olu Aina,Nott'm Forest,DEF,22,1690,1,1
2023,605,Luca Koleosho,Burnley,MID,15,972,1,2
2023,606,Igor Julio dos Santos de Paulo,Brighton,DEF,24,1631,0,0
2023,607,Ionuț Radu,Bournemouth,GK,2,180,0,0
2023,608,Jacob Bruun Larsen,Burnley,MID,32,1235,6,0
2023,609,Ian Maatsen,Chelsea,MID,12,200,0,0
2023,610,Calvin Bassey,Fulham,DEF,29,2299,1,0
2023,611,Axel Disasi,Chelsea,DEF,31,2579,2,0
2023,613,Lesley Ugochukwu,Chelsea,MID,12,296,0,0
2023,614,Thomas Kaminski,Luton,GK,38,3405,0,0
2023,615,Matheus França de Oliveira,Crystal Palace,MID,10,224,0,2
2023,616,Joško Gvardiol,Man City,DEF,28,2327,4,2
2023,617,Rasmus Højlund,Man United,FWD,30,2156,10,2
2023,618,Omari Kellyman,Aston Villa,MID,2,35,0,0
2023,620,Michael Olakigbe,Brentford,MID,7,43,0,0
2023,620,Michale Olakigbe,Brentford,MID,1,8,0,0
2023,621,Jack Hinshelwood,Brighton,MID,12,866,3,0
2023,623,Mason Burstow,Chelsea,FWD,2,8,0,0
2023,624,Lewis Dobbin,Everton,MID,12,226,1,0
2023,626,Jarell Quansah,Liverpool,DEF,17,1188,2,0
2023,627,Bobby Clark,Liverpool,MID,5,86,0,0
2023,628,Ben Doak,Liverpool,MID,1,13,0,0
2023,629,James McConnell,Liverpool,MID,3,3,0,0
2023,630,Ross Barkley,Luton,MID,32,2616,5,5
2023,631,Jacob Brown,Luton,FWD,19,1013,2,1
2023,632,Omari Forson,Man United,MID,4,67,0,1
2023,633,Tino Livramento,Newcastle,DEF,26,1302,1,0
2023,634,Alex Murphy,Newcastle,DEF,2,11,0,0
2023,635,Lewis Miley,Newcastle,MID,17,1203,1,3
2023,638,Vini de Souza Costa,Sheffield United,MID,36,2664,1,1
2023,639,Micky van de Ven,Tottenham,DEF,27,2341,3,0
2023,640,Dane Scarlett,Tottenham,FWD,4,19,0,0
2023,641,Alejo Véliz,Tottenham,FWD,8,45,1,0
2023,642,Edson Álvarez Velázquez,West Ham,MID,31,2375,1,1
2023,643,Max Aarons,Bournemouth,DEF,20,1233,0,1
2023,644,Alex Scott,Bournemouth,MID,23,1003,1,1
2023,645,Youssef Ramalho Chermiti,Everton,FWD,18,196,0,0
2023,649,Thomas Cannon,Everton,FWD,1,1,0,0
2023,650,Tyler Onyango,Everton,MID,1,1,0,0
2023,655,Andre Brooks,Sheffield United,MID,20,932,0,0
2023,656,Antwoine Hackford,Sheffield United,FWD,2,11,0,0
2023,657,Jesurun Rak-Sakyi,Crystal Palace,MID,6,132,0,0
2023,660,Wilson Odobert,Burnley,MID,29,2095,3,4
2023,661,Jack Harrison,Everton,MID,29,2212,3,3
2023,662,Adama Traoré,Fulham,MID,17,363,2,3
2023,663,Gustavo Hamer,Sheffield United,MID,36,2908,4,7
2023,664,James Ward-Prowse,West Ham,MID,37,3000,7,7
2023,666,Tom Davies,Sheffield United,MID,9,214,0,0
2023,667,Roméo Lavia,Chelsea,MID,1,32,0,0
2023,668,Wataru Endo,Liverpool,MID,29,1714,1,0
2023,672,Nicolò Zaniolo,Aston Villa,MID,25,824,2,0
2023,673,Tyler Adams,Bournemouth,MID,3,118,0,0
2023,674,Hannes Delcroix,Burnley,DEF,12,584,0,0
2023,675,Aaron Ramsey,Burnley,MID,14,522,0,0
2023,676,Konstantinos Mavropanos,West Ham,DEF,19,1500,1,0
2023,677,Deivid Washington de Souza Eugênio,Chelsea,FWD,2,11,0,0
2023,678,Jérémy Doku,Man City,MID,29,1585,3,10
2023,679,Gonzalo Montiel,Nott'm Forest,DEF,14,796,0,2
2023,682,Joseph Johnson,Luton,DEF,2,75,0,0
2023,683,Luke Harris,Fulham,MID,1,74,0,0
2023,685,Daniel Gore,Man United,MID,1,1,0,0
2023,687,Djordje Petrovic,Chelsea,GK,5,366,0,0
2023,687,Đorđe Petrović,Chelsea,GK,18,1620,0,0
2023,688,Timothy Castagne,Fulham,DEF,34,2630,1,3
2023,689,Mohammed Kudus,West Ham,MID,33,2485,8,9
2023,690,Carlos Baleba,Brighton,MID,27,1314,0,0
2023,691,Norberto Bercique Gomes Betuncal,Everton,FWD,30,943,3,0
2023,693,Luke Thomas,Sheffield United,DEF,12,916,0,0
2023,694,Han-Noah Massengo,Burnley,MID,3,14,0,0
2023,696,Murillo Santiago Costa dos Santos,Nott'm Forest,DEF,32,2790,0,2
2023,697,Santiago Bueno,Wolves,DEF,12,819,0,0
2023,698,Enso González,Wolves,MID,1,1,0,0
2023,699,Clément Lenglet,Aston Villa,DEF,14,1153,0,1
2023,700,Anssumane Fati Vieira,Brighton,MID,19,509,2,1
2023,701,Saman Ghoddos,Brentford,MID,19,728,1,0
2023,703,Jonny Evans,Man United,DEF,23,1389,0,1
2023,704,Nathan Fraser,Wolves,FWD,7,183,0,0
2023,705,Luis Sinisterra,Bournemouth,MID,20,685,2,2
2023,706,Mike Trésor,Burnley,MID,16,410,0,0
2023,707,Fodé Ballo-Touré,Fulham,DEF,6,65,0,0
2023,708,Ryan Gravenberch,Liverpool,MID,26,1110,1,0
2023,709,Sofyan Amrabat,Man United,MID,21,929,0,0
2023,710,Odysseas Vlachodimos,Nott'm Forest,GK,5,450,0,0
2023,711,Andrew Omobamidele,Nott'm Forest,DEF,11,782,0,0
2023,712,Nicolás Domínguez,Nott'm Forest,MID,26,1489,2,2
2023,713,Ibrahim Sangaré,Nott'm Forest,MID,17,1031,0,0
2023,714,Divock Origi,Nott'm Forest,FWD,20,594,0,1
2023,715,Jean-Ricner Bellegarde,Wolves,MID,22,948,2,2
2023,716,Alfie Gilchrist,Chelsea,DEF,11,200,1,0
2023,718,Alex Matos,Chelsea,MID,1,1,0,0
2023,721,David Ozoh,Crystal Palace,MID,9,148,0,0
2023,722,Jamie Donley,Tottenham,FWD,3,3,0,0
2023,727,Andros Townsend,Luton,MID,27,1197,1,4
2023,730,Ryan Oné,Sheffield United,MID,1,7,0,0
2023,734,Zack Nelson,Luton,MID,2,4,0,0
2023,738,Amadou Diallo,Newcastle,MID,1,1,0,0
2023,739,Ben Parkinson,Newcastle,FWD,1,24,0,0
2023,741,Mark O’Mahony,Brighton,FWD,3,61,0,0
2023,742,Benicio Baker-Boaitey,Brighton,MID,5,37,0,0
2023,744,Myles Peart-Harris,Brentford,MID,3,11,0,0
2023,745,Michael Ndiweni,Newcastle,FWD,1,1,0,0
2023,750,Tawanda Chirewa,Wolves,MID,8,138,0,0
2023,757,Conor Bradley,Liverpool,DEF,11,752,1,3
2023,759,Sydie Peck,Sheffield United,MID,1,9,0,0
2023,766,Willy Kambwala,Man United,DEF,8,325,0,0
2023,772,Ethan Nwaneri,Arsenal,MID,1,13,0,0
2023,774,Kaelan Casey,West Ham,DEF,1,1,0,0
2023,775,Ben Brereton,Sheffield United,MID,14,1105,6,1
2023,776,Timo Werner,Tottenham,FWD,13,808,2,4
2023,777,Radu Dragusin,Tottenham,DEF,9,424,0,0
2023,782,Owen Beck,Liverpool,DEF,1,7,0,0
2023,783,Kaide Gordon,Liverpool,MID,1,1,0,0
2023,790,Ivo Grbic,Sheffield United,GK,9,771,0,0
2023,791,Cesare Casadei,Chelsea,MID,11,71,0,0
2023,792,Daniel Muñoz,Crystal Palace,DEF,16,1440,0,4
2023,793,Kaine Kesler-Hayden,Aston Villa,DEF,3,5,0,0
2023,794,Joe White,Newcastle,MID,4,12,0,0
2023,798,Daiki Hashioka,Luton,DEF,10,592,0,0
2023,799,Romain Faivre,Bournemouth,MID,5,37,0,0
2023,801,Giovanni Reyna,Nott'm Forest,MID,9,228,0,1
2023,803,Morgan Rogers,Aston Villa,MID,11,636,3,1
2023,804,Enes Ünal,Bournemouth,FWD,16,317,2,4
2023,805,Lorenz Assignon,Burnley,DEF,15,1235,1,2
2023,806,Maxime Esteve,Burnley,DEF,16,1310,0,0
2023,807,Adam Wharton,Crystal Palace,MID,16,1296,0,3
2023,808,Matz Sels,Nott'm Forest,GK,16,1440,0,0
2023,809,Rodrigo Duarte Ribeiro,Nott'm Forest,FWD,4,14,0,0
2023,811,Dominic Sadi,Bournemouth,MID,1,1,0,0
2023,816,Valentín Barco,Brighton,DEF,6,307,0,0
2023,823,Oliver Arblaster,Sheffield United,MID,12,942,0,0
2023,824,Jayden Danns,Liverpool,FWD,2,7,0,0
2023,828,Sam Curtis,Sheffield United,DEF,1,27,0,0
2023,829,George Earthy,West Ham,MID,3,33,1,0
2023,830,Jimi Tauriainen,Chelsea,MID,1,1,0,0
2023,836,Leon Chiwome,Wolves,FWD,3,173,0,0
2023,838,Josh Acheampong,Chelsea,DEF,1,5,0,0
2023,841,Lewis Warrington,Everton,MID,1,1,0,0
2023,845,Odeluga Offiah,Brighton,DEF,4,126,0,0
2023,850,Ethan Wheatley,Man United,FWD,3,13,0,0
2023,854,Finley Munroe,Aston Villa,DEF,1,3,0,0
2023,860,Mikey Moore,Tottenham,MID,2,3,0,0
2024,2,Gabriel Fernando de Jesus,Arsenal,FWD,17,600,3,2
2024,3,Gabriel dos Santos Magalhães,Arsenal,DEF,28,2363,3,2
2024,4,Kai Havertz,Arsenal,FWD,23,1872,9,3
2024,6,Jurriën Timber,Arsenal,DEF,30,2415,1,3
2024,7,Jorge Luiz Frello Filho,Arsenal,MID,15,701,0,0
2024,8,Jakub Kiwior,Arsenal,DEF,17,1117,1,0
2024,9,Gabriel Martinelli Silva,Arsenal,MID,33,2284,8,4
2024,10,Reiss Nelson,Arsenal,MID,1,2,0,0
2024,10,Reiss Nelson,Fulham,MID,11,481,1,1
2024,11,Eddie Nketiah,Crystal Palace,FWD,29,1018,3,2
2024,12,Ethan Nwaneri,Arsenal,MID,26,882,4,2
2024,13,Martin Ødegaard,Arsenal,MID,30,2321,3,9
2024,14,Aaron Ramsdale,Southampton,GK,30,2700,0,0
2024,15,David Raya Martin,Arsenal,GK,38,3420,0,0
2024,16,Declan Rice,Arsenal,MID,35,2823,4,7
2024,17,Bukayo Saka,Arsenal,MID,25,1724,6,11
2024,18,William Saliba,Arsenal,DEF,35,3039,2,0
2024,19,Emile Smith Rowe,Fulham,MID,34,2036,6,3
2024,20,Thomas Partey,Arsenal,MID,35,2793,4,3
2024,21,Kieran Tierney,Arsenal,DEF,13,250,1,0
2024,22,Tomiyasu Takehiro,Arsenal,DEF,1,6,0,0
2024,23,Leandro Trossard,Arsenal,MID,38,2546,8,8
2024,24,Benjamin White,Arsenal,DEF,17,1195,0,2
2024,25,Oleksandr Zinchenko,Arsenal,DEF,15,518,0,1
2024,26,Álex Moreno Lopera,Nott'm Forest,DEF,15,952,0,1
2024,27,Cameron Archer,Southampton,FWD,35,1421,2,0
2024,28,Leon Bailey,Aston Villa,MID,24,1132,1,2
2024,29,Ross Barkley,Aston Villa,MID,20,567,3,1
2024,31,Emiliano Buendía Stati,Aston Villa,MID,12,89,0,0
2024,32,Matty Cash,Aston Villa,DEF,27,2069,1,1
2024,35,Diego Carlos Santos Silva,Aston Villa,DEF,10,828,0,0
2024,36,Lucas Digne,Aston Villa,DEF,32,2348,0,5
2024,38,Jhon Durán,Aston Villa,FWD,20,622,7,0
2024,42,Boubacar Kamara,Aston Villa,MID,26,1720,1,0
2024,44,Ezri Konsa Ngoyo,Aston Villa,DEF,34,2936,2,0
2024,45,Ian Maatsen,Aston Villa,DEF,29,1125,1,2
2024,47,Emiliano Martínez Romero,Aston Villa,GK,37,3195,0,0
2024,48,John McGinn,Aston Villa,MID,34,2217,1,4
2024,49,Tyrone Mings,Aston Villa,DEF,14,1119,0,1
2024,50,Kosta Nedeljković,Aston Villa,DEF,5,121,0,0
2024,51,Robin Olsen,Aston Villa,GK,4,225,0,0
2024,52,Pau Torres,Aston Villa,DEF,24,2019,0,0
2024,53,Jacob Ramsey,Aston Villa,MID,29,1616,1,4
2024,54,Morgan Rogers,Aston Villa,MID,37,3115,8,11
2024,57,Youri Tielemans,Aston Villa,MID,36,3025,3,7
2024,58,Ollie Watkins,Aston Villa,FWD,38,2593,16,8
2024,59,Max Aarons,Bournemouth,DEF,3,84,0,0
2024,60,Tyler Adams,Bournemouth,MID,28,1959,0,3
2024,62,David Brooks,Bournemouth,MID,29,941,2,1
2024,63,Ryan Christie,Bournemouth,MID,29,2114,2,3
2024,64,Lewis Cook,Bournemouth,MID,36,2976,1,4
2024,65,Enes Ünal,Bournemouth,FWD,17,330,2,1
2024,68,James Hill,Bournemouth,DEF,10,443,0,1
2024,69,Daniel Jebbison,Bournemouth,FWD,16,105,1,0
2024,70,Milos Kerkez,Bournemouth,DEF,38,3336,2,6
2024,71,Justin Kluivert,Bournemouth,MID,34,2339,12,6
2024,73,Norberto Murara Neto,Bournemouth,GK,2,180,0,0
2024,74,Dango Ouattara,Bournemouth,MID,32,1998,7,4
2024,76,Philip Billing,Bournemouth,MID,10,176,0,0
2024,77,Alex Scott,Bournemouth,MID,20,745,0,0
2024,78,Antoine Semenyo,Bournemouth,MID,37,3202,11,7
2024,79,Marcos Senesi,Bournemouth,DEF,17,1103,0,0
2024,80,Luis Sinisterra,Bournemouth,MID,12,229,1,1
2024,81,Adam Smith,Bournemouth,DEF,25,1586,0,0
2024,82,Dominic Solanke-Mitchell,Tottenham,FWD,27,2199,9,5
2024,83,Marcus Tavernier,Bournemouth,MID,29,1932,3,7
2024,84,Mark Travers,Bournemouth,GK,5,450,0,0
2024,85,Illia Zabarnyi,Bournemouth,DEF,36,3109,0,1
2024,86,Kristoffer Ajer,Brentford,DEF,24,1433,0,0
2024,88,Nathan Collins,Brentford,DEF,38,3420,2,7
2024,89,Mikkel Damsgaard,Brentford,MID,38,2911,2,10
2024,91,Mark Flekken,Brentford,GK,37,3275,0,2
2024,92,Rico Henry,Brentford,DEF,5,94,0,0
2024,94,Vitaly Janelt,Brentford,MID,32,2251,1,3
2024,95,Mathias Jensen,Brentford,MID,24,846,0,2
2024,96,Kim Ji-soo,Brentford,DEF,3,28,0,0
2024,97,Yunus Emre Konak,Brentford,MID,10,53,0,0
2024,98,Keane Lewis-Potter,Brentford,MID,38,3092,1,5
2024,99,Bryan Mbeumo,Brentford,MID,38,3415,20,9
2024,100,Ben Mee,Brentford,DEF,7,180,0,0
2024,101,Christian Nørgaard,Brentford,MID,34,2820,5,5
2024,102,Frank Onyeka,Brentford,MID,2,23,0,0
2024,104,Ethan Pinnock,Brentford,DEF,22,1912,2,0
2024,105,Mads Roerslev Rasmussen,Brentford,DEF,19,1100,0,2
2024,106,Kevin Schade,Brentford,MID,38,2281,11,4
2024,107,Igor Thiago Nascimento Rodrigues,Brentford,FWD,8,167,0,0
2024,109,Hákon Valdimarsson,Brentford,GK,2,144,0,0
2024,110,Yoane Wissa,Brentford,FWD,35,2921,18,6
2024,111,Yehor Yarmoliuk,Brentford,MID,31,1435,0,0
2024,113,Simon Adingra,Brighton,MID,29,1081,2,3
2024,115,Carlos Baleba,Brighton,MID,34,2660,3,1
2024,117,Facundo Buonanotte,Leicester,MID,31,1508,5,2
2024,120,Lewis Dunk,Brighton,DEF,25,2081,0,1
2024,121,Julio Enciso,Brighton,MID,12,286,0,0
2024,121,Julio Enciso,Ipswich,MID,13,869,2,3
2024,122,Pervis Estupiñán,Brighton,DEF,30,2399,1,1
2024,123,Evan Ferguson,Brighton,FWD,12,217,1,0
2024,123,Evan Ferguson,West Ham,FWD,8,151,0,0
2024,124,Billy Gilmour,Brighton,MID,2,97,0,0
2024,126,Jack Hinshelwood,Brighton,MID,26,1839,5,3
2024,128,Igor Julio dos Santos de Paulo,Brighton,DEF,13,959,0,0
2024,129,João Pedro Junqueira de Jesus,Brighton,FWD,27,1946,10,6
2024,131,Tariq Lamptey,Brighton,DEF,15,856,2,2
2024,132,Solly March,Brighton,MID,8,161,0,0
2024,134,James Milner,Brighton,MID,4,170,0,0
2024,135,Yankuba Minteh,Brighton,MID,32,1831,6,5
2024,136,Mitoma Kaoru,Brighton,MID,36,2597,10,5
2024,137,Jakub Moder,Brighton,MID,4,9,0,0
2024,141,Jeremy Sarmiento Morante,Brighton,MID,1,8,0,0
2024,142,Jason Steele,Brighton,GK,2,180,0,0
2024,144,Jan Paul van Hecke,Brighton,DEF,34,2960,1,1
2024,145,Joël Veltman,Brighton,DEF,21,1694,0,0
2024,146,Bart Verbruggen,Brighton,GK,36,3240,0,1
2024,147,Adam Webster,Brighton,DEF,14,885,0,1
2024,148,Danny Welbeck,Brighton,FWD,30,2109,10,5
2024,149,Mats Wieffer,Brighton,MID,25,1003,1,5
2024,152,Kepa Arrizabalaga,Bournemouth,GK,31,2790,0,0
2024,153,Benoît Badiashile,Chelsea,DEF,5,332,0,0
2024,156,Armando Broja,Everton,FWD,10,327,0,0
2024,157,Moisés Caicedo Corozo,Chelsea,MID,38,3351,1,4
2024,159,Trevoh Chalobah,Chelsea,DEF,13,909,0,1
2024,159,Trevoh Chalobah,Crystal Palace,DEF,12,1060,3,0
2024,160,Ben Chilwell,Crystal Palace,DEF,8,254,1,0
2024,162,Levi Colwill,Chelsea,DEF,35,3150,2,1
2024,163,Marc Cucurella Saseta,Chelsea,DEF,36,2988,5,2
2024,166,Kiernan Dewsbury-Hall,Chelsea,MID,13,257,0,1
2024,167,Axel Disasi,Aston Villa,DEF,7,488,0,0
2024,167,Axel Disasi,Chelsea,DEF,6,363,1,0
2024,168,Enzo Fernández,Chelsea,MID,36,2943,6,8
2024,171,Malo Gusto,Chelsea,DEF,32,1853,0,1
2024,172,Reece James,Chelsea,DEF,19,1057,1,2
2024,174,Roméo Lavia,Chelsea,MID,16,792,0,1
2024,177,Noni Madueke,Chelsea,MID,32,2028,7,5
2024,178,Marc Guiu Paz,Chelsea,FWD,3,71,0,0
2024,179,Mykhailo Mudryk,Chelsea,MID,7,145,0,0
2024,180,Nicolas Jackson,Chelsea,FWD,30,2220,10,6
2024,181,Christopher Nkunku,Chelsea,MID,27,904,3,2
2024,182,Cole Palmer,Chelsea,MID,37,3193,15,10
2024,184,Renato Palma Veiga,Chelsea,MID,7,176,0,0
2024,185,Robert Sánchez,Chelsea,GK,32,2880,0,0
2024,186,Raheem Sterling,Arsenal,MID,17,490,0,2
2024,187,Tosin Adarabioyo,Chelsea,DEF,22,1403,1,1
2024,188,Lesley Ugochukwu,Southampton,MID,26,1652,1,1
2024,189,Wesley Fofana,Chelsea,DEF,14,1172,0,0
2024,191,Joachim Andersen,Crystal Palace,DEF,1,90,0,0
2024,191,Joachim Andersen,Fulham,DEF,29,2583,0,0
2024,192,Jordan Ayew,Crystal Palace,MID,1,20,0,0
2024,192,Jordan Ayew,Leicester,MID,30,1629,5,0
2024,193,Cheick Doucouré,Crystal Palace,MID,13,443,0,1
2024,194,Chris Richards,Crystal Palace,DEF,24,1921,1,1
2024,195,Chadi Riad Dnanou,Crystal Palace,DEF,1,90,0,0
2024,196,Nathaniel Clyne,Crystal Palace,DEF,13,477,0,0
2024,198,Odsonne Edouard,Crystal Palace,FWD,2,115,0,0
2024,198,Odsonne Edouard,Leicester,FWD,4,26,0,0
2024,199,Eberechi Eze,Crystal Palace,MID,34,2588,8,8
2024,200,Marc Guéhi,Crystal Palace,DEF,34,3059,3,2
2024,201,Dean Henderson,Crystal Palace,GK,38,3420,0,0
2024,203,Will Hughes,Crystal Palace,MID,33,2100,0,4
2024,204,Sam Johnstone,Wolves,GK,7,630,0,0
2024,205,Daichi Kamada,Crystal Palace,MID,34,1545,0,0
2024,206,Jefferson Lerma Solís,Crystal Palace,MID,33,2270,0,1
2024,207,Jean-Philippe Mateta,Crystal Palace,FWD,37,2642,14,2
2024,208,Matheus França de Oliveira,Crystal Palace,MID,4,52,1,0
2024,210,Tyrick Mitchell,Crystal Palace,DEF,37,3090,0,6
2024,211,Daniel Muñoz,Crystal Palace,DEF,37,3229,4,6
2024,214,Jeffrey Schlupp,Crystal Palace,MID,12,95,0,0
2024,215,Joel Ward,Crystal Palace,DEF,2,71,0,0
2024,216,Adam Wharton,Crystal Palace,MID,20,1314,0,2
2024,217,Abdoulaye Doucouré,Everton,MID,33,2563,3,2
2024,218,Norberto Bercique Gomes Betuncal,Everton,FWD,30,1521,8,0
2024,219,Jarrad Branthwaite,Everton,DEF,30,2509,0,1
2024,220,Dominic Calvert-Lewin,Everton,FWD,26,1602,3,2
2024,221,Séamus Coleman,Everton,DEF,5,214,0,0
2024,222,Idrissa Gueye,Everton,MID,37,3063,0,3
2024,223,James Garner,Everton,MID,21,1590,0,1
2024,224,Jack Harrison,Everton,MID,34,2068,1,3
2024,225,Mason Holgate,Everton,DEF,1,5,0,0
2024,226,Tim Iroegbunam,Everton,MID,18,562,0,1
2024,228,Michael Keane,Everton,DEF,14,1046,3,0
2024,230,Dwight McNeil,Everton,MID,21,1366,4,8
2024,231,Vitalii Mykolenko,Everton,DEF,35,3082,1,3
2024,232,Iliman Ndiaye,Everton,FWD,33,2426,9,0
2024,233,Amadou Onana,Aston Villa,MID,26,1613,3,0
2024,234,Nathan Patterson,Everton,DEF,10,342,0,1
2024,235,Jordan Pickford,Everton,GK,38,3420,0,1
2024,236,James Tarkowski,Everton,DEF,33,2922,1,1
2024,237,Youssef Ramalho Chermiti,Everton,FWD,4,42,0,0
2024,238,Ashley Young,Everton,DEF,32,1864,1,4
2024,239,Adama Traoré,Fulham,MID,36,1756,2,8
2024,240,Andreas Hoelgebaum Pereira,Fulham,MID,33,2004,2,6
2024,241,Calvin Bassey,Fulham,DEF,35,3074,1,0
2024,243,Tom Cairney,Fulham,MID,25,610,2,0
2024,244,Timothy Castagne,Fulham,DEF,24,1642,0,1
2024,245,Issa Diop,Fulham,DEF,21,1334,0,0
2024,247,Alex Iwobi,Fulham,MID,38,2981,9,6
2024,248,Bernd Leno,Fulham,GK,38,3420,0,2
2024,249,Saša Lukić,Fulham,MID,30,2348,0,2
2024,251,Rodrigo Muniz Carvalho,Fulham,FWD,31,943,8,1
2024,252,Raúl Jiménez,Fulham,FWD,38,2486,12,3
2024,254,Harrison Reed,Fulham,MID,12,100,0,0
2024,255,Antonee Robinson,Fulham,DEF,36,3166,0,10
2024,256,Jay Stansfield,Fulham,FWD,1,1,0,0
2024,257,Kenny Tete,Fulham,DEF,22,1773,0,2
2024,258,Carlos Vinícius Alves Morais,Fulham,FWD,3,13,0,0
2024,259,Harry Wilson,Fulham,MID,25,1148,6,2
2024,260,Ali Al-Hamadi,Ipswich,FWD,11,125,0,0
2024,262,Nathan Broadhead,Ipswich,MID,18,690,2,0
2024,263,Cameron Burgess,Ipswich,DEF,18,1540,0,2
2024,264,Wes Burns,Ipswich,MID,18,922,0,1
2024,265,Conor Chaplin,Ipswich,MID,22,845,1,2
2024,266,Harry Clarke,Ipswich,DEF,7,377,0,0
2024,267,Leif Davis,Ipswich,DEF,33,2742,1,2
2024,268,Liam Delap,Ipswich,FWD,37,2587,12,2
2024,269,George Edmundson,Ipswich,DEF,1,1,0,0
2024,270,Jacob Greaves,Ipswich,DEF,25,2205,1,0
2024,271,Marcus Myers-Harness,Ipswich,MID,2,43,0,0
2024,272,George Hirst,Ipswich,FWD,26,645,3,1
2024,274,Omari Giraud-Hutchinson,Ipswich,MID,31,2585,3,3
2024,275,Ben Johnson,Ipswich,DEF,23,1346,1,2
2024,277,Massimo Luongo,Ipswich,MID,11,195,0,0
2024,278,Sam Morsy,Ipswich,MID,33,2749,1,1
2024,281,Jack Taylor,Ipswich,MID,32,837,1,0
2024,282,Axel Tuanzebe,Ipswich,DEF,22,1710,0,1
2024,283,Christian Walton,Ipswich,GK,7,630,0,0
2024,284,Luke Woolfenden,Ipswich,DEF,15,1187,0,0
2024,285,Boubakary Soumaré,Leicester,MID,31,2165,0,0
2024,287,Hamza Choudhury,Leicester,MID,4,129,0,0
2024,288,Conor Coady,Leicester,DEF,22,1712,1,0
2024,289,Patson Daka,Leicester,FWD,23,717,1,0
2024,290,Bobby De Cordova-Reid,Leicester,MID,23,734,1,4
2024,291,Wout Faes,Leicester,DEF,34,2812,1,0
2024,292,Michael Golding,Leicester,MID,1,1,0,0
2024,293,Mads Hermansen,Leicester,GK,27,2385,0,0
2024,295,James Justin,Leicester,DEF,36,2912,2,2
2024,296,Victor Kristiansen,Leicester,DEF,30,2481,0,1
2024,298,Stephy Mavididi,Leicester,MID,30,1606,4,1
2024,299,Kasey McAteer,Leicester,MID,18,846,1,1
2024,300,Wilfred Ndidi,Leicester,MID,28,2325,0,5
2024,301,Caleb Okoli,Leicester,DEF,19,1122,1,0
2024,302,Ricardo Barbosa Pereira,Leicester,DEF,10,382,0,0
2024,304,Jakub Stolarczyk,Leicester,GK,10,900,0,0
2024,305,Luke Thomas,Leicester,DEF,14,1109,0,0
2024,306,Jamie Vardy,Leicester,FWD,35,2825,9,5
2024,307,Jannik Vestergaard,Leicester,DEF,18,1390,0,0
2024,308,Danny Ward,Leicester,GK,2,135,0,0
2024,309,Harry Winks,Leicester,MID,22,1536,0,2
2024,310,Alisson Ramses Becker,Liverpool,GK,28,2508,0,0
2024,311,Trent Alexander-Arnold,Liverpool,DEF,33,2362,3,7
2024,313,Conor Bradley,Liverpool,DEF,19,744,0,2
2024,314,Fábio Freitas Gouveia Carvalho,Brentford,MID,19,443,2,1
2024,316,Darwin Núñez Ribeiro,Liverpool,FWD,30,1113,5,3
2024,317,Diogo Teixeira da Silva,Liverpool,MID,26,1182,6,4
2024,319,Harvey Elliott,Liverpool,MID,18,359,1,2
2024,320,Endo Wataru,Liverpool,MID,20,259,0,0
2024,321,Cody Gakpo,Liverpool,FWD,35,1921,10,5
2024,322,Joe Gomez,Liverpool,DEF,9,517,0,0
2024,323,Ryan Gravenberch,Liverpool,MID,37,3160,0,4
2024,324,Curtis Jones,Liverpool,MID,33,1702,3,5
2024,325,Caoimhin Kelleher,Liverpool,GK,10,900,0,0
2024,326,Ibrahima Konaté,Liverpool,DEF,31,2561,1,2
2024,327,Luis Díaz,Liverpool,MID,36,2393,13,7
2024,328,Mohamed Salah,Liverpool,MID,38,3374,29,18
2024,329,Alexis Mac Allister,Liverpool,MID,35,2597,5,6
2024,333,Jarell Quansah,Liverpool,DEF,13,488,0,0
2024,335,Andrew Robertson,Liverpool,DEF,33,2479,0,1
2024,336,Dominik Szoboszlai,Liverpool,MID,36,2485,6,10
2024,337,Konstantinos Tsimikas,Liverpool,DEF,18,829,0,1
2024,338,Sepp van den Berg,Brentford,DEF,31,2584,0,1
2024,339,Virgil van Dijk,Liverpool,DEF,37,3330,3,1
2024,340,Manuel Akanji,Man City,DEF,26,2012,0,0
2024,341,Nathan Aké,Man City,DEF,10,677,0,0
2024,342,Bernardo Veiga de Carvalho e Silva,Man City,MID,33,2667,4,4
2024,343,Oscar Bobb,Man City,MID,3,14,0,0
2024,345,Kevin De Bruyne,Man City,MID,28,1694,4,9
2024,346,Jérémy Doku,Man City,MID,29,1506,3,6
2024,347,Ederson Santana de Moraes,Man City,GK,26,2320,0,4
2024,348,Phil Foden,Man City,MID,28,1771,7,3
2024,349,Jack Grealish,Man City,MID,20,710,1,1
2024,350,Joško Gvardiol,Man City,DEF,37,3278,5,0
2024,351,Erling Haaland,Man City,FWD,31,2736,22,3
2024,354,Mateo Kovačić,Man City,MID,31,2194,6,3
2024,355,Rico Lewis,Man City,DEF,28,1888,1,2
2024,356,Matheus Luiz Nunes,Man City,MID,26,1670,1,7
2024,357,James McAtee,Man City,MID,15,340,3,0
2024,358,Stefan Ortega Moreno,Man City,GK,13,1099,0,0
2024,359,Kalvin Phillips,Ipswich,MID,19,1231,0,0
2024,360,Rodrigo 'Rodri' Hernandez,Man City,MID,3,72,0,0
2024,361,Rúben Gato Alves Dias,Man City,DEF,27,2269,0,0
2024,362,John Stones,Man City,DEF,11,544,2,0
2024,363,Kyle Walker,Man City,DEF,15,966,0,0
2024,364,Amad Diallo,Man United,MID,26,1898,8,8
2024,365,Antony Matheus dos Santos,Man United,MID,8,135,0,0
2024,366,Bruno Borges Fernandes,Man United,MID,36,3017,8,12
2024,367,Altay Bayindir,Man United,GK,4,360,0,0
2024,368,Carlos Henrique Casimiro,Man United,MID,24,1489,1,0
2024,369,Diogo Dalot Teixeira,Man United,DEF,33,2812,0,4
2024,370,Christian Eriksen,Man United,MID,23,1052,1,2
2024,371,Jonny Evans,Man United,DEF,7,312,0,0
2024,372,Alejandro Garnacho,Man United,MID,36,2188,6,4
2024,375,Rasmus Højlund,Man United,FWD,32,1998,4,1
2024,376,Victor Lindelöf,Man United,DEF,16,695,0,0
2024,377,Harry Maguire,Man United,DEF,27,1751,1,0
2024,378,Kobbie Mainoo,Man United,MID,25,1646,0,0
2024,379,Tyrell Malacia,Man United,DEF,3,99,0,0
2024,380,Lisandro Martínez,Man United,DEF,20,1751,2,1
2024,381,Scott McTominay,Man United,MID,2,17,0,0
2024,382,Mason Mount,Man United,MID,17,613,1,0
2024,383,André Onana,Man United,GK,34,3060,0,0
2024,385,Marcus Rashford,Aston Villa,MID,10,439,2,3
2024,385,Marcus Rashford,Man United,MID,15,975,4,1
2024,386,Jadon Sancho,Chelsea,MID,31,1754,3,5
2024,387,Luke Shaw,Man United,DEF,7,346,0,0
2024,388,Aaron Wan-Bissaka,West Ham,DEF,36,3154,2,6
2024,389,Joshua Zirkzee,Man United,FWD,32,1385,3,2
2024,391,Miguel Almirón Rejala,Newcastle,MID,9,150,0,0
2024,392,Harvey Barnes,Newcastle,MID,33,1746,9,5
2024,393,Sven Botman,Newcastle,DEF,8,412,0,0
2024,394,Bruno Guimarães Rodriguez Moura,Newcastle,MID,38,3273,5,6
2024,395,Dan Burn,Newcastle,DEF,37,3330,1,1
2024,396,Martin Dúbravka,Newcastle,GK,10,900,0,0
2024,397,Ryan Fraser,Southampton,MID,8,303,0,0
2024,398,Anthony Gordon,Newcastle,MID,34,2428,6,6
2024,399,Lewis Hall,Newcastle,DEF,27,2188,0,7
2024,401,Alexander Isak,Newcastle,FWD,34,2758,23,6
2024,402,Jacob Murphy,Newcastle,MID,35,2356,8,13
2024,403,Joelinton Cássio Apolinário de Lira,Newcastle,MID,29,2394,4,4
2024,404,Lloyd Kelly,Newcastle,DEF,10,299,0,1
2024,405,Emil Krafth,Newcastle,DEF,12,334,0,0
2024,409,Tino Livramento,Newcastle,DEF,37,2835,0,1
2024,410,Sean Longstaff,Newcastle,MID,25,783,0,1
2024,411,Lewis Miley,Newcastle,MID,14,304,1,0
2024,413,Nick Pope,Newcastle,GK,28,2520,0,0
2024,415,Fabian Schär,Newcastle,DEF,34,2935,4,2
2024,416,Matt Targett,Newcastle,DEF,2,20,0,0
2024,417,Sandro Tonali,Newcastle,MID,36,2625,4,2
2024,418,Kieran Trippier,Newcastle,DEF,25,1299,0,3
2024,420,Joe Willock,Newcastle,MID,32,1065,0,2
2024,421,Callum Wilson,Newcastle,FWD,18,355,0,0
2024,422,Ola Aina,Nott'm Forest,DEF,35,2996,2,1
2024,423,Elliot Anderson,Nott'm Forest,MID,37,2726,2,6
2024,424,Taiwo Awoniyi,Nott'm Forest,FWD,26,398,1,0
2024,425,Willy Boly,Nott'm Forest,DEF,6,146,0,0
2024,428,Eric da Silva Moreira,Nott'm Forest,MID,2,28,0,0
2024,429,Danilo dos Santos de Oliveira,Nott'm Forest,MID,8,270,0,0
2024,431,Nicolás Domínguez,Nott'm Forest,MID,34,1954,0,1
2024,432,Anthony Elanga,Nott'm Forest,MID,38,2496,6,11
2024,433,Morgan Gibbs-White,Nott'm Forest,MID,34,2806,7,11
2024,434,Callum Hudson-Odoi,Nott'm Forest,MID,31,2190,5,3
2024,436,Murillo Santiago Costa dos Santos,Nott'm Forest,DEF,36,3188,2,0
2024,437,Neco Williams,Nott'm Forest,DEF,35,2588,1,3
2024,442,Ibrahim Sangaré,Nott'm Forest,MID,13,584,0,1
2024,443,Matz Sels,Nott'm Forest,GK,38,3420,0,1
2024,444,Harry Toffolo,Nott'm Forest,DEF,4,135,0,0
2024,447,Chris Wood,Nott'm Forest,FWD,36,2958,20,3
2024,449,Ryan Yates,Nott'm Forest,MID,35,1901,2,2
2024,450,Carlos Alcaraz Durán,Everton,MID,15,757,2,3
2024,450,Carlos Alcaraz Durán,Southampton,MID,1,9,0,0
2024,451,Samuel Amo-Ameyaw,Southampton,MID,2,26,0,0
2024,452,Joe Aribo,Southampton,MID,32,2007,3,0
2024,453,Adam Armstrong,Southampton,FWD,20,1246,2,3
2024,455,Jan Bednarek,Southampton,DEF,30,2531,2,0
2024,456,Armel Bella-Kotchap,Southampton,DEF,4,329,0,0
2024,457,James Bree,Southampton,DEF,17,1070,0,1
2024,459,Samuel Edozie,Southampton,MID,2,64,0,0
2024,460,Ronnie Edwards,Southampton,DEF,1,12,0,0
2024,461,Taylor Harwood-Bellis,Southampton,DEF,34,2824,1,0
2024,462,Kamaldeen Sulemana,Southampton,MID,26,1394,1,2
2024,463,Adam Lallana,Southampton,MID,14,352,0,2
2024,466,Joe Lumley,Southampton,GK,3,270,0,0
2024,467,Ryan Manning,Southampton,DEF,24,1458,0,2
2024,469,Alex McCarthy,Southampton,GK,5,450,0,0
2024,470,Paul Onuachu,Southampton,FWD,25,1038,4,1
2024,471,Will Smallbone,Southampton,MID,18,679,1,0
2024,472,Jack Stephens,Southampton,DEF,19,1389,1,0
2024,473,Ross Stewart,Southampton,FWD,12,382,1,0
2024,474,Sugawara Yukinari,Southampton,DEF,30,1548,1,1
2024,475,Charlie Taylor,Southampton,DEF,8,353,0,0
2024,476,Kyle Walker-Peters,Southampton,DEF,33,2918,0,3
2024,477,Nathan Wood-Gordon,Southampton,DEF,11,771,0,0
2024,479,Brandon Austin,Tottenham,GK,1,90,0,0
2024,480,Rodrigo Bentancur,Tottenham,MID,26,1640,2,0
2024,481,Lucas Bergvall,Tottenham,MID,27,1200,0,2
2024,482,Yves Bissouma,Tottenham,MID,28,1396,2,0
2024,484,Ben Davies,Tottenham,DEF,17,1329,0,0
2024,486,Radu Drăgușin,Tottenham,DEF,16,1250,0,0
2024,488,Fraser Forster,Tottenham,GK,7,630,0,0
2024,489,Archie Gray,Tottenham,MID,28,1750,0,0
2024,491,Brennan Johnson,Tottenham,MID,33,2171,11,6
2024,492,Dejan Kulusevski,Tottenham,MID,32,2386,7,4
2024,494,James Maddison,Tottenham,MID,31,1799,9,8
2024,495,Pedro Porro,Tottenham,DEF,33,2606,2,6
2024,496,Sergio Reguilón,Tottenham,DEF,4,194,0,0
2024,497,Richarlison de Andrade,Tottenham,FWD,15,497,4,1
2024,498,Cristian Romero,Tottenham,DEF,18,1416,1,1
2024,499,Pape Matar Sarr,Tottenham,MID,36,1901,3,2
2024,500,Dane Scarlett,Tottenham,FWD,3,31,0,1
2024,501,Oliver Skipp,Leicester,MID,24,1118,0,0
2024,503,Son Heung-min,Tottenham,MID,30,2106,7,10
2024,504,Djed Spence,Tottenham,DEF,25,1790,1,2
2024,505,Destiny Udogie,Tottenham,DEF,25,1923,0,1
2024,506,Micky van de Ven,Tottenham,DEF,13,1014,0,2
2024,508,Guglielmo Vicario,Tottenham,GK,24,2160,0,0
2024,509,Timo Werner,Tottenham,MID,18,504,0,3
2024,511,Edson Álvarez Velázquez,West Ham,MID,28,1769,0,1
2024,512,Michail Antonio,West Ham,FWD,14,834,1,4
2024,513,Alphonse Areola,West Ham,GK,26,2259,0,0
2024,514,Jarrod Bowen,West Ham,MID,34,2974,13,11
2024,515,Maxwel Cornet,Southampton,MID,2,71,0,0
2024,516,Vladimír Coufal,West Ham,DEF,22,1056,0,0
2024,517,Aaron Cresswell,West Ham,DEF,18,818,0,0
2024,518,Flynn Downes,Southampton,MID,27,2149,1,0
2024,520,Emerson Palmieri dos Santos,West Ham,DEF,31,2108,2,1
2024,521,Łukasz Fabiański,West Ham,GK,14,1160,0,0
2024,523,Danny Ings,West Ham,FWD,15,270,1,3
2024,524,Max Kilman,West Ham,DEF,38,3348,0,1
2024,525,Mohammed Kudus,West Ham,MID,32,2589,5,4
2024,526,Luis Guilherme Lira dos Santos,West Ham,MID,12,139,0,0
2024,527,Lucas Tolentino Coelho de Lima,West Ham,MID,33,2374,4,1
2024,528,Konstantinos Mavropanos,West Ham,DEF,33,2035,0,0
2024,530,Tomáš Souček,West Ham,MID,35,2563,9,2
2024,531,James Ward-Prowse,Nott'm Forest,MID,9,396,0,1
2024,531,James Ward-Prowse,West Ham,MID,15,1037,1,1
2024,533,Rayan Aït-Nouri,Wolves,DEF,37,3112,4,7
2024,534,Boubacar Traoré,Wolves,MID,1,1,0,0
2024,535,Jean-Ricner Bellegarde,Wolves,MID,35,1666,2,7
2024,536,Daniel Bentley,Wolves,GK,2,180,0,0
2024,537,Francisco Jorge Tomás Oliveira,Wolves,MID,1,6,0,0
2024,541,Matheus Santos Carneiro Da Cunha,Wolves,FWD,33,2596,15,7
2024,542,Craig Dawson,Wolves,DEF,15,969,0,1
2024,543,Matt Doherty,Wolves,DEF,30,2105,2,1
2024,544,Tommy Doyle,Wolves,MID,24,474,0,1
2024,548,Gonçalo Manuel Ganchinho Guedes,Wolves,MID,29,979,2,4
2024,550,Hwang Hee-chan,Wolves,MID,21,646,2,1
2024,553,João Victor Gomes da Silva,Wolves,MID,36,2975,3,1
2024,554,José Malheiro de Sá,Wolves,GK,29,2610,0,0
2024,556,Tom King,Wolves,GK,1,1,0,0
2024,557,Mario Lemina,Wolves,MID,17,1363,1,3
2024,558,Yerson Mosquera,Wolves,DEF,5,441,0,0
2024,559,Nélson Cabral Semedo,Wolves,DEF,34,2889,0,4
2024,560,Pedro Lomba Neto,Chelsea,MID,35,2262,4,6
2024,561,Pedro Cardoso de Lima,Wolves,DEF,3,69,0,0
2024,562,Daniel Castelo Podence,Wolves,MID,2,46,0,0
2024,563,Rodrigo Martins Gomes,Wolves,MID,25,794,2,0
2024,564,Santiago Bueno,Wolves,DEF,29,1678,0,0
2024,565,Pablo Sarabia,Wolves,MID,23,800,3,2
2024,566,Jørgen Strand Larsen,Wolves,FWD,35,2587,14,4
2024,567,Toti António Gomes,Wolves,DEF,31,2613,0,1
2024,568,Arijanet Muric,Ipswich,GK,18,1620,0,0
2024,569,Jaden Philogene,Aston Villa,MID,11,325,0,0
2024,569,Jaden Philogene,Ipswich,MID,10,471,2,0
2024,570,Abdul Fatawu,Leicester,MID,11,576,0,2
2024,571,Sávio 'Savinho' Moreira de Oliveira,Man City,MID,29,1760,1,11
2024,572,Leny Yoro,Man United,DEF,21,1160,0,0
2024,573,Nikola Milenković,Nott'm Forest,DEF,37,3330,5,2
2024,576,Andy Irving,West Ham,MID,10,161,0,0
2024,577,Jesper Lindstrøm,Everton,MID,25,1229,0,1
2024,578,Riccardo Calafiori,Arsenal,DEF,19,978,2,1
2024,579,Ryan Sessegnon,Fulham,DEF,16,574,4,2
2024,580,Dean Huijsen,Bournemouth,DEF,32,2422,3,2
2024,581,Filip Jørgensen,Chelsea,GK,6,540,0,0
2024,582,Jake O'Brien,Everton,DEF,20,1568,2,0
2024,583,Conor Townsend,Ipswich,DEF,6,334,0,1
2024,584,Ben Brereton Díaz,Southampton,MID,10,446,0,0
2024,585,Ismaïla Sarr,Crystal Palace,MID,38,2708,8,7
2024,586,Jorge Cuenca Barreno,Fulham,DEF,8,349,0,0
2024,587,Crysencio Summerville,West Ham,MID,19,776,1,1
2024,588,Guido Rodríguez,West Ham,MID,23,1147,0,1
2024,589,Niclas Füllkrug,West Ham,FWD,18,783,3,2
2024,590,William Osula,Newcastle,FWD,14,124,1,0
2024,591,Jean-Clair Todibo,West Ham,DEF,27,1824,0,0
2024,592,Julián Araujo Zúñiga,Bournemouth,DEF,12,492,0,0
2024,593,Matthijs de Ligt,Man United,DEF,29,2119,2,0
2024,594,Noussair Mazraoui,Man United,DEF,37,2836,0,1
2024,595,Brajan Gruda,Brighton,MID,21,676,1,4
2024,596,João Pedro Ferreira Silva,Nott'm Forest,MID,31,835,3,2
2024,597,Myles Lewis-Skelly,Arsenal,MID,23,1362,1,0
2024,598,Lamare Bogarde,Aston Villa,DEF,8,473,0,0
2024,600,Yasin Ayari,Brighton,MID,34,1958,2,1
2024,602,Ryan Trevitt,Brentford,MID,1,3,0,0
2024,603,Harrison Armstrong,Everton,MID,3,47,0,0
2024,604,Josh King,Fulham,MID,8,126,0,0
2024,605,Martial Godo,Fulham,MID,2,21,0,0
2024,606,Will Alves,Leicester,MID,1,1,0,0
2024,607,Nico O'Reilly,Man City,MID,9,525,2,0
2024,608,Tyler Dibling,Southampton,MID,33,1863,2,2
2024,609,Will Lankshear,Tottenham,FWD,3,10,0,0
2024,610,Mikey Moore,Tottenham,MID,10,359,0,2
2024,611,Sam Szmodics,Ipswich,MID,20,988,4,0
2024,612,Wilson Odobert,Tottenham,MID,16,843,1,0
2024,613,Toby Collyer,Man United,MID,6,174,0,0
2024,617,Francisco Evanilson de Lima Barbosa,Bournemouth,FWD,31,2317,10,5
2024,618,Georginio Rutter,Brighton,MID,28,1651,5,6
2024,619,Jens Cajuste,Ipswich,MID,30,1960,1,1
2024,620,Ramón Sosa,Nott'm Forest,MID,19,280,1,0
2024,621,João Félix Sequeira,Chelsea,MID,12,362,1,2
2024,622,Sander Berge,Fulham,MID,31,2221,0,0
2024,623,Mateus Gonçalo Espanha Fernandes,Southampton,MID,36,2911,2,4
2024,625,Ilkay Gündogan,Man City,MID,33,2218,1,7
2024,627,Roman Dixon,Everton,DEF,1,90,0,0
2024,628,Ferdi Kadioglu,Brighton,DEF,6,385,1,0
2024,629,Matt O'Riley,Brighton,MID,21,929,2,3
2024,630,Dara O'Shea,Ipswich,DEF,35,3122,0,2
2024,631,Jack Clarke,Ipswich,MID,32,1161,0,4
2024,632,Chiedozie Ogbene,Ipswich,MID,5,237,0,0
2024,633,Mikel Merino,Arsenal,MID,28,1575,7,2
2024,634,Gustavo Nunes Fernandes Gomes,Brentford,MID,3,11,0,0
2024,635,Bilal El Khannouss,Leicester,MID,32,2179,2,4
2024,636,Federico Chiesa,Liverpool,MID,6,103,0,0
2024,642,André Trindade da Costa Neto,Wolves,MID,33,2472,0,0
2024,643,Kaelan Casey,West Ham,DEF,1,1,0,0
2024,645,Justin Devenny,Crystal Palace,MID,23,494,1,1
2024,646,Asher Agbinone,Crystal Palace,MID,2,4,0,0
2024,649,Jayden Meghoma,Brentford,DEF,1,4,0,0
2024,650,Maxence Lacroix,Crystal Palace,DEF,35,3116,1,2
2024,651,Orel Mangala,Everton,MID,19,1257,1,0
2024,652,Manuel Ugarte,Man United,MID,29,1777,1,2
2024,653,Felipe Rodrigues da Silva,Nott'm Forest,DEF,26,891,0,0
2024,654,Carlos Soler,West Ham,MID,31,1394,1,1
2024,655,Carlos Roberto Forbs Borges,Wolves,MID,10,236,0,0
2024,658,Ayden Heaven,Man United,DEF,4,169,0,0
2024,660,Vítezslav Jaros,Liverpool,GK,1,11,0,0
2024,664,Alfie Pond,Wolves,DEF,1,1,0,0
2024,665,Nathan Butler-Oyedeji,Arsenal,FWD,1,6,0,0
2024,666,Caleb Kporha,Crystal Palace,DEF,2,11,0,0
2024,670,Harry Amass,Man United,DEF,5,345,0,0
2024,672,Jahmai Simpson-Pusey,Man City,DEF,2,95,0,0
2024,674,Paris Maghoma,Brentford,MID,8,112,0,0
2024,677,Ollie Scarles,West Ham,DEF,15,659,0,0
2024,687,Ben Winterburn,Bournemouth,MID,4,22,0,0
2024,696,Tyrique George,Chelsea,MID,8,177,1,1
2024,697,Josh Acheampong,Chelsea,DEF,4,168,0,0
2024,698,Divin Mubama,Man City,FWD,1,27,0,0
2024,699,Alfie Dorrington,Tottenham,DEF,1,13,0,0
2024,701,Lewis Orford,West Ham,MID,2,47,0,0
2024,707,Remy Rees-Dottin,Bournemouth,FWD,1,1,0,0
2024,709,Jayden Danns,Liverpool,FWD,1,10,0,0
2024,713,Julio Soler,Bournemouth,DEF,3,9,0,0
2024,714,Diego Gómez,Brighton,MID,16,507,1,1
2024,715,Ben Godfrey,Ipswich,DEF,3,158,0,0
2024,716,Antonín Kinsky,Tottenham,GK,6,540,0,0
2024,718,Welington Damascena Santos,Southampton,DEF,10,478,0,0
2024,719,Joachim Kayi-Sanda,Southampton,DEF,2,12,0,0
2024,720,Emmanuel Agbadou,Wolves,DEF,16,1410,1,0
2024,725,Donyell Malen,Aston Villa,MID,14,296,3,0
2024,726,Woyo Coulibaly,Leicester,DEF,4,107,0,0
2024,728,Zain Silcott-Duberry,Bournemouth,MID,1,1,0,0
2024,730,Romain Esse,Crystal Palace,MID,7,138,1,2
2024,731,Andrés García,Aston Villa,DEF,7,316,0,0
2024,732,Abdukodir Khusanov,Man City,DEF,6,503,0,0
2024,733,Vitor de Oliveira Nunes dos Reis,Man City,DEF,1,1,0,0
2024,734,Albert Grønbæk,Southampton,MID,4,141,0,0
2024,755,Omar Marmoush,Man City,FWD,16,1174,7,1
2024,757,Michael Kayode,Brentford,DEF,12,523,0,1
2024,762,Marco Asensio,Aston Villa,MID,13,740,3,2
2024,763,Eiran Cashin,Brighton,DEF,2,19,0,0
2024,764,Alex Palmer,Ipswich,GK,13,1170,0,0
2024,765,Nico González,Man City,MID,11,760,1,1
2024,766,Patrick Dorgu,Man United,DEF,12,840,0,0
2024,767,Kevin Danso,Tottenham,DEF,10,842,0,0
2024,768,Mathys Tel,Tottenham,MID,13,908,2,2
2024,769,Nasser Djiga,Wolves,DEF,5,65,0,0
2024,770,Marshall Munetsi,Wolves,MID,14,1077,2,2
2024,771,Mathis Amougou,Chelsea,MID,1,7,0,0
2024,772,Willian Borges da Silva,Fulham,MID,10,251,0,0
2024,776,Chido Obi-Martin,Man United,FWD,7,160,0,0
2024,777,Tyler Fredricson,Man United,DEF,2,166,0,0
2024,781,Shumaira Mheuka,Chelsea,FWD,1,1,0,0
2024,784,Mateus Mané,Wolves,FWD,1,1,0,0
2024,785,Claudio Echeverri,Man City,MID,1,5,0,0
2024,792,Jeremy Monga,Leicester,MID,7,105,0,0
2024,795,Harry Howell,Brighton,MID,1,6,0,0
2024,796,Olabade Aluko,Leicester,DEF,1,1,0,0
2024,797,Jake Evans,Leicester,MID,4,21,0,0
2024,798,Jay Robinson,Southampton,FWD,4,134,0,0
2025,1,David Raya Martín,Arsenal,GK,37,3330,0,0
2025,2,Kepa Arrizabalaga Revuelta,Arsenal,GK,1,90,0,0
2025,5,Gabriel dos Santos Magalhães,Arsenal,DEF,32,2750,3,5
2025,6,William Saliba,Arsenal,DEF,31,2614,1,0
2025,7,Riccardo Calafiori,Arsenal,DEF,26,1697,1,2
2025,8,Jurriën Timber,Arsenal,DEF,30,2452,3,6
2025,10,Myles Lewis-Skelly,Arsenal,DEF,20,697,0,0
2025,11,Benjamin White,Arsenal,DEF,12,699,0,1
2025,12,Oleksandr Zinchenko,Nott'm Forest,DEF,5,352,0,0
2025,16,Bukayo Saka,Arsenal,MID,31,2218,7,10
2025,17,Martin Ødegaard,Arsenal,MID,24,1363,1,7
2025,18,Noni Madueke,Arsenal,MID,26,1205,3,1
2025,19,Gabriel Martinelli Silva,Arsenal,MID,30,1065,1,5
2025,20,Leandro Trossard,Arsenal,MID,31,1997,6,6
2025,21,Declan Rice,Arsenal,MID,36,3093,4,9
2025,22,Mikel Merino Zazón,Arsenal,MID,22,1024,4,3
2025,24,Christian Nørgaard,Arsenal,MID,7,101,0,0
2025,25,Ethan Nwaneri,Arsenal,MID,6,165,0,0
2025,26,Martín Zubimendi Ibáñez,Arsenal,MID,38,2991,5,1
2025,27,Reiss Nelson,Brentford,MID,10,118,0,1
2025,30,Kai Havertz,Arsenal,FWD,12,577,2,3
2025,31,Gabriel Fernando de Jesus,Arsenal,FWD,14,418,3,0
2025,32,Emiliano Martínez Romero,Aston Villa,GK,32,2835,0,1
2025,33,Marco Bizot,Aston Villa,GK,7,585,0,0
2025,36,Matty Cash,Aston Villa,DEF,35,3016,3,3
2025,37,Lucas Digne,Aston Villa,DEF,31,1842,0,7
2025,38,Ezri Konsa Ngoyo,Aston Villa,DEF,34,3035,0,1
2025,39,Ian Maatsen,Aston Villa,DEF,30,1590,0,1
2025,40,Tyrone Mings,Aston Villa,DEF,17,1322,0,1
2025,41,Pau Torres,Aston Villa,DEF,21,1673,0,2
2025,42,Andrés García,Aston Villa,DEF,6,83,0,0
2025,44,Lamare Bogarde,Aston Villa,DEF,28,1042,0,0
2025,47,Morgan Rogers,Aston Villa,MID,37,3280,10,8
2025,48,Youri Tielemans,Aston Villa,MID,25,1857,0,4
2025,49,Leon Bailey,Aston Villa,MID,13,450,0,2
2025,50,Emiliano Buendía Stati,Aston Villa,MID,36,1753,6,2
2025,52,Jacob Ramsey,Newcastle,MID,28,1441,2,3
2025,53,Donyell Malen,Aston Villa,MID,21,640,4,2
2025,54,John McGinn,Aston Villa,MID,30,2136,5,4
2025,55,Ross Barkley,Aston Villa,MID,21,844,3,2
2025,58,Boubacar Kamara,Aston Villa,MID,18,1410,1,3
2025,59,Amadou Onana,Aston Villa,MID,25,1755,2,0
2025,62,Jamaldeen Jimoh-Aloba,Aston Villa,MID,1,8,0,0
2025,64,Ollie Watkins,Aston Villa,FWD,37,2833,16,4
2025,67,Đorđe Petrović,Bournemouth,GK,38,3420,0,0
2025,72,Marcos Senesi Barón,Bournemouth,DEF,37,3288,0,6
2025,73,Adam Smith,Bournemouth,DEF,22,1073,0,2
2025,74,Adrien Truffert,Bournemouth,DEF,38,3378,1,6
2025,77,James Hill,Bournemouth,DEF,29,2102,0,3
2025,80,Julio Soler Barreto,Bournemouth,DEF,3,34,0,0
2025,81,Justin Kluivert,Bournemouth,MID,20,945,2,0
2025,82,Antoine Semenyo,Bournemouth,MID,20,1800,10,5
2025,82,Antoine Semenyo,Man City,MID,17,1400,7,1
2025,83,Dango Ouattara,Brentford,MID,32,2271,7,8
2025,84,Marcus Tavernier,Bournemouth,MID,34,2732,7,4
2025,85,Tyler Adams,Bournemouth,MID,25,1769,2,2
2025,86,David Brooks,Bournemouth,MID,31,1188,1,3
2025,87,Ryan Christie,Bournemouth,MID,26,978,2,1
2025,88,Lewis Cook,Bournemouth,MID,18,872,0,1
2025,90,Alex Scott,Bournemouth,MID,37,2848,3,2
2025,93,Hamed Traorè,Bournemouth,MID,1,16,0,1
2025,96,Ben Winterburn,Bournemouth,MID,1,6,0,0
2025,97,Francisco Evanilson de Lima Barbosa,Bournemouth,FWD,36,2741,6,7
2025,98,Enes Ünal,Bournemouth,FWD,23,214,1,0
2025,100,Junior Kroupi,Bournemouth,FWD,33,1663,13,0
2025,101,Caoimhín Kelleher,Brentford,GK,37,3330,0,0
2025,105,Hákon Rafn Valdimarsson,Brentford,GK,1,90,0,0
2025,106,Nathan Collins,Brentford,DEF,35,2971,1,2
2025,107,Keane Lewis-Potter,Brentford,DEF,36,1960,3,4
2025,108,Kristoffer Ajer,Brentford,DEF,27,1805,0,2
2025,109,Rico Henry,Brentford,DEF,25,1322,0,2
2025,110,Michael Kayode,Brentford,DEF,37,3258,1,2
2025,111,Ethan Pinnock,Brentford,DEF,4,318,0,0
2025,113,Sepp van den Berg,Brentford,DEF,32,2761,0,3
2025,116,Aaron Hickey,Brentford,DEF,21,679,0,0
2025,119,Bryan Mbeumo,Man United,MID,33,2611,11,3
2025,120,Kevin Schade,Brentford,MID,35,2744,8,5
2025,121,Mikkel Damsgaard,Brentford,MID,33,2046,4,4
2025,122,Antoni Milambo,Brentford,MID,1,45,0,0
2025,123,Fábio Freitas Gouveia Carvalho,Brentford,MID,6,100,1,0
2025,124,Jordan Henderson,Brentford,MID,32,1911,1,3
2025,125,Vitaly Janelt,Brentford,MID,25,1434,1,4
2025,126,Mathias Jensen,Brentford,MID,36,2239,3,2
2025,128,Frank Onyeka,Brentford,MID,6,88,0,2
2025,129,Yehor Yarmoliuk,Brentford,MID,37,2652,1,3
2025,130,Romelle Donovan,Brentford,MID,4,38,0,0
2025,133,Myles Peart-Harris,Brentford,MID,1,1,0,0
2025,135,Yoane Wissa,Newcastle,FWD,19,517,1,1
2025,136,Igor Thiago Nascimento Rodrigues,Brentford,FWD,38,3282,22,1
2025,139,Bart Verbruggen,Brighton,GK,38,3420,0,0
2025,143,Olivier Boscagli,Brighton,DEF,12,799,0,1
2025,144,Diego Coppola,Brighton,DEF,5,193,0,0
2025,145,Maxim De Cuyper,Brighton,DEF,30,1404,2,3
2025,146,Lewis Dunk,Brighton,DEF,33,2837,1,1
2025,148,Ferdi Kadıoğlu,Brighton,DEF,37,3130,1,2
2025,149,Igor Julio dos Santos de Paulo,West Ham,DEF,4,103,0,0
2025,151,Jan Paul van Hecke,Brighton,DEF,36,3210,3,3
2025,152,Joël Veltman,Brighton,DEF,24,1047,1,0
2025,157,Mitoma Kaoru,Brighton,MID,25,1714,3,1
2025,158,Georginio Rutter,Brighton,MID,32,1776,3,5
2025,159,Solly March,Brighton,MID,4,38,0,0
2025,160,Yankuba Minteh,Brighton,MID,34,2389,3,8
2025,162,Brajan Gruda,Brighton,MID,18,708,1,1
2025,163,Jack Hinshelwood,Brighton,MID,27,1736,4,5
2025,164,Matt O'Riley,Brighton,MID,6,202,1,0
2025,166,Yasin Ayari,Brighton,MID,29,1921,3,4
2025,167,Carlos Baleba,Brighton,MID,31,1646,0,0
2025,168,Facundo Buonanotte,Chelsea,MID,1,45,0,0
2025,168,Facundo Buonanotte,Leeds,MID,3,36,0,0
2025,169,Diego Gómez Amarilla,Brighton,MID,32,2117,5,1
2025,170,James Milner,Brighton,MID,20,772,1,1
2025,172,Tom Watson,Brighton,MID,6,57,0,0
2025,173,Mats Wieffer,Brighton,MID,26,1901,2,4
2025,175,Joe Knight,Brighton,MID,1,1,0,0
2025,178,Danny Welbeck,Brighton,FWD,37,2249,13,1
2025,180,Stefanos Tzimas,Brighton,FWD,9,132,1,1
2025,181,Charalampos Kostoulas,Brighton,FWD,21,351,2,1
2025,182,James Trafford,Man City,GK,4,360,0,0
2025,183,Max Weiß,Burnley,GK,3,270,0,0
2025,187,Kyle Walker,Burnley,DEF,36,3095,0,2
2025,190,Hjalmar Ekdal,Burnley,DEF,19,1539,0,0
2025,191,Maxime Estève,Burnley,DEF,34,2933,0,0
2025,192,Quilindschy Hartman,Burnley,DEF,21,1825,0,6
2025,193,Bashir Humphreys,Burnley,DEF,20,1574,0,2
2025,195,Lucas Pires Silva,Burnley,DEF,20,1405,0,0
2025,197,Oliver Sonne,Burnley,DEF,7,164,1,0
2025,198,Axel Tuanzebe,Burnley,DEF,14,1201,1,0
2025,199,Joe Worrall,Burnley,DEF,11,496,0,0
2025,200,Jaidon Anthony,Burnley,MID,37,2717,8,4
2025,202,Jacob Bruun Larsen,Burnley,MID,28,1014,0,1
2025,205,Josh Cullen,Burnley,MID,18,1513,2,2
2025,206,Marcus Edwards,Burnley,MID,23,1058,1,3
2025,207,Hannibal Mejbri,Burnley,MID,27,1219,1,5
2025,209,Josh Laurent,Burnley,MID,33,1752,1,0
2025,210,Loum Tchaouna,Burnley,MID,29,1259,2,2
2025,213,Jaydon Banel,Burnley,MID,1,9,0,0
2025,214,Mike Trésor Ndayishimiye,Burnley,MID,6,37,0,0
2025,215,Zian Flemming,Burnley,FWD,29,1764,11,0
2025,216,Zeki Amdouni,Burnley,FWD,4,69,0,0
2025,217,Lyle Foster,Burnley,FWD,26,1361,3,2
2025,218,Ashley Barnes,Burnley,FWD,7,40,0,0
2025,220,Robert Lynch Sánchez,Chelsea,GK,35,3040,0,1
2025,221,Filip Jörgensen,Chelsea,GK,5,378,0,0
2025,224,Marc Cucurella Saseta,Chelsea,DEF,34,2706,1,4
2025,225,Reece James,Chelsea,DEF,29,1957,2,6
2025,226,Trevoh Chalobah,Chelsea,DEF,34,2780,3,1
2025,227,Levi Samuels Colwill,Chelsea,DEF,3,225,0,0
2025,228,Malo Gusto,Chelsea,DEF,34,2255,2,3
2025,229,Benoît Badiashile Mukinayi,Chelsea,DEF,8,470,0,0
2025,230,Wesley Fofana,Chelsea,DEF,25,1718,0,2
2025,231,Mamadou Sarr,Chelsea,DEF,3,100,0,0
2025,232,Tosin Adarabioyo,Chelsea,DEF,16,788,0,0
2025,233,Josh Acheampong,Chelsea,DEF,17,657,1,0
2025,235,Cole Palmer,Chelsea,MID,26,1954,10,2
2025,236,Pedro Lomba Neto,Chelsea,MID,34,2629,5,7
2025,237,Enzo Fernández,Chelsea,MID,36,3114,10,5
2025,238,Estêvão Almeida de Oliveira Gonçalves,Chelsea,MID,22,839,2,5
2025,239,Jamie Bynoe-Gittens,Chelsea,MID,16,486,0,2
2025,241,Moisés Caicedo Corozo,Chelsea,MID,33,2796,3,1
2025,242,Kiernan Dewsbury-Hall,Everton,MID,31,2629,8,7
2025,243,Tyrique George,Chelsea,MID,4,142,0,0
2025,243,Tyrique George,Everton,MID,11,209,0,0
2025,244,Roméo Lavia,Chelsea,MID,12,374,0,0
2025,246,Andrey Nascimento dos Santos,Chelsea,MID,27,1247,1,0
2025,247,Dário Luís Essugo,Chelsea,MID,3,26,0,0
2025,249,João Pedro Junqueira de Jesus,Chelsea,FWD,35,2658,15,9
2025,250,Liam Delap,Chelsea,FWD,28,1092,1,2
2025,252,Marc Guiu Paz,Chelsea,FWD,8,252,0,1
2025,252,Marc Guiu Paz,Sunderland,FWD,2,13,0,0
2025,253,Dean Henderson,Crystal Palace,GK,37,3330,0,0
2025,254,Walter Benítez,Crystal Palace,GK,1,90,0,0
2025,256,Daniel Muñoz Mejía,Crystal Palace,DEF,29,2400,4,4
2025,257,Maxence Lacroix,Crystal Palace,DEF,35,3085,1,2
2025,258,Tyrick Mitchell,Crystal Palace,DEF,38,3253,1,3
2025,259,Borna Sosa,Crystal Palace,DEF,7,99,0,0
2025,260,Marc Guéhi,Crystal Palace,DEF,20,1800,2,4
2025,260,Marc Guéhi,Man City,DEF,15,1350,1,1
2025,261,Chris Richards,Crystal Palace,DEF,33,2825,1,0
2025,262,Chadi Riad Dnanou,Crystal Palace,DEF,9,550,0,1
2025,263,Nathaniel Clyne,Crystal Palace,DEF,10,592,0,1
2025,266,Eberechi Eze,Arsenal,MID,32,1802,7,3
2025,266,Eberechi Eze,Crystal Palace,MID,1,83,0,0
2025,267,Ismaïla Sarr,Crystal Palace,MID,28,2173,9,2
2025,269,Romain Esse,Crystal Palace,MID,4,40,0,0
2025,270,Will Hughes,Crystal Palace,MID,31,1560,0,1
2025,271,Daichi Kamada,Crystal Palace,MID,28,1899,0,2
2025,272,Jefferson Lerma Solís,Crystal Palace,MID,31,1722,0,5
2025,273,Adam Wharton,Crystal Palace,MID,34,2552,1,6
2025,276,Justin Devenny,Crystal Palace,MID,21,785,1,0
2025,281,Kaden Rodney,Crystal Palace,MID,1,3,0,0
2025,283,Jean-Philippe Mateta,Crystal Palace,FWD,32,2210,12,0
2025,284,Eddie Nketiah,Crystal Palace,FWD,12,414,2,0
2025,285,Odsonne Édouard,Crystal Palace,FWD,1,2,0,0
2025,287,Jordan Pickford,Everton,GK,38,3420,0,0
2025,290,Jarrad Branthwaite,Everton,DEF,10,678,1,1
2025,291,James Tarkowski,Everton,DEF,37,3330,2,3
2025,292,Vitalii Mykolenko,Everton,DEF,33,2959,0,1
2025,293,Jake O'Brien,Everton,DEF,37,3118,1,3
2025,294,Séamus Coleman,Everton,DEF,5,19,0,0
2025,295,Michael Keane,Everton,DEF,33,2588,3,1
2025,296,Nathan Patterson,Everton,DEF,7,238,0,0
2025,299,Iliman Ndiaye,Everton,MID,32,2781,6,3
2025,300,Dwight McNeil,Everton,MID,22,1161,0,3
2025,301,Carlos Alcaraz Durán,Everton,MID,20,679,0,1
2025,302,Idrissa Gana Gueye,Everton,MID,25,2094,2,3
2025,303,James Garner,Everton,MID,38,3413,2,7
2025,304,Tim Iroegbunam,Everton,MID,29,1477,0,3
2025,305,Harrison Armstrong,Everton,MID,13,524,0,0
2025,310,Thierno Barry,Everton,FWD,38,1898,8,0
2025,311,Norberto Bercique Gomes Betuncal,Everton,FWD,37,1551,9,1
2025,314,Bernd Leno,Fulham,GK,38,3420,0,0
2025,316,Antonee Robinson,Fulham,DEF,22,1487,1,0
2025,317,Joachim Andersen,Fulham,DEF,33,2882,0,1
2025,318,Calvin Bassey,Fulham,DEF,30,2532,1,1
2025,319,Timothy Castagne,Fulham,DEF,30,1838,0,2
2025,320,Issa Diop,Fulham,DEF,13,812,1,0
2025,321,Jorge Cuenca Barreno,Fulham,DEF,15,935,0,0
2025,322,Kenny Tete,Fulham,DEF,22,1791,1,0
2025,324,Alex Iwobi,Fulham,MID,29,2420,4,3
2025,325,Emile Smith Rowe,Fulham,MID,37,1909,3,1
2025,326,Adama Traoré Diarra,Fulham,MID,15,261,0,0
2025,326,Adama Traoré Diarra,West Ham,MID,9,115,0,0
2025,328,Ryan Sessegnon,Fulham,MID,27,1816,3,3
2025,329,Harry Wilson,Fulham,MID,36,2674,10,9
2025,330,Sander Berge,Fulham,MID,35,2904,0,3
2025,331,Tom Cairney,Fulham,MID,24,756,2,0
2025,332,Saša Lukić,Fulham,MID,26,1730,1,4
2025,335,Josh King,Fulham,MID,32,1290,1,3
2025,336,Harrison Reed,Fulham,MID,7,89,1,0
2025,337,Raúl Jiménez Rodríguez,Fulham,FWD,36,2183,9,5
2025,338,Rodrigo Muniz Carvalho,Fulham,FWD,21,987,1,1
2025,341,Karl Darlow,Leeds,GK,22,1980,0,0
2025,342,Jayden Bogle,Leeds,DEF,34,2795,1,5
2025,343,Pascal Struijk,Leeds,DEF,34,2935,0,1
2025,344,Jaka Bijol,Leeds,DEF,25,1888,1,3
2025,345,Sebastiaan Bornauw,Leeds,DEF,12,429,0,0
2025,346,Sam Byram,Leeds,DEF,2,8,0,0
2025,347,Gabriel Gudmundsson,Leeds,DEF,32,2637,0,0
2025,348,Joe Rodon,Leeds,DEF,35,2952,2,0
2025,350,Brenden Aaronson,Leeds,MID,37,2449,4,8
2025,351,Wilfried Gnonto,Leeds,MID,23,521,0,3
2025,352,Jack Harrison,Leeds,MID,11,262,0,0
2025,353,Daniel James,Leeds,MID,19,547,0,0
2025,354,Ethan Ampadu,Leeds,MID,35,3119,1,4
2025,356,Ilia Gruev,Leeds,MID,23,1318,0,4
2025,358,Tanaka Ao,Leeds,MID,28,1307,2,1
2025,362,Joël Piroe,Leeds,FWD,16,244,0,0
2025,365,Lukas Nmecha,Leeds,FWD,31,1065,6,1
2025,366,Alisson Becker,Liverpool,GK,26,2340,0,0
2025,367,Giorgi Mamardashvili,Liverpool,GK,10,867,0,0
2025,369,Freddie Woodman,Liverpool,GK,3,212,0,0
2025,370,Jeremie Frimpong,Liverpool,DEF,21,1032,0,5
2025,371,Milos Kerkez,Liverpool,DEF,34,2251,2,1
2025,372,Andrew Robertson,Liverpool,DEF,24,1165,1,0
2025,373,Virgil van Dijk,Liverpool,DEF,38,3420,6,1
2025,374,Ibrahima Konaté,Liverpool,DEF,36,3090,1,0
2025,375,Conor Bradley,Liverpool,DEF,15,928,0,2
2025,376,Joe Gomez,Liverpool,DEF,21,594,0,2
2025,381,Mohamed Salah,Liverpool,MID,27,2144,7,7
2025,382,Florian Wirtz,Liverpool,MID,33,2374,5,4
2025,384,Cody Gakpo,Liverpool,MID,36,2736,7,5
2025,385,Federico Chiesa,Liverpool,MID,26,317,2,1
2025,386,Alexis Mac Allister,Liverpool,MID,37,2654,2,5
2025,387,Dominik Szoboszlai,Liverpool,MID,36,3232,6,7
2025,388,Curtis Jones,Liverpool,MID,34,1923,1,3
2025,389,Harvey Elliott,Aston Villa,MID,4,109,0,0
2025,389,Harvey Elliott,Liverpool,MID,1,1,0,0
2025,390,Ryan Gravenberch,Liverpool,MID,36,2991,5,5
2025,391,Ben Gannon-Doak,Bournemouth,MID,8,105,0,1
2025,392,Endo Wataru,Liverpool,MID,8,170,0,1
2025,396,Trey Nyoni,Liverpool,MID,6,21,0,0
2025,400,Stefan Ortega Moreno,Nott'm Forest,GK,3,270,0,0
2025,402,Rayan Aït-Nouri,Man City,DEF,17,971,0,2
2025,403,Joško Gvardiol,Man City,DEF,18,1370,2,2
2025,405,Nathan Aké,Man City,DEF,18,686,0,0
2025,406,Abdukodir Khusanov,Man City,DEF,21,1427,0,0
2025,407,Matheus Nunes,Man City,DEF,34,2861,1,8
2025,408,Rúben dos Santos Gato Alves Dias,Man City,DEF,26,2139,2,0
2025,409,John Stones,Man City,DEF,9,436,0,0
2025,410,Rico Lewis,Man City,DEF,11,401,0,1
2025,411,Nico O'Reilly,Man City,DEF,34,2643,5,4
2025,413,Omar Marmoush,Man City,MID,21,691,3,3
2025,414,Phil Foden,Man City,MID,33,2078,7,5
2025,415,Sávio Moreira de Oliveira,Man City,MID,24,817,1,2
2025,416,Bernardo Mota Veiga de Carvalho e Silva,Man City,MID,38,2869,2,4
2025,417,Rayan Cherki,Man City,MID,33,1772,4,13
2025,418,Jérémy Doku,Man City,MID,30,1773,5,8
2025,419,Jack Grealish,Everton,MID,20,1627,2,6
2025,421,Rodrigo 'Rodri' Hernandez Cascante,Man City,MID,21,1510,1,1
2025,422,Mateo Kovačić,Man City,MID,6,125,0,1
2025,423,Nico González Iglesias,Man City,MID,25,1561,1,0
2025,424,Oscar Bobb,Fulham,MID,14,566,0,1
2025,424,Oscar Bobb,Man City,MID,9,464,0,1
2025,426,James McAtee,Nott'm Forest,MID,14,288,0,1
2025,427,Tijjani Reijnders,Man City,MID,28,1623,5,3
2025,430,Erling Haaland,Man City,FWD,35,2953,27,8
2025,431,Altay Bayındır,Man United,GK,6,540,0,0
2025,436,Matthijs de Ligt,Man United,DEF,13,1170,1,0
2025,437,Lisandro Martínez,Man United,DEF,18,1229,0,0
2025,438,Noussair Mazraoui,Man United,DEF,20,977,0,0
2025,440,Diogo Dalot Teixeira,Man United,DEF,34,2609,1,6
2025,441,Patrick Dorgu,Man United,DEF,26,1440,4,4
2025,442,Harry Maguire,Man United,DEF,23,1649,1,2
2025,443,Luke Shaw,Man United,DEF,38,3220,1,1
2025,444,Leny Yoro,Man United,DEF,32,1730,0,1
2025,446,Tyler Fredricson,Man United,DEF,1,2,0,0
2025,447,Ayden Heaven,Man United,DEF,17,920,0,1
2025,448,Tyrell Malacia,Man United,DEF,3,15,0,0
2025,449,Bruno Borges Fernandes,Man United,MID,35,3065,9,24
2025,450,Matheus Santos Carneiro da Cunha,Man United,MID,33,2493,10,4
2025,452,Amad Diallo,Man United,MID,32,2339,2,5
2025,453,Alejandro Garnacho Ferreyra,Chelsea,MID,24,1261,1,4
2025,455,Mason Mount,Man United,MID,23,1010,3,0
2025,456,Jadon Sancho,Aston Villa,MID,23,863,0,2
2025,457,Carlos Henrique Casimiro,Man United,MID,34,2575,9,4
2025,458,Kobbie Mainoo,Man United,MID,28,1653,1,2
2025,459,Manuel Ugarte Ribeiro,Man United,MID,22,876,0,0
2025,462,Jack Fletcher,Man United,MID,3,107,0,0
2025,466,Joshua Zirkzee,Man United,FWD,24,607,2,1
2025,469,Nick Pope,Newcastle,GK,27,2416,0,1
2025,470,Martin Dúbravka,Burnley,GK,35,3150,0,0
2025,473,Lewis Hall,Newcastle,DEF,30,2176,1,2
2025,474,Fabian Schär,Newcastle,DEF,16,1089,0,0
2025,475,Sven Botman,Newcastle,DEF,25,1834,1,1
2025,476,Dan Burn,Newcastle,DEF,29,2195,1,3
2025,477,Tino Livramento,Newcastle,DEF,17,1326,0,1
2025,478,Kieran Trippier,Newcastle,DEF,21,1586,0,1
2025,479,Emil Krafth,Newcastle,DEF,1,45,0,0
2025,480,Jamaal Lascelles,Newcastle,DEF,2,19,0,0
2025,481,Alex Murphy,Newcastle,DEF,2,7,0,0
2025,485,Anthony Gordon,Newcastle,MID,26,1798,6,4
2025,486,Anthony Elanga,Newcastle,MID,32,1302,0,1
2025,487,Harvey Barnes,Newcastle,MID,37,1951,7,1
2025,488,Bruno Guimarães Rodriguez Moura,Newcastle,MID,29,2456,9,7
2025,489,Jacob Murphy,Newcastle,MID,33,1606,3,2
2025,490,Joelinton Cássio Apolinário de Lira,Newcastle,MID,27,1950,2,1
2025,491,Sandro Tonali,Newcastle,MID,35,2534,0,2
2025,493,Sean Longstaff,Leeds,MID,23,1003,2,2
2025,494,Joe Willock,Newcastle,MID,24,972,0,2
2025,497,Lewis Miley,Newcastle,MID,23,1493,1,4
2025,499,Alexander Isak,Liverpool,FWD,14,694,3,1
2025,500,William Osula,Newcastle,FWD,24,805,7,1
2025,501,Sean Neave,Newcastle,FWD,1,13,0,0
2025,502,Matz Sels,Nott'm Forest,GK,31,2667,0,0
2025,505,Nikola Milenković,Nott'm Forest,DEF,38,3375,0,1
2025,506,Murillo Costa dos Santos,Nott'm Forest,DEF,25,2130,1,0
2025,507,Ola Aina,Nott'm Forest,DEF,18,1587,0,2
2025,508,Neco Williams,Nott'm Forest,DEF,37,3203,2,3
2025,510,Jair Paula da Cunha Filho,Nott'm Forest,DEF,9,514,0,0
2025,511,Felipe Rodrigues da Silva,Nott'm Forest,DEF,21,1340,1,0
2025,513,Zach Abbott,Nott'm Forest,DEF,3,165,0,0
2025,515,Morgan Gibbs-White,Nott'm Forest,MID,37,3101,15,4
2025,516,Callum Hudson-Odoi,Nott'm Forest,MID,30,1838,3,4
2025,517,Elliot Anderson,Nott'm Forest,MID,38,3332,4,5
2025,518,João Pedro Ferreira da Silva,Nott'm Forest,MID,1,11,0,0
2025,519,Nicolás Domínguez,Nott'm Forest,MID,27,1168,1,1
2025,521,Ibrahim Sangaré,Nott'm Forest,MID,28,2073,2,2
2025,522,Ryan Yates,Nott'm Forest,MID,22,602,0,2
2025,525,Chris Wood,Nott'm Forest,FWD,15,896,3,0
2025,526,Igor Jesus Maciel da Cruz,Nott'm Forest,FWD,37,2293,6,6
2025,527,Taiwo Awoniyi,Nott'm Forest,FWD,17,480,4,2
2025,531,Daniel Ballard,Sunderland,DEF,29,2144,2,2
2025,532,Trai Hume,Sunderland,DEF,38,3032,2,1
2025,535,Dennis Cirkin,Sunderland,DEF,8,319,0,0
2025,539,Luke O'Nien,Sunderland,DEF,12,565,0,1
2025,541,Reinildo Mandava,Sunderland,DEF,25,1966,0,2
2025,542,Jenson Seelt,Sunderland,DEF,2,133,0,0
2025,543,Simon Adingra,Sunderland,MID,14,649,1,1
2025,544,Habib Diarra,Sunderland,MID,20,1403,2,6
2025,545,Patrick Roberts,Sunderland,MID,1,27,0,0
2025,547,Enzo Le Fée,Sunderland,MID,36,2930,5,6
2025,548,Romaine Mundle,Sunderland,MID,14,399,0,0
2025,549,Dan Neil,Sunderland,MID,3,13,0,0
2025,551,Chris Rigg,Sunderland,MID,18,758,1,1
2025,552,Noah Sadiki,Sunderland,MID,33,2891,0,2
2025,553,Chemsdine Talbi,Sunderland,MID,28,1553,4,2
2025,560,Wilson Isidor,Sunderland,FWD,32,1148,6,1
2025,561,Eliezer Mayenda Dossou,Sunderland,FWD,20,751,2,0
2025,565,Guglielmo Vicario,Tottenham,GK,31,2790,0,0
2025,567,Antonín Kinský,Tottenham,GK,7,630,0,0
2025,568,Pedro Porro Sauceda,Tottenham,DEF,34,2793,1,3
2025,569,Cristian Romero,Tottenham,DEF,23,1869,4,1
2025,570,Kevin Danso,Tottenham,DEF,24,1489,0,0
2025,571,Ben Davies,Tottenham,DEF,3,136,1,0
2025,572,Radu Drăgușin,Tottenham,DEF,10,515,0,0
2025,573,Djed Spence,Tottenham,DEF,30,2049,0,0
2025,574,Destiny Udogie,Tottenham,DEF,20,1335,0,1
2025,575,Micky van de Ven,Tottenham,DEF,35,3041,4,1
2025,580,Brennan Johnson,Crystal Palace,MID,18,1108,0,1
2025,580,Brennan Johnson,Tottenham,MID,16,602,2,0
2025,581,James Maddison,Tottenham,MID,3,34,0,0
2025,582,Mohammed Kudus,Tottenham,MID,19,1535,2,6
2025,584,Mathys Tel,Tottenham,MID,31,1334,4,2
2025,585,Rodrigo Bentancur,Tottenham,MID,26,1880,1,1
2025,586,Lucas Bergvall,Tottenham,MID,23,955,1,3
2025,587,Yves Bissouma,Tottenham,MID,11,600,0,0
2025,588,Wilson Odobert,Tottenham,MID,24,972,0,2
2025,591,Archie Gray,Tottenham,MID,24,1471,2,2
2025,593,Pape Matar Sarr,Tottenham,MID,26,1388,2,4
2025,595,Callum Olusesi,Tottenham,MID,1,14,0,0
2025,596,Dominic Solanke-Mitchell,Tottenham,FWD,15,997,3,0
2025,597,Richarlison de Andrade,Tottenham,FWD,32,1954,11,4
2025,599,Dane Scarlett,Tottenham,FWD,2,7,0,0
2025,600,Alphonse Areola,West Ham,GK,20,1800,0,1
2025,603,El Hadji Malick Diouf,West Ham,DEF,32,2706,0,6
2025,605,Maximilian Kilman,West Ham,DEF,21,1559,0,0
2025,606,Konstantinos Mavropanos,West Ham,DEF,31,2532,3,0
2025,607,Nayef Aguerd,West Ham,DEF,2,180,0,0
2025,608,Ollie Scarles,West Ham,DEF,13,656,0,1
2025,609,Jean-Clair Todibo,West Ham,DEF,23,1817,0,1
2025,610,Aaron Wan-Bissaka,West Ham,DEF,25,2080,0,3
2025,612,Lucas Tolentino Coelho de Lima,West Ham,MID,18,1513,4,2
2025,613,Tomáš Souček,West Ham,MID,35,2190,5,2
2025,614,James Ward-Prowse,Burnley,MID,13,678,0,1
2025,614,James Ward-Prowse,West Ham,MID,5,414,0,0
2025,615,Crysencio Summerville,West Ham,MID,31,2470,5,4
2025,618,Guido Rodríguez,West Ham,MID,6,175,0,0
2025,619,Luis Guilherme Lira dos Santos,West Ham,MID,5,121,0,0
2025,620,George Earthy,West Ham,MID,1,8,0,0
2025,621,Andy Irving,West Ham,MID,7,156,0,0
2025,623,Freddie Potts,West Ham,MID,22,1162,0,1
2025,624,Jarrod Bowen,West Ham,FWD,38,3406,9,13
2025,625,Niclas Füllkrug,West Ham,FWD,8,407,0,0
2025,626,Callum Marshall,West Ham,FWD,2,58,0,0
2025,627,Sam Johnstone,Wolves,GK,12,1080,0,0
2025,628,José Malheiro de Sá,Wolves,GK,23,2070,0,0
2025,629,Daniel Bentley,Wolves,GK,3,270,0,0
2025,631,Emmanuel Agbadou,Wolves,DEF,14,1100,0,0
2025,632,Matt Doherty,Wolves,DEF,11,786,0,0
2025,633,Hugo Bueno López,Wolves,DEF,35,2359,1,3
2025,634,Yerson Mosquera Valdelamar,Wolves,DEF,27,2137,0,0
2025,635,Rodrigo Martins Gomes,Wolves,DEF,22,954,3,0
2025,636,Santiago Ignacio Bueno,Wolves,DEF,29,2552,3,2
2025,637,Toti Gomes,Wolves,DEF,19,1423,0,0
2025,638,Ki-Jana Hoever,Wolves,DEF,8,423,0,0
2025,640,Pedro Cardoso de Lima,Wolves,DEF,9,257,0,0
2025,642,Hwang Hee-chan,Wolves,MID,26,1439,2,2
2025,643,André Trindade da Costa Neto,Wolves,MID,35,2760,1,0
2025,644,Jean-Ricner Bellegarde,Wolves,MID,26,1239,1,1
2025,645,Fer López González,Wolves,MID,9,228,0,1
2025,646,João Victor Gomes da Silva,Wolves,MID,35,2829,1,2
2025,648,Marshall Munetsi,Wolves,MID,13,872,1,2
2025,650,Tawanda Chirewa,Wolves,MID,2,25,0,0
2025,651,Tom Edozie,Wolves,MID,3,12,1,0
2025,654,Jørgen Strand Larsen,Crystal Palace,FWD,14,902,3,0
2025,654,Jørgen Strand Larsen,Wolves,FWD,22,1399,1,1
2025,656,Saša Kalajdžić,Wolves,FWD,1,14,0,0
2025,659,Kyle Walker-Peters,West Ham,DEF,23,1378,1,0
2025,660,Anton Stach,Leeds,MID,29,2369,5,6
2025,661,Hugo Ekitiké,Liverpool,FWD,28,1797,11,4
2025,662,Cristhian Mosquera,Arsenal,DEF,20,986,0,0
2025,663,Jhon Arias,Wolves,MID,23,1117,1,0
2025,665,Lucas Estella Perri,Leeds,GK,16,1440,0,0
2025,666,Viktor Gyökeres,Arsenal,FWD,36,2217,14,1
2025,668,Granit Xhaka,Sunderland,MID,34,2901,1,6
2025,669,Dan Ndoye,Nott'm Forest,MID,24,1167,1,2
2025,670,Robin Roefs,Sunderland,GK,35,3150,0,0
2025,671,Callum Wilson,West Ham,FWD,32,1234,7,2
2025,672,Jorrel Hato,Chelsea,DEF,22,1139,0,0
2025,673,João Maria Lobo Alves Palhares Costa Palhinha Gonçalves,Tottenham,MID,33,2192,5,3
2025,674,Aaron Ramsdale,Newcastle,GK,12,1003,0,0
2025,675,Angus Gunn,Nott'm Forest,GK,1,45,0,0
2025,676,Lesley Ugochukwu,Burnley,MID,35,2330,3,3
2025,677,Evann Guessand,Aston Villa,MID,13,583,0,2
2025,677,Evann Guessand,Crystal Palace,MID,8,326,1,1
2025,678,Arthur Masuaku,Sunderland,DEF,3,125,0,0
2025,679,Mads Hermansen,West Ham,GK,18,1620,0,1
2025,680,Armando Broja,Burnley,FWD,24,843,1,1
2025,681,Benjamin Sesko,Man United,FWD,30,1630,11,2
2025,682,David Møller Wolfe,Wolves,DEF,22,1042,0,2
2025,683,Omar Alderete,Sunderland,DEF,33,2797,1,1
2025,684,Malick Thiaw,Newcastle,DEF,35,2963,4,0
2025,685,Bafodé Diakité,Bournemouth,DEF,18,1275,0,0
2025,686,Rio Ngumoha,Liverpool,MID,19,547,2,1
2025,690,Rio Cardines,Crystal Palace,MID,1,90,0,0
2025,691,Dominic Calvert-Lewin,Leeds,FWD,35,2721,14,2
2025,693,Omari Hutchinson,Nott'm Forest,MID,31,1676,1,7
2025,694,Nordi Mukiele,Sunderland,DEF,32,2784,3,5
2025,695,Jackson Tchatchoua,Wolves,DEF,31,1834,0,1
2025,696,Arnaud Kalimuendo,Nott'm Forest,FWD,9,89,0,0
2025,697,Amine Adli,Bournemouth,MID,31,1074,3,2
2025,698,Noah Okafor,Leeds,MID,28,1553,8,3
2025,699,Douglas Luiz Soares de Paulo,Aston Villa,MID,13,599,1,0
2025,699,Douglas Luiz Soares de Paulo,Nott'm Forest,MID,8,314,0,1
2025,700,Max Dowman,Arsenal,MID,6,152,1,1
2025,702,Bradley Burrowes,Aston Villa,MID,1,16,0,0
2025,706,James Justin,Leeds,DEF,29,1893,2,1
2025,707,Tyler Dibling,Everton,MID,14,349,0,0
2025,708,Mateus Gonçalo Espanha Fernandes,West Ham,MID,36,3017,3,4
2025,709,Ladislav Krejcí,Wolves,DEF,28,2356,2,2
2025,712,Yéremy Pino Santos,Crystal Palace,MID,34,2074,2,2
2025,713,Álex Jiménez Sánchez,Bournemouth,DEF,31,2315,1,2
2025,714,Nick Woltemade,Newcastle,FWD,33,1896,8,4
2025,715,John Victor Maciel Furtado,Nott'm Forest,GK,5,437,0,0
2025,716,Nicolò Savona,Nott'm Forest,DEF,14,1025,2,0
2025,717,Xavi Simons,Tottenham,MID,28,1747,2,5
2025,718,Soungoutou Magassa,West Ham,MID,22,971,1,0
2025,719,Victor Lindelöf,Aston Villa,DEF,17,942,0,1
2025,720,Tolu Arokodare,Wolves,FWD,33,1402,3,2
2025,721,Veljko Milosavljevic,Bournemouth,DEF,7,367,0,0
2025,722,Florentino Ibrain Morris Luís,Burnley,MID,31,2100,0,2
2025,723,Jaydee Canvot,Crystal Palace,DEF,20,1331,0,0
2025,724,Lutsharel Geertruida,Sunderland,DEF,28,1681,0,0
2025,725,Piero Hincapié,Arsenal,DEF,25,1787,1,2
2025,726,Randal Kolo Muani,Tottenham,FWD,30,1655,1,1
2025,727,Samuel Chukwueze,Fulham,MID,23,1067,3,4
2025,728,Merlin Röhl,Everton,MID,16,675,1,1
2025,730,Brian Brobbey,Sunderland,FWD,31,1920,7,2
2025,731,Kevin Santos Lopes de Macedo,Fulham,MID,26,1030,1,3
2025,732,Christantus Uche,Crystal Palace,FWD,14,159,0,1
2025,733,Senne Lammens,Man United,GK,32,2880,0,0
2025,734,Dilane Bakwa,Nott'm Forest,MID,14,549,0,2
2025,735,Bertrand Traoré,Sunderland,MID,12,634,1,1
2025,736,Gianluigi Donnarumma,Man City,GK,34,3060,0,0
2025,737,Jonah Kusi-Asare,Fulham,FWD,7,49,0,0
2025,739,Divine Mukasa,Man City,MID,2,25,0,0
2025,744,Nehemiah Oriola,Brighton,MID,1,1,0,0
2025,745,Jun'ai Byfield,Tottenham,DEF,1,1,0,0
2025,747,Ezra Mayers,West Ham,DEF,6,113,0,0
2025,748,Josh Dasilva,Brentford,MID,2,2,0,0
2025,749,Mateus Mané,Wolves,FWD,27,1787,3,2
2025,750,James Rowswell,Tottenham,DEF,1,1,0,0
2025,754,George Hemmings,Aston Villa,MID,2,25,0,0
2025,755,Shea Lacey,Man United,MID,3,40,0,0
2025,758,Mohamadou Kanté,West Ham,MID,11,67,0,0
2025,762,Joél Drakes-Thomas,Crystal Palace,MID,2,7,0,0
2025,769,Bendito Mantato,Man United,MID,1,15,0,0
2025,771,Tyler Fletcher,Man United,MID,2,17,0,0
2025,783,Pascal Groß,Brighton,MID,19,1636,1,6
2025,785,Pablo Felipe Pereira de Jesus,West Ham,FWD,14,819,0,1
2025,791,Valentín Castellanos,West Ham,FWD,18,1384,6,1
2025,792,Alysson Edward Franco da Rocha dos Santos,Aston Villa,MID,3,47,0,0
2025,794,Max Alleyne,Man City,DEF,2,135,0,0
2025,795,Harry Howell,Brighton,MID,3,92,0,0
2025,796,Conor Gallagher,Tottenham,MID,16,1183,1,1
2025,797,Kaye Furo,Brentford,FWD,1,1,0,0
2025,800,Djiamgone Jocelin Ta Bi,Sunderland,MID,1,38,0,0
2025,801,Alex Tóth,Bournemouth,MID,9,135,0,0
2025,804,João Victor de Souza Menezes,Tottenham,DEF,4,142,0,0
2025,805,Lorenzo Lucca,Nott'm Forest,FWD,4,126,1,0
2025,807,Rayan Vitor Simplício Rocha,Bournemouth,MID,15,1110,5,2
2025,808,Tammy Abraham,Aston Villa,FWD,12,278,2,0
2025,809,Jerome Abbey,Wolves,MID,1,16,0,0
2025,812,Melker Ellborg,Sunderland,GK,3,270,0,0
2025,813,Nilson Angulo,Sunderland,MID,8,401,0,0
2025,814,Luca Netz,Nott'm Forest,DEF,7,353,0,0
2025,815,Axel Disasi,West Ham,DEF,14,1254,0,0
2025,816,Angel Gomes,Wolves,MID,12,457,0,0
2025,817,Adam Armstrong,Wolves,FWD,14,1141,2,2
2025,829,Jesse Derry,Chelsea,MID,1,45,0,0
2025,840,Shumaira Mheuka,Chelsea,FWD,1,1,0,0
2026,1,David Raya Martín,Arsenal,GK,1,90,0,0
2026,4,Gabriel dos Santos Magalhães,Arsenal,DEF,1,90,0,0
2026,7,Myles Lewis-Skelly,Arsenal,MID,1,90,0,0
2026,8,Riccardo Calafiori,Arsenal,DEF,1,80,0,1
2026,9,Piero Hincapié,Arsenal,DEF,1,9,0,0
2026,10,Benjamin White,Arsenal,DEF,1,90,0,1
2026,11,Cristhian Mosquera,Arsenal,DEF,1,90,0,0
2026,12,Bukayo Saka,Arsenal,MID,1,67,1,0
2026,13,Declan Rice,Arsenal,MID,1,67,0,0
2026,14,Eberechi Eze,Arsenal,MID,1,14,0,0
2026,15,Martin Ødegaard,Arsenal,MID,1,75,1,0
2026,16,Noni Madueke,Arsenal,MID,1,22,0,0
2026,17,Mikel Merino Zazón,Arsenal,MID,1,14,0,0
2026,19,Martín Zubimendi Ibáñez,Arsenal,MID,1,22,0,0
2026,26,Kai Havertz,Arsenal,FWD,1,90,1,0
2026,29,Marco Bizot,Aston Villa,GK,1,90,0,0
2026,32,Matty Cash,Aston Villa,DEF,1,90,0,0
2026,33,Tyrone Mings,Aston Villa,DEF,1,16,0,0
2026,34,Pau Torres,Aston Villa,DEF,1,73,0,0
2026,35,Lamare Bogarde,Aston Villa,MID,1,16,0,0
2026,36,Ian Maatsen,Aston Villa,DEF,1,81,0,0
2026,37,Victor Lindelöf,Aston Villa,DEF,1,90,0,0
2026,40,Morgan Rogers,Chelsea,MID,1,81,1,0
2026,41,Emiliano Buendía Stati,Aston Villa,MID,1,85,0,0
2026,42,Evann Guessand,Crystal Palace,MID,1,27,0,0
2026,43,Youri Tielemans,Man United,MID,1,66,0,0
2026,45,John McGinn,Aston Villa,MID,1,81,0,0
2026,46,Ross Barkley,Aston Villa,MID,1,73,0,0
2026,47,Boubacar Kamara,Aston Villa,MID,1,90,0,0
2026,51,George Hemmings,Aston Villa,MID,1,90,0,0
2026,52,Alysson Edward Franco da Rocha dos Santos,Aston Villa,MID,1,8,0,0
2026,54,Joao Gomes,Aston Villa,MID,1,39,0,0
2026,57,Đorđe Petrović,Bournemouth,GK,1,90,0,0
2026,60,James Hill,Bournemouth,DEF,1,90,0,0
2026,61,Adrien Truffert,Bournemouth,DEF,1,90,0,0
2026,64,Adam Smith,Bournemouth,DEF,1,90,0,0
2026,67,Rayan Vitor Simplício Rocha,Bournemouth,MID,1,88,0,0
2026,68,Marcus Tavernier,Bournemouth,MID,1,90,1,0
2026,69,Alex Scott,Bournemouth,MID,1,90,0,0
2026,70,Justin Kluivert,Bournemouth,MID,1,74,0,0
2026,71,Lewis Cook,Bournemouth,MID,1,75,0,0
2026,72,Ben Gannon-Doak,Bournemouth,MID,1,1,0,0
2026,73,Tyler Adams,Bournemouth,MID,1,15,0,0
2026,76,Alex Tóth,Bournemouth,MID,1,15,0,0
2026,79,Francisco Evanilson de Lima Barbosa,Bournemouth,FWD,1,74,0,1
2026,82,Caoimhín Kelleher,Brentford,GK,1,90,0,0
2026,84,Nathan Collins,Brentford,DEF,1,90,0,0
2026,86,Keane Lewis-Potter,Brentford,MID,1,90,1,0
2026,87,Kristoffer Ajer,Brentford,DEF,1,90,0,0
2026,88,Michael Kayode,Brentford,DEF,1,75,1,0
2026,90,Aaron Hickey,Brentford,DEF,1,14,0,0
2026,94,Kevin Schade,Brentford,MID,1,90,0,0
2026,95,Dango Ouattara,Brentford,MID,1,66,0,0
2026,96,Mikkel Damsgaard,Brentford,MID,1,14,0,0
2026,97,Mathias Jensen,Brentford,MID,1,66,0,1
2026,98,Vitaly Janelt,Brentford,MID,1,90,1,0
2026,102,Yehor Yarmoliuk,Brentford,MID,1,23,0,0
2026,104,Frank Onyeka,Coventry,MID,1,90,0,0
2026,105,Jaidon Anthony,Brentford,MID,1,23,0,0
2026,106,Igor Thiago Nascimento Rodrigues,Brentford,FWD,1,82,0,0
2026,108,Callum Wilson,Brentford,FWD,1,7,0,0
2026,109,Bart Verbruggen,Brighton,GK,1,90,0,0
2026,110,Carl Rushworth,Coventry,GK,1,90,0,0
2026,112,Jan Paul van Hecke,Tottenham,DEF,1,90,0,0
2026,114,Olivier Boscagli,Brighton,DEF,1,90,0,0
2026,115,Maxim De Cuyper,Brighton,DEF,1,77,1,1
2026,116,Lewis Dunk,Brighton,DEF,1,90,0,0
2026,119,João Pedro Loureiro da Costa,Brighton,DEF,1,26,0,0
2026,123,Jack Hinshelwood,Brighton,MID,1,63,2,0
2026,124,Pascal Groß,Brighton,MID,1,90,0,0
2026,125,Georginio Rutter,Brighton,FWD,1,90,0,1
2026,127,Diego Gómez Amarilla,Brighton,MID,1,85,0,1
2026,129,Yasin Ayari,Brighton,MID,1,63,0,0
2026,130,Mats Wieffer,Brighton,DEF,1,77,0,0
2026,135,Zadok Yohanna,Brighton,MID,1,12,0,0
2026,138,Charalampos Kostoulas,Brighton,FWD,1,26,0,0
2026,140,Robert Lynch Sánchez,Chelsea,GK,1,90,0,0
2026,142,Reece James,Chelsea,DEF,1,90,0,0
2026,144,Malo Gusto,Chelsea,DEF,1,75,0,0
2026,148,Jorrel Hato,Chelsea,DEF,1,64,0,0
2026,149,Levi Samuels Colwill,Chelsea,DEF,1,90,0,0
2026,151,Josh Acheampong,Chelsea,DEF,1,90,0,0
2026,154,Cole Palmer,Chelsea,MID,1,82,1,1
2026,155,Enzo Fernández,Chelsea,MID,1,25,0,0
2026,156,Pedro Lomba Neto,Chelsea,MID,1,14,0,0
2026,157,Estêvão Almeida de Oliveira Gonçalves,Chelsea,MID,1,7,0,0
2026,160,Alejandro Garnacho Ferreyra,Aston Villa,MID,1,4,0,0
2026,161,Roméo Lavia,Chelsea,MID,1,64,0,0
2026,162,Andrey Nascimento dos Santos,Man United,MID,1,66,0,0
2026,164,Geovany Quenda,Chelsea,MID,1,8,0,0
2026,165,João Pedro Junqueira de Jesus,Chelsea,FWD,1,90,1,1
2026,173,Bobby Thomas,Coventry,DEF,1,90,0,0
2026,175,Milan van Ewijk,Coventry,DEF,1,90,0,0
2026,176,Jay Dasilva,Coventry,DEF,1,90,0,0
2026,182,Aurèle Amenda,Coventry,DEF,1,90,0,0
2026,183,Jack Rudoni,Coventry,MID,1,20,0,0
2026,184,Matt Grimes,Coventry,MID,1,90,0,0
2026,188,Victor Torp,Coventry,MID,1,28,0,0
2026,190,Loum Tchaouna,Coventry,MID,1,81,0,0
2026,194,Brandon Thomas-Asante,Coventry,FWD,1,69,0,0
2026,195,Ellis Simms,Coventry,FWD,1,69,0,0
2026,198,Dean Henderson,Crystal Palace,GK,1,90,0,0
2026,200,Maxence Lacroix,Chelsea,DEF,1,90,0,1
2026,201,Daniel Muñoz Mejía,Crystal Palace,DEF,1,54,0,0
2026,202,Chris Richards,Crystal Palace,DEF,1,90,0,0
2026,203,Jaydee Canvot,Crystal Palace,DEF,1,90,0,0
2026,204,Tyrick Mitchell,Crystal Palace,DEF,1,90,0,0
2026,206,Chadi Riad Dnanou,Crystal Palace,DEF,1,72,0,0
2026,209,Brennan Johnson,Everton,MID,1,6,0,0
2026,210,Adam Wharton,Crystal Palace,MID,1,90,0,0
2026,211,Yéremy Pino Santos,Crystal Palace,MID,1,35,0,0
2026,214,Daichi Kamada,Crystal Palace,MID,1,90,0,0
2026,222,Jørgen Strand Larsen,Crystal Palace,FWD,1,27,0,0
2026,223,Jean-Philippe Mateta,Crystal Palace,FWD,1,62,0,0
2026,224,Eddie Nketiah,Crystal Palace,FWD,1,55,0,0
2026,226,Jordan Pickford,Everton,GK,1,90,0,0
2026,229,James Tarkowski,Everton,DEF,1,90,0,0
2026,230,Jarrad Branthwaite,Everton,DEF,1,90,0,0
2026,233,Vitalii Mykolenko,Everton,DEF,1,90,0,0
2026,236,Kiernan Dewsbury-Hall,Everton,MID,1,90,1,0
2026,237,Iliman Ndiaye,Everton,MID,1,90,0,1
2026,238,Jack Grealish,Man City,MID,1,8,0,0
2026,239,James Garner,Everton,MID,1,11,0,0
2026,241,Dwight McNeil,Crystal Palace,MID,1,62,0,0
2026,242,Tyrique George,Everton,MID,1,83,0,0
2026,243,Carlos Alcaraz Durán,Everton,MID,1,1,0,0
2026,244,Harrison Armstrong,Everton,MID,1,90,0,1
2026,246,Merlin Röhl,Everton,MID,1,90,0,0
2026,247,Hayden Hackney,Everton,MID,1,78,0,0
2026,248,Norberto Bercique Gomes Betuncal,Everton,FWD,1,11,0,0
2026,249,Thierno Barry,Everton,FWD,1,78,1,0
2026,250,Bernd Leno,Fulham,GK,1,90,0,0
2026,254,Antonee Robinson,Fulham,DEF,1,81,0,0
2026,255,Jorge Cuenca Barreno,Fulham,DEF,1,90,0,0
2026,257,Calvin Bassey,Fulham,DEF,1,90,0,0
2026,258,Timothy Castagne,Fulham,DEF,1,90,0,2
2026,259,Issa Diop,Ipswich,DEF,1,90,0,0
2026,260,Harry Wilson,Leeds,MID,1,65,0,0
2026,261,Alex Iwobi,Fulham,MID,1,90,0,0
2026,263,Kevin Santos Lopes de Macedo,Fulham,MID,1,17,0,0
2026,264,Oscar Bobb,Fulham,MID,1,66,0,0
2026,265,Sander Berge,Fulham,MID,1,72,0,0
2026,267,Saša Lukić,Ipswich,MID,1,90,0,1
2026,268,Josh King,Fulham,MID,1,90,1,0
2026,269,Ryan Sessegnon,Fulham,DEF,1,17,0,0
2026,271,Rodrigo Muniz Carvalho,Fulham,FWD,1,8,0,0
2026,277,John Egan,Hull,DEF,1,90,0,0
2026,279,Semi Ajayi,Hull,DEF,1,63,1,0
2026,280,Lewie Coyle,Hull,DEF,1,69,0,0
2026,281,Cody Drameh,Hull,DEF,1,20,0,0
2026,282,Ryan Giles,Hull,DEF,1,84,0,0
2026,285,Paddy McNair,Hull,DEF,1,26,0,0
2026,286,Mohamed Belloumi,Hull,MID,1,90,0,0
2026,287,Liam Millar,Hull,MID,1,19,0,0
2026,289,Matt Crooks,Hull,MID,1,90,0,0
2026,290,Regan Slater,Hull,MID,1,90,0,1
2026,295,Oli McBurnie,Hull,FWD,1,90,0,1
2026,304,Dara O'Shea,Ipswich,DEF,1,90,0,0
2026,305,Leif Davis,Ipswich,DEF,1,90,0,0
2026,306,Jacob Greaves,Ipswich,DEF,1,90,0,0
2026,309,Marcelino Núñez,Ipswich,MID,1,79,0,0
2026,313,Jack Clarke,Ipswich,MID,1,19,1,0
2026,315,Abdul Fatawu,Ipswich,MID,1,65,0,0
2026,316,Emersonn Correia da Silva,Ipswich,FWD,1,65,1,0
2026,320,Chuba Akpom,Ipswich,FWD,1,24,0,0
2026,321,Sindre Walle Egeli,Ipswich,FWD,1,10,0,0
2026,323,Kasey McAteer,Ipswich,MID,1,24,0,0
2026,327,Jaka Bijol,Leeds,DEF,1,90,0,0
2026,329,Joe Rodon,Leeds,DEF,1,90,0,0
2026,330,Jayden Bogle,Leeds,DEF,1,90,0,0
2026,332,James Justin,Leeds,DEF,1,90,0,0
2026,334,Tarik Muharemović,Leeds,DEF,1,90,0,0
2026,335,Anton Stach,Leeds,MID,1,90,1,0
2026,336,Noah Okafor,Leeds,MID,1,24,0,0
2026,337,Brenden Aaronson,Leeds,MID,1,81,0,0
2026,338,Ethan Ampadu,Leeds,MID,1,90,0,0
2026,339,Sean Longstaff,Leeds,MID,1,8,0,0
2026,346,Dominic Calvert-Lewin,Leeds,FWD,1,90,0,0
2026,350,Alisson Becker,Liverpool,GK,1,90,0,0
2026,356,Virgil van Dijk,Liverpool,DEF,1,90,0,0
2026,357,Jeremie Frimpong,Liverpool,DEF,1,90,0,0
2026,358,Milos Kerkez,Liverpool,DEF,1,90,0,0
2026,362,Jeremy Jacquet,Liverpool,DEF,1,69,0,0
2026,366,Florian Wirtz,Liverpool,MID,1,62,0,0
2026,367,Cody Gakpo,Liverpool,MID,1,90,1,0
2026,368,Dominik Szoboszlai,Liverpool,MID,1,90,1,0
2026,369,Rio Ngumoha,Liverpool,MID,1,62,0,0
2026,371,Ryan Gravenberch,Liverpool,MID,1,77,0,1
2026,372,Alexis Mac Allister,Liverpool,MID,1,27,0,0
2026,377,Victor Munoz,Liverpool,MID,1,27,0,1
2026,379,Alexander Isak,Liverpool,FWD,1,90,0,0
2026,381,Lewis Koumas,Liverpool,MID,1,12,0,0
2026,384,Gianluigi Donnarumma,Man City,GK,1,90,0,0
2026,385,James Trafford,Leeds,GK,1,90,0,0
2026,387,Nico O'Reilly,Man City,DEF,1,62,0,0
2026,388,Marc Guéhi,Man City,DEF,1,90,1,0
2026,389,Matheus Nunes,Man City,DEF,1,33,0,0
2026,390,Rúben dos Santos Gato Alves Dias,Man City,DEF,1,90,0,0
2026,391,Joško Gvardiol,Man City,DEF,1,90,1,0
2026,393,Abdukodir Khusanov,Man City,DEF,1,90,0,0
2026,395,Rico Lewis,Man City,DEF,1,56,0,0
2026,397,Antoine Semenyo,Man City,MID,1,90,0,0
2026,398,Phil Foden,Man City,MID,1,81,0,0
2026,399,Rayan Cherki,Man City,MID,1,27,0,2
2026,406,Mateo Kovačić,Man City,MID,1,27,0,0
2026,411,Erling Haaland,Man City,FWD,1,90,0,0
2026,412,Senne Lammens,Man United,GK,1,90,0,0
2026,415,Patrick Dorgu,Man United,MID,1,45,0,0
2026,417,Diogo Dalot Teixeira,Man United,DEF,1,10,0,0
2026,418,Harry Maguire,Man United,DEF,1,90,0,0
2026,421,Ayden Heaven,Man United,DEF,1,90,0,0
2026,422,Noussair Mazraoui,Man United,DEF,1,79,0,0
2026,423,Luke Shaw,Man United,DEF,1,90,0,0
2026,426,Bruno Borges Fernandes,Man United,MID,1,90,0,0
2026,427,Bryan Mbeumo,Man United,MID,1,90,0,0
2026,428,Matheus Santos Carneiro da Cunha,Man United,MID,1,79,0,0
2026,429,Marcus Rashford,Man United,MID,1,45,0,0
2026,432,Kobbie Mainoo,Man United,MID,1,23,0,0
2026,435,Shea Lacey,Man United,MID,1,10,0,0
2026,439,Benjamin Sesko,Man United,FWD,1,23,0,0
2026,445,Malick Thiaw,Newcastle,DEF,1,90,0,0
2026,446,Fabian Schär,Newcastle,DEF,1,1,0,0
2026,447,Sven Botman,Newcastle,DEF,1,90,0,0
2026,449,Lewis Hall,Newcastle,DEF,1,90,0,0
2026,453,Harvey Barnes,Newcastle,MID,1,90,0,0
2026,454,Anthony Elanga,Newcastle,MID,1,75,1,0
2026,455,Sandro Tonali,Tottenham,MID,1,90,0,0
2026,456,Jacob Ramsey,Newcastle,MID,1,34,0,0
2026,457,Jacob Murphy,Newcastle,MID,1,14,0,0
2026,459,Lewis Miley,Newcastle,MID,1,75,0,0
2026,460,Joe Willock,Newcastle,MID,1,34,1,0
2026,462,Sean Steur,Newcastle,MID,1,55,0,0
2026,464,Yoane Wissa,Newcastle,FWD,1,90,0,1
2026,465,William Osula,Newcastle,FWD,1,55,0,1
2026,467,Matz Sels,Nott'm Forest,GK,1,90,0,0
2026,469,Neco Williams,Nott'm Forest,DEF,1,90,0,0
2026,471,Nikola Milenković,Nott'm Forest,DEF,1,90,0,0
2026,472,Murillo Costa dos Santos,Nott'm Forest,DEF,1,90,0,0
2026,473,Ola Aina,Nott'm Forest,DEF,1,73,0,0
2026,474,Jair Paula da Cunha Filho,Nott'm Forest,DEF,1,90,0,0
2026,478,Luca Netz,Nott'm Forest,DEF,1,16,0,0
2026,480,Morgan Gibbs-White,Nott'm Forest,MID,1,90,0,0
2026,481,Elliot Anderson,Man City,MID,1,62,0,0
2026,483,Dan Ndoye,Nott'm Forest,MID,1,61,0,0
2026,486,James McAtee,Nott'm Forest,MID,1,73,0,0
2026,488,Ibrahim Sangaré,Nott'm Forest,MID,1,90,0,0
2026,490,Chris Wood,Nott'm Forest,FWD,1,28,0,0
2026,491,Igor Jesus Maciel da Cruz,Nott'm Forest,FWD,1,90,0,0
2026,492,Taiwo Awoniyi,Coventry,FWD,1,20,0,0
2026,493,Arnaud Kalimuendo,Nott'm Forest,FWD,1,1,0,0
2026,496,Antonín Kinský,Tottenham,GK,1,90,0,0
2026,498,Marcos Senesi Barón,Tottenham,DEF,1,90,0,0
2026,502,Andrew Robertson,Tottenham,DEF,1,90,0,0
2026,504,Luka Vušković,Brighton,DEF,1,90,0,0
2026,506,Destiny Udogie,Tottenham,DEF,1,4,0,0
2026,514,Mathys Tel,Tottenham,MID,1,90,0,0
2026,515,James Maddison,Tottenham,MID,1,22,0,0
2026,516,Rodrigo Bentancur,Tottenham,MID,1,45,0,0
2026,519,Conor Gallagher,Tottenham,MID,1,45,0,0
2026,520,Lucas Bergvall,Tottenham,MID,1,45,0,0
2026,522,Archie Gray,Tottenham,MID,1,85,0,0
2026,523,Mikey Moore,Tottenham,MID,1,67,0,0
2026,525,Mateus Fernandes,Tottenham,MID,1,45,0,0
2026,526,Dominic Solanke-Mitchell,Tottenham,FWD,1,22,0,0
2026,527,Richarlison de Andrade,Tottenham,FWD,1,67,0,0
2026,529,Robin Roefs,Sunderland,GK,1,90,0,0
2026,532,Daniel Ballard,Sunderland,DEF,1,90,0,0
2026,534,Trai Hume,Sunderland,DEF,1,79,0,0
2026,535,Omar Alderete,Sunderland,DEF,1,23,0,0
2026,536,Reinildo Mandava,Sunderland,DEF,1,90,0,0
2026,539,Luke O'Nien,Sunderland,DEF,1,66,0,0
2026,541,Thomas Meunier,Sunderland,DEF,1,90,0,0
2026,542,Enzo Le Fée,Sunderland,MID,1,79,0,0
2026,543,Habib Diarra,Sunderland,MID,1,10,0,0
2026,544,Granit Xhaka,Sunderland,MID,1,90,0,1
2026,545,Noah Sadiki,Sunderland,MID,1,90,0,0
2026,548,Chris Rigg,Sunderland,MID,1,10,0,0
2026,549,Chemsdine Talbi,Sunderland,MID,1,31,0,0
2026,551,Nilson Angulo,Sunderland,MID,1,58,1,0
2026,552,Brian Brobbey,Sunderland,FWD,1,66,0,0
2026,553,Wilson Isidor,Sunderland,FWD,1,23,0,0
2026,556,Matt Targett,Hull,DEF,1,5,0,0
2026,557,Christos Tzolis,Arsenal,MID,1,75,0,1
2026,558,Xaver Schlager,Nott'm Forest,MID,1,16,0,0
2026,559,Aladji Bamba,Newcastle,MID,1,14,0,0
2026,562,Daizen Maeda,Ipswich,MID,1,79,0,0
2026,564,Kjell Scherpen,Ipswich,GK,1,90,0,0
2026,565,Mamadou Sangaré,Brentford,MID,1,75,0,2
2026,566,António João Pereira de Albuquerque Tavares da Silva,Bournemouth,DEF,1,90,0,0
2026,567,Lukás Hornícek,Newcastle,GK,1,90,0,0
2026,569,Gonzalo García,Fulham,FWD,1,90,1,0
2026,570,César Palacios,Fulham,MID,1,72,0,0
2026,572,Konstantinos Tzolakis,Hull,GK,1,90,0,0
2026,575,Caleb Yirenkyi,Coventry,MID,1,61,0,0
2026,576,Elliot Stroud,Hull,MID,1,70,0,0
2026,577,Takehiro Tomiyasu,Crystal Palace,DEF,1,18,0,0
2026,579,Ronald Araujo,Liverpool,DEF,1,20,0,0
2026,580,Shea Charles,Fulham,MID,1,23,0,0
2026,583,Pep Chavarría,Chelsea,DEF,1,25,0,0
2026,584,Gustavo Hamer,Coventry,MID,1,8,0,0
2026,585,Lucas Herrington,Hull,DEF,1,26,0,0
2026,586,Nobel Mendy,Hull,DEF,1,63,1,0
2026,588,Anan Khalaili,Crystal Palace,DEF,1,35,0,0
2026,591,Julio Enciso,Ipswich,MID,1,70,0,1
2026,592,Abdoul Ouattara,Ipswich,DEF,1,10,0,0
2026,593,Amar Dedic,Newcastle,DEF,1,90,0,0
2026,596,Matteo Ruggeri,Aston Villa,DEF,1,8,0,0
2026,600,Ibrahim Osman,Brighton,MID,1,12,0,0
2026,605,Malick Yalcouyé,Brighton,MID,1,4,0,0
2026,608,Daniel Jebbison,Bournemouth,FWD,1,15,0,0
